address,size,name,system,status
0x100008,160,entry,runtime,host
0x1000a8,8,FUN_001000a8,,not started
0x1000b8,36,FUN_001000b8,boarder?,not started
0x1000e0,1140,FUN_001000e0,boarder?,not started
0x100558,40,FUN_00100558,world?,not started
0x100580,20,FUN_00100580,ai?,not started
0x100598,876,FUN_00100598,boarder?,not started
0x100908,6224,SpinState_Update,boarder,ported
0x102158,1704,SpinState_StartFromStick,boarder,ported
0x102800,464,FUN_00102800,boarder?,not started
0x1029d0,1008,FUN_001029d0,boarder?,not started
0x102dc0,40,FUN_00102dc0,world?,not started
0x102de8,20,FUN_00102de8,ai?,not started
0x102e80,208,Quat_Multiply,boarder?,not started
0x102f50,44,Vec4_Scale,common?,not started
0x102f80,44,FUN_00102f80,common?,not started
0x102fb0,24,FUN_00102fb0,boarder?,not started
0x102fc8,1012,FUN_00102fc8,boarder?,not started
0x1033c0,16,FUN_001033c0,boarder?,not started
0x1033d0,656,FUN_001033d0,boarder?,not started
0x103660,1316,Ride_AITauntCheck,boarder?,ported
0x103b88,752,FUN_00103b88,boarder?,not started
0x103e78,40,FUN_00103e78,world?,not started
0x103ea0,20,FUN_00103ea0,ai?,not started
0x103eb8,376,FUN_00103eb8,boarder?,not started
0x104030,324,FUN_00104030,boarder?,not started
0x104178,24,FUN_00104178,boarder?,not started
0x104190,28,FUN_00104190,boarder?,not started
0x1041b0,472,FUN_001041b0,boarder?,not started
0x104388,48,FUN_00104388,boarder?,not started
0x1043b8,40,FUN_001043b8,world?,not started
0x1043e0,20,FUN_001043e0,ai?,not started
0x104688,40,FUN_00104688,boarder?,not started
0x1046b0,204,FUN_001046b0,boarder?,not started
0x104790,108,FUN_00104790,boarder?,not started
0x104800,416,FUN_00104800,boarder?,not started
0x1049a0,88,FUN_001049a0,boarder?,not started
0x1049f8,1088,FUN_001049f8,boarder?,not started
0x104e38,44,FUN_00104e38,boarder?,not started
0x104e68,452,FUN_00104e68,boarder?,not started
0x105030,40,FUN_00105030,world?,not started
0x105058,20,FUN_00105058,ai?,not started
0x105070,120,FUN_00105070,boarder?,not started
0x1050e8,1212,PrewindState_Update,boarder,ported
0x1055a8,68,FUN_001055a8,boarder?,not started
0x1055f0,1136,FUN_001055f0,boarder?,not started
0x105a60,112,PrewindState_SetWindTarget,boarder,not started
0x105ad0,40,FUN_00105ad0,world?,not started
0x105af8,20,FUN_00105af8,ai?,not started
0x105b10,124,FUN_00105b10,boarder?,not started
0x105b90,44,FUN_00105b90,boarder?,not started
0x105bc0,160,FUN_00105bc0,boarder?,not started
0x105c60,288,FUN_00105c60,boarder?,not started
0x105d80,60,FUN_00105d80,race?,not started
0x105dc0,388,FUN_00105dc0,boarder?,not started
0x105f48,16,FUN_00105f48,boarder?,not started
0x105f58,484,FUN_00105f58,boarder?,not started
0x106140,168,FUN_00106140,boarder?,not started
0x1061e8,40,FUN_001061e8,world?,not started
0x106210,20,FUN_00106210,ai?,not started
0x106228,132,FUN_00106228,boarder?,not started
0x1062b0,464,FUN_001062b0,boarder?,not started
0x106480,124,FUN_00106480,boarder?,not started
0x106500,60,FUN_00106500,boarder?,not started
0x106548,124,FUN_00106548,boarder?,not started
0x1065c8,36,FUN_001065c8,boarder?,not started
0x1065f0,16,FUN_001065f0,boarder?,not started
0x106600,100,FUN_00106600,boarder?,not started
0x106668,916,FinishState_Update,boarder,ported
0x106a00,40,FUN_00106a00,world?,not started
0x106a28,20,FUN_00106a28,ai?,not started
0x106a48,60,FUN_00106a48,game?,not started
0x106a90,580,ResetState_Update,boarder,not started
0x106cd8,40,FUN_00106cd8,world?,not started
0x106d00,20,FUN_00106d00,ai?,not started
0x106dc0,8,FUN_00106dc0,boarder?,not started
0x106dc8,1560,FUN_00106dc8,scoring?,not started
0x1073e0,524,RailSlideControl_Update,boarder,ported
0x1075f0,52,FUN_001075f0,boarder?,not started
0x107628,260,FUN_00107628,boarder?,not started
0x107730,2200,FUN_00107730,boarder?,not started
0x107fc8,132,FUN_00107fc8,boarder?,not started
0x108050,40,FUN_00108050,world?,not started
0x108078,20,FUN_00108078,ai?,not started
0x108110,44,FUN_00108110,boarder?,not started
0x108198,228,GetUpState_Update,wipeout,ported
0x108280,12,FUN_00108280,boarder?,not started
0x108310,88,FUN_00108310,boarder?,not started
0x108368,16,FUN_00108368,boarder?,not started
0x108378,3980,AirMotion_Update,boarder,not started
0x109308,864,Landing_ChooseState,boarder,ported
0x109668,40,FUN_00109668,world?,not started
0x109690,20,FUN_00109690,ai?,not started
0x1097f8,44,FUN_001097f8,boarder?,not started
0x109858,32,FUN_00109858,wipeout?,not started
0x109878,212,Boarder_GroundSpringForce,boarder,checked
0x109950,872,Boarder_GroundThrust,boarder,checked
0x109cb8,576,Boarder_ForwardDrag,boarder,checked
0x109ef8,476,Boarder_SideFriction,boarder,checked
0x10a0d8,3568,GroundMotion_Update,boarder,ported
0x10aec8,12,FUN_0010aec8,wipeout?,not started
0x10aed8,40,FUN_0010aed8,world?,not started
0x10af00,20,FUN_0010af00,ai?,not started
0x10afb0,44,FUN_0010afb0,boarder?,not started
0x10afe8,124,FUN_0010afe8,boarder?,not started
0x10b068,40,FUN_0010b068,wipeout?,not started
0x10b090,60,FUN_0010b090,wipeout?,not started
0x10b0d0,3984,RailSlideMotion_Update,boarder,ported
0x10c060,40,FUN_0010c060,world?,not started
0x10c088,20,FUN_0010c088,ai?,not started
0x10c120,24,Vec4_Set,boarder?,not started
0x10c138,44,FUN_0010c138,,not started
0x10c198,340,WipeoutMotion_Enter,wipeout,ported
0x10c2f0,5004,WipeoutMotion_Update,wipeout,ported
0x10d680,116,FUN_0010d680,frontend?,not started
0x10d6f8,992,Ragdoll_ComputeMassProps,wipeout,ported
0x10dad8,460,Ragdoll_InitFromBoarder,wipeout,ported
0x10dca8,1252,Ragdoll_Step,wipeout,ported
0x10e190,2616,Ragdoll_Contacts,wipeout,ported
0x10ebc8,8,FUN_0010ebc8,wipeout?,not started
0x10ebd0,408,FUN_0010ebd0,world?,not started
0x10ed68,1040,FUN_0010ed68,world?,not started
0x10f178,2088,Wipeout_StartGetUp,wipeout,ported
0x10f9a0,740,Wipeout_PlayImpactClip,wipeout,ported
0x10fd58,1124,Ragdoll_GroundProbe,wipeout,ported
0x1101c0,88,FUN_001101c0,world?,not started
0x110218,68,FUN_00110218,ai?,not started
0x110260,44,FUN_00110260,boarder?,not started
0x110290,56,FUN_00110290,boarder?,not started
0x1102c8,1192,GetUpMotion_Update,wipeout,ported
0x110770,40,FUN_00110770,world?,not started
0x110798,20,FUN_00110798,ai?,not started
0x110830,8,FUN_00110830,,not started
0x110838,16,FUN_00110838,world?,not started
0x110860,8,FUN_00110860,world?,not started
0x110868,44,FUN_00110868,world?,not started
0x110898,8,FUN_00110898,world?,not started
0x1108d0,32,FUN_001108d0,world?,not started
0x1108f0,144,cAI::vf10_1108f0,ai,not started
0x110980,44,FUN_00110980,race?,not started
0x1109b0,140,FUN_001109b0,race?,not started
0x110a40,116,FUN_00110a40,race?,not started
0x110ab8,316,FUN_00110ab8,race?,not started
0x110bf8,812,cAI::vf11_110bf8,ai,not started
0x110f28,120,FUN_00110f28,ai?,not started
0x110fa0,356,cAI::vf13_110fa0,ai,not started
0x111108,964,cAI::vf14_111108,ai,not started
0x1114d0,144,cAI::vf15_1114d0,ai,not started
0x111560,424,cAI::vf16_111560,ai,not started
0x111708,44,cAI::vf18_111708,ai,not started
0x111738,180,cAI::vf19_111738,ai,not started
0x1117f0,44,FUN_001117f0,game?,not started
0x111820,3376,cAI::vf17_111820,ai,not started
0x112550,56,cAI::vf12_112550,ai,not started
0x1125a0,40,cAI::vf9_1125a0,ai,not started
0x1125c8,292,FUN_001125c8,ai?,not started
0x1126f0,160,cAI::vf1_1126f0,ai,not started
0x112790,76,cAI::vf7_112790,ai,not started
0x1127e0,100,cAI::vf8_1127e0,ai,not started
0x112848,108,FUN_00112848,game?,not started
0x1128b8,104,FUN_001128b8,boarder?,not started
0x112920,460,FUN_00112920,race?,not started
0x112af0,152,FUN_00112af0,race?,not started
0x112b88,388,cPreRaceHandler::vf0_112b88,race,not started
0x112d10,1876,cPreRaceHandler::vf2_112d10,race,not started
0x113468,16,cPreRaceHandler::vf1_113468,race,not started
0x113478,68,cStartRaceHandler::vf0_113478,game,not started
0x1134a0,48,cStartRaceHandler::vf2_1134a0,game,not started
0x1134d0,80,cStartRaceHandler::vf1_1134d0,game,not started
0x113520,224,cCountdownHandler::vf0_113520,game,not started
0x113600,312,cCountdownHandler::vf2_113600,game,not started
0x113738,8,cCountdownHandler::vf1_113738,game,not started
0x113740,224,cRaceHandler::vf0_113740,race,not started
0x113820,612,cRaceHandler::vf2_113820,race,not started
0x113a88,292,FUN_00113a88,boarder?,not started
0x113bb0,12,FUN_00113bb0,frontend?,not started
0x113bc0,12,FUN_00113bc0,race?,not started
0x113bd0,12,FUN_00113bd0,race?,not started
0x113be0,12,FUN_00113be0,race?,not started
0x113bf0,112,FUN_00113bf0,race?,not started
0x113c60,136,FUN_00113c60,race?,not started
0x113ce8,112,FUN_00113ce8,race?,not started
0x113d58,180,FUN_00113d58,race?,not started
0x113e10,932,cEndRaceHandler::vf0_113e10,race,not started
0x1141e0,1224,cEndRaceHandler::Update,race,ported
0x1146a8,8,cEndRaceHandler::vf1_1146a8,race,not started
0x1146b0,128,cPreAI::vf1_1146b0,boarder?,not started
0x114730,196,cPostAI::vf1_114730,boarder?,not started
0x1147f8,212,FUN_001147f8,camera?,not started
0x1148d0,20,FUN_001148d0,,not started
0x1148e8,96,FUN_001148e8,,not started
0x114948,284,FUN_00114948,,not started
0x114a68,20,cPostAI::vf0_114a68,world?,not started
0x114ab8,80,cPostAI::__tf,runtime,host
0x114b08,20,cPreAI::vf0_114b08,world?,not started
0x114b58,80,cPreAI::__tf,runtime,host
0x114c00,208,FUN_00114c00,frontend?,not started
0x114cd0,92,cAI::__tf,runtime,host
0x114d30,100,cAI::vf0_114d30,ai,not started
0x114d98,80,cEndRaceHandler::__tf,runtime,host
0x114de8,80,cRaceHandler::__tf,runtime,host
0x114e38,80,cStartRaceHandler::__tf,runtime,host
0x114e88,80,cCountdownHandler::__tf,runtime,host
0x114ed8,80,cPreRaceHandler::__tf,runtime,host
0x114f28,8,cReplayEndRaceHandler::vf1_114f28,game,not started
0x114f30,64,FUN_00114f30,game?,not started
0x114f70,16,FUN_00114f70,game?,not started
0x114f80,60,FUN_00114f80,game?,not started
0x114fc0,116,cAIState::__tf,runtime,host
0x115038,8,cReplayEndRaceHandler::vf2_115038,game,not started
0x115040,8,cReplayEndRaceHandler::vf0_115040,game,not started
0x115048,80,FUN_00115048,game?,not started
0x115098,8,cSelectLessonHandler::vf2_115098,game,not started
0x1150a0,8,cSelectLessonHandler::vf1_1150a0,game,not started
0x1150a8,8,cSelectLessonHandler::vf0_1150a8,game,not started
0x1150b0,80,FUN_001150b0,game?,not started
0x115100,2352,Race_UpdatePlacingsAndRubberBand,race,ported
0x115a30,76,FUN_00115a30,race?,not started
0x115a80,616,Race_UpdatePairDistances,race,not started
0x115db8,8,thunk_FUN_00115df0,runtime,host
0x115dc0,40,FUN_00115dc0,game?,not started
0x115de8,8,thunk_FUN_00115df0,runtime,host
0x115df0,56,FUN_00115df0,camera?,ported
0x115e28,444,cAIWorld::vf1_115e28,ai,not started
0x115fe8,272,World_ResetInstances,world,ported
0x1160f8,452,FUN_001160f8,world?,not started
0x1162c0,52,FUN_001162c0,world?,not started
0x1162f8,164,FUN_001162f8,world?,not started
0x1163a0,128,FUN_001163a0,world?,not started
0x116420,160,FUN_00116420,world?,not started
0x1164c0,20,cAIWorld::vf7_1164c0,ai,not started
0x1164d8,236,cAIWorld::vf8_1164d8,ai,not started
0x1165c8,124,FUN_001165c8,ai?,not started
0x116648,8,thunk_FUN_00115dc0,runtime,host
0x116650,20,cAIWorld::vf0_116650,ai,not started
0x1166a0,80,cAIWorld::__tf,runtime,host
0x1166f0,184,FUN_001166f0,audio?,not started
0x1167a8,124,FUN_001167a8,,not started
0x116828,360,FUN_00116828,boarder?,not started
0x116990,132,cBoarder::vf0_116990,boarder,not started
0x116a18,76,FUN_00116a18,boarder?,not started
0x116a68,28,FUN_00116a68,ai?,not started
0x116a88,44,FUN_00116a88,render?,not started
0x116ab8,1556,cBoarder::vf8_116ab8,boarder,not started
0x1170d0,156,FUN_001170d0,frontend?,not started
0x117170,12,FUN_00117170,boarder?,not started
0x117180,16,FUN_00117180,boarder?,not started
0x117190,8,FUN_00117190,boarder?,not started
0x117198,2952,cBoarder::vf7_117198,boarder,not started
0x117d20,412,FUN_00117d20,world?,not started
0x117ec0,424,FUN_00117ec0,ai?,not started
0x118068,36,FUN_00118068,boarder?,not started
0x118090,516,Boarder_UpdatePathAhead,boarder,not started
0x118298,888,Boarder_UpdateRaceLineProgress,boarder,ported
0x118610,544,Boarder_SelectRaceLine,boarder,ported
0x118830,980,FUN_00118830,boarder?,not started
0x118c08,776,Boarder_AdvanceOnPath,boarder,not started
0x118f10,772,Boarder_RequestReset,boarder,not started
0x119220,2496,FUN_00119220,boarder?,not started
0x119be0,172,Boarder_StartReset,boarder,not started
0x119c90,160,FUN_00119c90,boarder?,not started
0x119d30,752,FUN_00119d30,boarder?,ported
0x11a020,116,FUN_0011a020,boarder?,not started
0x11a098,688,Boarder_TeleportToInstance,boarder,not started
0x11a348,1100,cBoarder::vf10_11a348,boarder,not started
0x11a798,8,cBoarder::vf11_11a798,boarder,not started
0x11a7a0,8,cBoarder::vf12_11a7a0,boarder,not started
0x11a7a8,8,FUN_0011a7a8,boarder?,not started
0x11a7b0,32,FUN_0011a7b0,boarder?,not started
0x11a7d0,108,FUN_0011a7d0,boarder?,not started
0x11a840,1892,FUN_0011a840,boarder?,not started
0x11afa8,60,FUN_0011afa8,boarder?,not started
0x11afe8,48,FUN_0011afe8,boarder?,not started
0x11b018,476,Boarder_AddMeter,boarder,not started
0x11b1f8,336,Boarder_DrainMeter,boarder,not started
0x11b348,4860,FUN_0011b348,boarder?,not started
0x11c648,100,FUN_0011c648,wipeout?,not started
0x11c6b0,96,FUN_0011c6b0,wipeout?,not started
0x11c710,96,FUN_0011c710,wipeout?,not started
0x11c770,104,Boarder_UpdateMotion,boarder,not started
0x11c7d8,100,FUN_0011c7d8,boarder?,not started
0x11c840,168,FUN_0011c840,boarder?,not started
0x11c8e8,184,FUN_0011c8e8,boarder?,not started
0x11c9a0,232,Boarder_UpdateControl,boarder,not started
0x11ca88,52,FUN_0011ca88,boarder?,not started
0x11cae8,1284,Boarder_PlaceAt,boarder,not started
0x11cff0,68,Boarder_SetTimeScaleRateLimited,boarder,not started
0x11d038,812,Boarder_UpdateBoost,boarder,not started
0x11d368,108,FUN_0011d368,ai?,not started
0x11d3d8,92,FUN_0011d3d8,world?,not started
0x11d438,172,FUN_0011d438,ai?,not started
0x11d4e8,708,FUN_0011d4e8,boarder?,not started
0x11d7b0,124,FUN_0011d7b0,boarder?,not started
0x11d830,360,Boarder_Wipeout,boarder,ported
0x11d998,68,FUN_0011d998,boarder?,not started
0x11d9e0,92,FUN_0011d9e0,boarder?,not started
0x11da40,192,Boarder_Finish,boarder,not started
0x11db00,2824,FUN_0011db00,boarder?,not started
0x11e608,88,FUN_0011e608,boarder?,not started
0x11e660,148,FUN_0011e660,boarder?,not started
0x11e6f8,424,Boarder_HitCheckpoint,boarder,not started
0x11e8a0,112,FUN_0011e8a0,boarder?,not started
0x11e910,32,Boarder_AddSpeedBoostTime,boarder,not started
0x11e930,40,Boarder_AddSpinBoostTime,boarder,not started
0x11e958,44,FUN_0011e958,boarder?,not started
0x11e988,20,Boarder_ScoreCrash,boarder,not started
0x11e9a0,52,Boarder_ScoreKnockdown,boarder,not started
0x11e9d8,40,FUN_0011e9d8,boarder?,not started
0x11ea00,28,FUN_0011ea00,boarder?,not started
0x11ea20,8,FUN_0011ea20,frontend?,not started
0x11ea28,68,FUN_0011ea28,frontend?,not started
0x11ea70,136,FUN_0011ea70,audio?,not started
0x11eaf8,252,FUN_0011eaf8,audio?,not started
0x11ebf8,252,FUN_0011ebf8,audio?,not started
0x11ecf8,516,FUN_0011ecf8,audio?,not started
0x11ef00,216,FUN_0011ef00,audio?,not started
0x11efd8,116,FUN_0011efd8,boarder?,not started
0x11f050,200,FUN_0011f050,ai?,not started
0x11f118,388,FUN_0011f118,frontend?,not started
0x11f2a0,176,FUN_0011f2a0,frontend?,not started
0x11f350,104,FUN_0011f350,frontend?,not started
0x11f3b8,60,FUN_0011f3b8,boarder?,not started
0x11f3f8,56,FUN_0011f3f8,boarder?,not started
0x11f430,16,Boarder_IsTricky,boarder,not started
0x11f440,36,FUN_0011f440,audio?,not started
0x11f468,28,FUN_0011f468,audio?,not started
0x11f488,92,FUN_0011f488,boarder?,not started
0x11f4e8,284,FUN_0011f4e8,boarder?,not started
0x11f608,8,Boarder_SetState,boarder,not started
0x11f610,8,Boarder_SetMotion,boarder,not started
0x11f628,324,FUN_0011f628,boarder?,not started
0x11f770,4648,FUN_0011f770,boarder?,not started
0x120998,84,cWipeOutRecoverControl::__tf,runtime,host
0x1209f0,224,FUN_001209f0,boarder?,not started
0x120ad0,84,cWipeOutControl::__tf,runtime,host
0x120b28,224,FUN_00120b28,boarder?,not started
0x120c08,84,cGetupFromSitControl::__tf,runtime,host
0x120c60,224,FUN_00120c60,boarder?,not started
0x120d40,84,cSitAndWaitControl::__tf,runtime,host
0x120d98,224,FUN_00120d98,boarder?,not started
0x120e78,92,cSpinControl::__tf,runtime,host
0x120ed8,224,FUN_00120ed8,boarder?,not started
0x120fb8,92,cRailSlideControl::__tf,runtime,host
0x121018,224,FUN_00121018,boarder?,not started
0x1210f8,92,cPrewindControl::__tf,runtime,host
0x121158,224,FUN_00121158,boarder?,not started
0x121238,92,cNaturalAirControl::__tf,runtime,host
0x121298,224,FUN_00121298,boarder?,not started
0x121378,92,cLandNormalControl::__tf,runtime,host
0x1213d8,224,FUN_001213d8,boarder?,not started
0x1214b8,84,cLandHardControl::__tf,runtime,host
0x121510,224,FUN_00121510,boarder?,not started
0x1215f0,84,cJumpControl::__tf,runtime,host
0x121648,224,FUN_00121648,boarder?,not started
0x121728,84,cGateLaunchControl::__tf,runtime,host
0x121780,224,FUN_00121780,boarder?,not started
0x121860,92,cGateAnticipateControl::__tf,runtime,host
0x1218c0,224,FUN_001218c0,boarder?,not started
0x1219a0,92,cLessonWaitControl::__tf,runtime,host
0x121a00,224,FUN_00121a00,boarder?,not started
0x121ae0,84,cGate2BaseControl::__tf,runtime,host
0x121b38,224,FUN_00121b38,boarder?,not started
0x121c18,92,cResetWaitControl::__tf,runtime,host
0x121c78,224,FUN_00121c78,boarder?,not started
0x121d58,92,cFinishLineControl::__tf,runtime,host
0x121db8,224,FUN_00121db8,boarder?,not started
0x121e98,84,cFakieCruiseControl::__tf,runtime,host
0x121ef0,224,FUN_00121ef0,boarder?,not started
0x121fd0,84,cChangeFakieControl::__tf,runtime,host
0x122028,224,FUN_00122028,boarder?,not started
0x122108,92,cCruiseControl::__tf,runtime,host
0x122168,224,FUN_00122168,boarder?,not started
0x122248,92,cBumpControl::__tf,runtime,host
0x1222a8,224,FUN_001222a8,boarder?,not started
0x122388,84,cVoidControl::__tf,runtime,host
0x1223e0,224,FUN_001223e0,boarder?,not started
0x1224c0,92,cWipeOutRecoverMotion::__tf,runtime,host
0x122520,224,FUN_00122520,boarder?,not started
0x122600,92,cWipeOutMotion::__tf,runtime,host
0x122660,224,FUN_00122660,boarder?,not started
0x122740,84,cStaticMotion::__tf,runtime,host
0x122798,224,FUN_00122798,boarder?,not started
0x122878,92,cRailSlideMotion::__tf,runtime,host
0x1228d8,224,FUN_001228d8,boarder?,not started
0x1229b8,92,cGroundMotion::__tf,runtime,host
0x122a18,224,FUN_00122a18,boarder?,not started
0x122af8,92,cAirMotion::__tf,runtime,host
0x122b58,224,FUN_00122b58,boarder?,not started
0x122d60,8,cBoarder::vf20_122d60,boarder,not started
0x122d68,8,cBoarder::vf19_122d68,boarder,not started
0x122d70,8,cBoarder::vf18_122d70,boarder,not started
0x122d78,8,cBoarder::vf17_122d78,boarder,not started
0x122d80,8,cBoarder::vf16_122d80,boarder,not started
0x122d88,8,cBoarder::vf15_122d88,boarder,not started
0x122d90,8,cBoarder::vf14_122d90,boarder,not started
0x122e20,16,cBoarder::vf13_122e20,boarder,not started
0x122e50,8,cBoarder::vf9_122e50,boarder,not started
0x122eb0,92,cBoarder::__tf,runtime,host
0x122f10,180,FUN_00122f10,boarder?,not started
0x122fc8,8,cBoarder::vf6_122fc8,boarder,not started
0x122fd0,8,cBoarder::vf5_122fd0,boarder,not started
0x122fd8,8,cBoarder::vf4_122fd8,boarder,not started
0x122fe0,8,cBoarder::vf3_122fe0,boarder,not started
0x122fe8,8,cBoarder::vf2_122fe8,boarder,not started
0x122ff0,8,cBoarder::vf1_122ff0,boarder,not started
0x122ff8,36,cBoarderCache::vf0_122ff8,boarder,not started
0x123020,64,cBoarderCache::__tf,runtime,host
0x123060,56,FUN_00123060,render?,not started
0x123098,8,FUN_00123098,world?,not started
0x1230a0,28,FUN_001230a0,game?,not started
0x1230c0,28,FUN_001230c0,game?,not started
0x1230e0,16,FUN_001230e0,boarder?,not started
0x1231d8,44,FUN_001231d8,boarder?,not started
0x123278,80,cBoarderState::__tf,runtime,host
0x1232c8,116,cAirMotionState::__tf,runtime,host
0x123340,116,cGroundMotionState::__tf,runtime,host
0x1233b8,116,cRailSlideMotionState::__tf,runtime,host
0x123430,116,cWipeoutMotionState::__tf,runtime,host
0x1234a8,116,cWipeOutRecoverMotionState::__tf,runtime,host
0x123520,116,cBumpControlState::__tf,runtime,host
0x123598,116,cCruiseControlState::__tf,runtime,host
0x123610,116,cFinishLineControlState::__tf,runtime,host
0x123688,116,cResetWaitControlState::__tf,runtime,host
0x123700,116,cLessonWaitControlState::__tf,runtime,host
0x123778,116,cGateAnticipateControlState::__tf,runtime,host
0x1237f0,116,cLandNormalControlState::__tf,runtime,host
0x123868,116,cNaturalAirControlState::__tf,runtime,host
0x1238e0,116,cPrewindControlState::__tf,runtime,host
0x123958,116,cRailSlideControlState::__tf,runtime,host
0x1239d0,116,cSpinControlState::__tf,runtime,host
0x123a48,64,cReplayRecordHeader::__tf,runtime,host
0x123a88,44,FUN_00123a88,boarder?,not started
0x123ab8,88,AirPredict_Reset,boarder,not started
0x123b10,948,AirPredict_AtTakeoff,boarder,ported
0x123ec8,52,AirPredict_Tick,boarder,ported
0x123f00,8,FUN_00123f00,boarder?,not started
0x123f08,40,FUN_00123f08,world?,not started
0x123f30,20,FUN_00123f30,ai?,not started
0x123fc8,2392,Boarder_RiderCollisions,boarder,ported
0x124920,1200,Boarder_RiderHit,boarder,ported
0x124dd0,696,Boarder_Stumble,boarder,ported
0x125088,1812,Boarder_InstanceCollisions,boarder,ported
0x1257a0,604,Boarder_TurnFromWall,boarder,not started
0x125a00,580,Boarder_InstanceBounce,boarder,ported
0x125c48,108,Boarder_AccumulateImpact,boarder,not started
0x125cb8,1432,Rail_TryCapture,boarder,not started
0x126250,748,Boarder_WallCollide,boarder,ported
0x126540,520,Boarder_WallImpactCheck,boarder,ported
0x126748,84,FUN_00126748,boarder?,not started
0x1267a0,228,Boarder_Translate,boarder,not started
0x126888,124,FUN_00126888,boarder?,not started
0x126918,44,FUN_00126918,boarder?,not started
0x126948,380,Boarder_SetSteerTarget,boarder,not started
0x126ac8,112,Boarder_SetSteerTargetUnscaled,boarder,not started
0x126b38,196,Boarder_SetBrakeCrouchInput,boarder,not started
0x126c00,120,Boarder_SetCrouchTarget,boarder,not started
0x126c78,440,Boarder_SetBrakeTarget,boarder,not started
0x126e30,400,Takeoff_SetSpinRates,boarder,not started
0x126fc0,724,FUN_00126fc0,boarder?,not started
0x127298,76,Boarder_PlayTakeoffClip,boarder,not started
0x1272e8,1576,FUN_001272e8,scoring?,not started
0x127918,1004,FUN_00127918,boarder?,not started
0x127d08,372,FUN_00127d08,boarder?,not started
0x127e80,720,FUN_00127e80,boarder?,not started
0x128150,668,FUN_00128150,boarder?,not started
0x1283f0,124,FUN_001283f0,boarder?,not started
0x128470,112,Boarder_TakeOff,boarder,not started
0x1284e0,1336,Jump_ApplyImpulse,boarder,ported
0x128a18,208,Boarder_GetFallLine,boarder,not started
0x128ae8,820,Boarder_ProbeGround,boarder,not started
0x128e20,108,FUN_00128e20,boarder?,not started
0x128e90,372,Boarder_RotateAboutAxis,boarder,not started
0x129008,1268,Boarder_UpdateOrientation,boarder,not started
0x129500,296,Boarder_UpdateLeanTargets,boarder,not started
0x129628,6128,FUN_00129628,boarder?,not started
0x12ae18,1320,FUN_0012ae18,boarder?,not started
0x12b340,1844,Air_IntegrateRK4,boarder,checked
0x12ba78,1124,Landing_CheckAngles,boarder,ported
0x12bee0,272,Takeoff_Setup,boarder,not started
0x12bff0,124,FUN_0012bff0,boarder?,not started
0x12c088,44,FUN_0012c088,boarder?,not started
0x12c0e8,140,FUN_0012c0e8,boarder?,not started
0x12c178,20,FUN_0012c178,boarder?,not started
0x12c190,832,FUN_0012c190,world?,not started
0x12c4d0,780,FUN_0012c4d0,world?,not started
0x12c7e0,1256,FUN_0012c7e0,world?,not started
0x12ccc8,1088,Fx_LandingSplash,boarder,ported
0x12d108,1464,Fx_BrakeFan_Update,boarder,ported
0x12d6c0,464,FUN_0012d6c0,boarder?,not started
0x12d890,1736,FUN_0012d890,boarder?,not started
0x12df58,116,FUN_0012df58,boarder?,not started
0x12dfd0,56,FUN_0012dfd0,boarder?,not started
0x12e008,220,FUN_0012e008,world?,not started
0x12e0e8,584,FUN_0012e0e8,boarder?,not started
0x12e330,948,FUN_0012e330,boarder?,not started
0x12e6e8,560,Fx_BrakeSpray_Update,boarder,not started
0x12e918,752,FUN_0012e918,boarder?,not started
0x12ec08,108,FUN_0012ec08,game?,not started
0x12ec78,28,FUN_0012ec78,game?,not started
0x12ec98,12,FUN_0012ec98,game?,not started
0x12eca8,1228,FUN_0012eca8,game?,not started
0x12f178,676,FUN_0012f178,game?,not started
0x12f420,108,FUN_0012f420,game?,not started
0x12f490,28,FUN_0012f490,game?,not started
0x12f4b0,12,FUN_0012f4b0,boarder?,not started
0x12f4c0,1660,FUN_0012f4c0,world?,not started
0x12fb40,776,FUN_0012fb40,boarder?,not started
0x12fe48,140,FUN_0012fe48,boarder?,not started
0x12fed8,24,FUN_0012fed8,boarder?,not started
0x12fef0,1976,FUN_0012fef0,world?,not started
0x1306b0,684,FUN_001306b0,world?,not started
0x130960,568,FUN_00130960,world?,not started
0x130b98,1396,FUN_00130b98,boarder?,not started
0x131110,80,FUN_00131110,boarder?,not started
0x131160,76,FUN_00131160,boarder?,not started
0x1311b0,4440,Fx_SurfaceSpray,boarder,ported
0x132308,448,FUN_00132308,boarder?,not started
0x1324c8,80,FUN_001324c8,boarder?,not started
0x132518,160,FUN_00132518,boarder?,not started
0x1325b8,140,FUN_001325b8,boarder?,not started
0x132648,2912,Fx_BoardTrack,boarder,ported
0x1331a8,532,FUN_001331a8,boarder?,ported
0x1333c0,1092,FUN_001333c0,boarder?,not started
0x133808,132,FUN_00133808,boarder?,not started
0x133890,172,FUN_00133890,boarder?,not started
0x133940,736,FUN_00133940,boarder?,not started
0x133c20,1636,FUN_00133c20,boarder?,not started
0x134288,328,FUN_00134288,boarder?,not started
0x1343d0,1120,FUN_001343d0,boarder?,not started
0x134830,2192,FUN_00134830,boarder?,not started
0x1350c0,176,Boarder_UpdateEffects,boarder,ported
0x135170,140,FUN_00135170,boarder?,not started
0x135200,84,FUN_00135200,boarder?,not started
0x135258,12,FUN_00135258,world?,not started
0x135268,12,FUN_00135268,boarder?,not started
0x135278,848,FUN_00135278,boarder?,not started
0x1355c8,304,FUN_001355c8,boarder?,not started
0x1356f8,1984,FUN_001356f8,boarder?,not started
0x135eb8,652,FUN_00135eb8,world?,not started
0x136148,548,FUN_00136148,render?,not started
0x136370,348,FUN_00136370,render?,not started
0x1364d0,1908,FUN_001364d0,render?,not started
0x136c48,492,FUN_00136c48,render?,not started
0x136e38,52,FUN_00136e38,render?,not started
0x136e70,32,FUN_00136e70,world?,not started
0x136e90,12,FUN_00136e90,boarder?,not started
0x136ea0,64,FUN_00136ea0,boarder?,not started
0x136f88,100,FUN_00136f88,game?,not started
0x137040,84,cBoarderRender::__tf,runtime,host
0x1370d8,44,FUN_001370d8,,not started
0x137108,56,FUN_00137108,camera?,not started
0x137140,48,FUN_00137140,camera?,not started
0x1371e0,280,FUN_001371e0,ai?,not started
0x1372f8,720,FUN_001372f8,ai?,ported
0x1375c8,656,FUN_001375c8,ai?,ported
0x137858,444,FUN_00137858,ai?,not started
0x137a18,932,FUN_00137a18,ai?,not started
0x137dc0,924,FUN_00137dc0,boarder?,not started
0x138160,124,FUN_00138160,boarder?,not started
0x1381e0,44,FUN_001381e0,boarder?,not started
0x138210,416,FUN_00138210,boarder?,not started
0x1383b0,132,FUN_001383b0,boarder?,not started
0x138438,40,FUN_00138438,boarder?,not started
0x1384b8,368,FUN_001384b8,ai?,not started
0x138628,448,FUN_00138628,ai?,not started
0x1387e8,468,FUN_001387e8,ai?,not started
0x1389c0,8,FUN_001389c0,ai?,not started
0x1389c8,244,FUN_001389c8,boarder?,not started
0x138ac0,160,FUN_00138ac0,ai?,not started
0x138b60,84,FUN_00138b60,boarder?,not started
0x138bb8,420,FUN_00138bb8,ai?,not started
0x138d60,1200,AIComputer_AirTrickInput,ai,ported
0x139210,148,FUN_00139210,ai?,not started
0x1392a8,312,FUN_001392a8,ai?,not started
0x1393e0,256,FUN_001393e0,ai?,not started
0x1394e0,484,FUN_001394e0,boarder?,not started
0x1396c8,608,FUN_001396c8,boarder?,not started
0x139928,124,FUN_00139928,boarder?,not started
0x1399a8,132,FUN_001399a8,boarder?,not started
0x139a30,132,FUN_00139a30,boarder?,not started
0x139ab8,672,FUN_00139ab8,boarder?,not started
0x139d58,516,AIComputer_PlanJumpTrick,ai,ported
0x139f60,196,FUN_00139f60,ai?,not started
0x13a028,200,FUN_0013a028,ai?,not started
0x13a0f0,304,AI_RubberBandSpeedScale,ai,ported
0x13a220,144,FUN_0013a220,ai?,not started
0x13a2b0,424,FUN_0013a2b0,boarder?,not started
0x13a460,84,FUN_0013a460,world?,not started
0x13a520,124,FUN_0013a520,,not started
0x13a5c8,92,cComputer::__tf,runtime,host
0x13a628,304,FUN_0013a628,boarder?,not started
0x13a7c8,116,cComputerState::__tf,runtime,host
0x13a840,72,FUN_0013a840,world?,not started
0x13a888,84,FUN_0013a888,world?,not started
0x13a8e0,72,cControllerNode::vf0_13a8e0,world,not started
0x13a928,84,cRestoreNode::vf22_13a928,world,not started
0x13a980,116,cControllerNode::vf21_13a980,world,not started
0x13a9f8,76,FUN_0013a9f8,world?,not started
0x13aa48,72,cControllerNode::vf23_13aa48,world,not started
0x13aab0,28,FUN_0013aab0,world?,not started
0x13aad0,36,FUN_0013aad0,world?,not started
0x13aaf8,244,FUN_0013aaf8,world?,not started
0x13abf0,148,FUN_0013abf0,world?,not started
0x13ac88,624,FUN_0013ac88,world?,not started
0x13aef8,64,cDeadNode::vf7_13aef8,world,not started
0x13af38,128,FUN_0013af38,world?,not started
0x13afb8,60,cDeadNode::vf0_13afb8,world,not started
0x13aff8,104,FUN_0013aff8,world?,not started
0x13b060,20,cRestoreNode::vf0_13b060,world,not started
0x13b078,52,FUN_0013b078,world?,not started
0x13b0b0,8,cRestoreNode::vf7_13b0b0,world,not started
0x13b0b8,108,FUN_0013b0b8,world?,ported
0x13b128,80,FUN_0013b128,ai?,not started
0x13b178,156,cCounterNode::vf1_13b178,world,ported
0x13b218,96,cCounterNode::vf22_13b218,world,not started
0x13b278,116,cCounterNode::vf21_13b278,world,not started
0x13b2f0,556,cCounterNode::vf23_13b2f0,world,ported
0x13b520,84,cCounterNode::vf7_13b520,world,not started
0x13b5f8,20,cCounterNode::vf0_13b5f8,world,not started
0x13b610,92,cCounterNode::__tf,runtime,host
0x13b670,8,cRestoreNode::vf23_13b670,world,not started
0x13b678,8,cRestoreNode::vf21_13b678,world,not started
0x13b680,84,cRestoreNode::__tf,runtime,host
0x13b6d8,8,cDeadNode::vf23_13b6d8,world,not started
0x13b6e0,8,cDeadNode::vf22_13b6e0,world,not started
0x13b6e8,8,cDeadNode::vf21_13b6e8,world,not started
0x13b6f0,84,cDeadNode::__tf,runtime,host
0x13b748,8,cCounterNode::vf26_13b748,world,not started
0x13b750,8,cCounterNode::vf25_13b750,world,not started
0x13b758,8,cCounterNode::vf24_13b758,world,not started
0x13b760,8,cCounterNode::vf20_13b760,world,not started
0x13b768,8,cCounterNode::vf19_13b768,world,not started
0x13b770,40,cCounterNode::vf18_13b770,world,not started
0x13b798,8,cCounterNode::vf17_13b798,world,not started
0x13b7a0,8,cCounterNode::vf16_13b7a0,world,not started
0x13b7a8,8,cCounterNode::vf10_13b7a8,world,not started
0x13b7b0,8,cCounterNode::vf15_13b7b0,world,not started
0x13b7b8,8,cCounterNode::vf14_13b7b8,world,not started
0x13b7c0,8,cCounterNode::vf13_13b7c0,world,not started
0x13b7c8,8,cCounterNode::vf12_13b7c8,world,not started
0x13b7d0,8,cCounterNode::vf11_13b7d0,world,not started
0x13b7d8,84,cControllerNode::__tf,runtime,host
0x13b830,80,cCounterNodeState::__tf,runtime,host
0x13b880,64,FUN_0013b880,world?,not started
0x13b8c0,180,FUN_0013b8c0,world?,not started
0x13b978,180,FUN_0013b978,world?,not started
0x13ba30,164,FUN_0013ba30,world?,not started
0x13bad8,176,FUN_0013bad8,frontend?,not started
0x13bbc0,180,FUN_0013bbc0,ai?,not started
0x13bc78,168,FUN_0013bc78,world?,not started
0x13bd20,20,cScriptNode::vf0_13bd20,world,not started
0x13bd38,8,cScriptNode::vf1_13bd38,world,not started
0x13bd40,312,Instance_OnPlayerContact,world,ported
0x13be78,340,FUN_0013be78,world?,not started
0x13bfd0,1532,TriggerScript_ExecOp,world,ported
0x13c5d0,2788,TriggerScript_Op0_SpawnController,world,ported
0x13d0b8,116,FUN_0013d0b8,world?,not started
0x13d130,452,FUN_0013d130,world?,not started
0x13d2f8,224,FUN_0013d2f8,world?,not started
0x13d3d8,220,cScriptNode::vf7_13d3d8,world,not started
0x13d4b8,124,FUN_0013d4b8,world?,not started
0x13d538,144,FUN_0013d538,world?,not started
0x13d5d0,92,cScriptNode::__tf,runtime,host
0x13d630,80,cScriptNodeState::__tf,runtime,host
0x13d680,64,FUN_0013d680,world?,not started
0x13d6c0,1316,FUN_0013d6c0,world?,not started
0x13dbe8,344,FUN_0013dbe8,world?,not started
0x13dd40,424,FUN_0013dd40,world?,not started
0x13dee8,464,FUN_0013dee8,world?,not started
0x13e0b8,136,cRollerNode::vf0_13e0b8,world,not started
0x13e140,1372,FUN_0013e140,world?,not started
0x13e6a0,448,FUN_0013e6a0,world?,not started
0x13e860,72,cRollerNode::vf21_13e860,world,not started
0x13e8a8,1156,cRollerNode::vf1_13e8a8,world,not started
0x13ed30,116,FUN_0013ed30,world?,not started
0x13eda8,1412,FUN_0013eda8,world?,not started
0x13f330,280,FUN_0013f330,world?,not started
0x13f448,380,FUN_0013f448,world?,not started
0x13f5c8,1072,FUN_0013f5c8,world?,not started
0x13f9f8,404,cRollerNode::vf2_13f9f8,world,not started
0x13fb90,92,cRollerNode::vf7_13fb90,world,not started
0x13fbf0,104,FUN_0013fbf0,world?,not started
0x13fc58,80,FUN_0013fc58,ai?,not started
0x13fca8,68,cDebounceNode::vf1_13fca8,world,not started
0x13fcf0,64,cDebounceNode::vf22_13fcf0,world,not started
0x13fd30,92,cDebounceNode::vf21_13fd30,world,not started
0x13fd90,60,cDebounceNode::vf7_13fd90,world,not started
0x13fdd0,124,FUN_0013fdd0,world?,not started
0x13fe50,80,FUN_0013fe50,ai?,not started
0x13fea0,264,cTimerNode::vf1_13fea0,world,not started
0x13ffa8,64,cTimerNode::vf22_13ffa8,world,not started
0x13ffe8,92,cTimerNode::vf21_13ffe8,world,not started
0x140048,52,cTimerNode::vf23_140048,world,not started
0x140080,84,cTimerNode::vf7_140080,world,not started
0x1400d8,196,FUN_001400d8,world?,not started
0x1401a0,116,FUN_001401a0,ai?,not started
0x140218,152,cRailNode::vf0_140218,world,not started
0x1402b0,68,cRailNode::vf1_1402b0,world,not started
0x1402f8,64,cRailNode::vf22_1402f8,world,not started
0x140338,92,cRailNode::vf21_140338,world,not started
0x140398,40,cRailNode::vf23_140398,world,not started
0x1403c0,60,FUN_001403c0,world?,not started
0x140400,60,FUN_00140400,world?,not started
0x140440,84,cRailNode::vf7_140440,world,not started
0x140498,248,FUN_00140498,world?,not started
0x140590,160,FUN_00140590,ai?,not started
0x140630,88,cBoostNode::vf0_140630,world,not started
0x140688,428,cTubeEndBoostNode::vf1_140688,world,not started
0x140838,148,cBoostNode::vf27_140838,world,not started
0x1408d0,28,cTubeEndBoostNode::vf23_1408d0,world,not started
0x1408f0,84,cBoostNode::vf7_1408f0,world,not started
0x140948,336,FUN_00140948,world?,not started
0x140a98,160,FUN_00140a98,ai?,not started
0x140b38,88,cLapBoostNode::vf0_140b38,world,not started
0x140b90,1528,cLapBoostNode::Update,world,not started
0x141188,8,cLapBoostNode::vf2_141188,world,not started
0x141190,8,cLapBoostNode::vf22_141190,world,not started
0x141198,24,cLapBoostNode::vf21_141198,world,not started
0x1411b0,84,cLapBoostNode::vf7_1411b0,world,not started
0x141208,220,FUN_00141208,world?,not started
0x1412e8,116,FUN_001412e8,ai?,not started
0x141360,572,cRandomBoostNode::vf27_141360,world,not started
0x1415a0,16,cRandomBoostNode::vf28_1415a0,world,not started
0x1415b0,124,cRandomBoostNode::vf29_1415b0,world,not started
0x141630,84,cRandomBoostNode::vf7_141630,world,not started
0x141688,372,FUN_00141688,world?,not started
0x141800,168,FUN_00141800,ai?,not started
0x1418a8,336,cTubeEndBoostNode::BoostRider,world,not started
0x1419f8,16,cTubeEndBoostNode::vf28_1419f8,world,not started
0x141a08,124,cTubeEndBoostNode::vf29_141a08,world,not started
0x141a88,104,cTubeEndBoostNode::vf7_141a88,world,not started
0x141af0,236,FUN_00141af0,world?,not started
0x141be0,160,FUN_00141be0,ai?,not started
0x141c80,88,cZBoostNode::vf0_141c80,world,not started
0x141cd8,700,cZBoostNode::Update,world,not started
0x141f98,84,cZBoostNode::vf7_141f98,world,not started
0x141ff0,196,cUVScrollNode::cUVScrollNode,world,ported
0x1420b8,112,FUN_001420b8,world?,not started
0x142128,124,cUVScrollNode::vf0_142128,world,not started
0x1421a8,116,FUN_001421a8,world?,not started
0x142220,188,FUN_00142220,world?,not started
0x1422e0,944,cUVScrollNode::vf1_1422e0,world,ported
0x142690,60,cUVScrollNode::vf17_142690,world,not started
0x1426d0,232,cUVScrollNode::vf2_1426d0,world,not started
0x1427b8,396,FUN_001427b8,world?,not started
0x142948,276,cUVScrollNode::vf23_142948,world,not started
0x142a60,100,cUVScrollNode::vf7_142a60,world,not started
0x142ac8,36,FUN_00142ac8,world?,not started
0x142af0,392,FUN_00142af0,world?,not started
0x142c78,200,FUN_00142c78,world?,not started
0x142d40,100,FUN_00142d40,world?,not started
0x142da8,228,FUN_00142da8,world?,not started
0x142e90,428,cTexFlipNode::cTexFlipNode,world,ported
0x143040,116,FUN_00143040,ai?,not started
0x1430b8,704,cTexFlipNode::vf1_1430b8,world,ported
0x143378,60,cTexFlipNode::vf17_143378,world,not started
0x1433b8,28,cTexFlipNode::vf2_1433b8,world,not started
0x1433d8,288,cTexFlipNode::vf23_1433d8,world,ported
0x1434f8,84,cTexFlipNode::vf7_1434f8,world,not started
0x143550,492,FUN_00143550,world?,not started
0x143740,188,FUN_00143740,world?,not started
0x143800,108,cFenceNode::vf0_143800,world,not started
0x143870,184,FUN_00143870,ai?,not started
0x143928,476,FUN_00143928,world?,not started
0x143b08,92,FUN_00143b08,world?,not started
0x143b68,356,cFenceNode::vf1_143b68,world,not started
0x143cd0,808,FUN_00143cd0,world?,not started
0x143ff8,1068,FUN_00143ff8,world?,not started
0x144428,164,cFenceNode::vf17_144428,world,not started
0x1444d0,168,FUN_001444d0,world?,not started
0x144578,408,cFenceNode::vf2_144578,world,not started
0x144710,100,cFenceNode::vf7_144710,world,not started
0x144778,152,cFlagNode::cFlagNode,world,not started
0x144810,184,cFlagNode::cFlagNode,world,not started
0x1448c8,108,cFlagNode::vf0_1448c8,world,not started
0x144938,1296,cFlagNode::Init,world,ported
0x144e48,128,cFlagNode::vf1_144e48,world,not started
0x144ec8,908,cFlagNode::BuildStrip,world,ported
0x145258,408,cFlagNode::vf2_145258,world,not started
0x1453f0,100,cFlagNode::vf7_1453f0,world,not started
0x145458,208,cCrackedNode::cCrackedNode,world,ported
0x145528,116,FUN_00145528,ai?,not started
0x1455a0,288,cCrackedNode::vf1_1455a0,world,ported
0x1456c0,128,cCrackedNode::vf21_1456c0,world,not started
0x145740,96,cCrackedNode::vf22_145740,world,not started
0x1457a0,8,cCrackedNode::vf2_1457a0,world,not started
0x1457a8,60,cCrackedNode::vf23_1457a8,world,not started
0x1457e8,28,cCrackedNode::vf17_1457e8,world,ported
0x145808,124,cCrackedNode::ApplyImpact,world,ported
0x145888,84,cCrackedNode::vf7_145888,world,not started
0x1458e0,520,Crowd_LoadTexturesRandomize,world,ported
0x145ae8,60,FUN_00145ae8,world?,not started
0x145b28,128,cCrowdBoxNode::cCrowdBoxNode,world,ported
0x145ba8,88,cCrowdBoxNode::cCrowdBoxNode,world,not started
0x145c00,136,cCrowdBoxNode::Init,world,ported
0x145c88,380,cCrowdBoxNode::vf1_145c88,world,ported
0x145e08,436,cCrowdBoxNode::StepCells,world,ported
0x145fc0,216,cCrowdBoxNode::vf2_145fc0,world,not started
0x146098,84,cCrowdBoxNode::vf7_146098,world,not started
0x1460f0,356,FUN_001460f0,world?,not started
0x146258,120,FUN_00146258,ai?,not started
0x1462d0,636,FUN_001462d0,world?,not started
0x146660,84,FUN_00146660,world?,not started
0x1466b8,1876,FUN_001466b8,world?,not started
0x146e10,224,FUN_00146e10,ai?,not started
0x146ef0,80,cMeshAnimNode::vf0_146ef0,animation,not started
0x146f40,752,FUN_00146f40,world?,not started
0x147230,620,cMeshAnimNode::vf1_147230,animation,not started
0x1474a0,120,cMeshAnimNode::vf22_1474a0,animation,not started
0x147518,896,cMeshAnimNode::vf2_147518,animation,not started
0x147898,84,cMeshAnimNode::vf7_147898,animation,not started
0x1478f0,220,FUN_001478f0,world?,not started
0x1479d0,176,FUN_001479d0,ai?,not started
0x147a80,88,cTrickTriggerNode::vf0_147a80,world,not started
0x147ad8,456,cTrickTriggerNode::vf1_147ad8,world,not started
0x147ca0,84,cTrickTriggerNode::vf7_147ca0,world,not started
0x147cf8,128,FUN_00147cf8,world?,not started
0x147d78,152,FUN_00147d78,ai?,not started
0x147e10,76,cEmitterNode::vf0_147e10,world,not started
0x147e60,196,cEmitterNode::vf1_147e60,world,not started
0x147f28,8,cEmitterNode::vf2_147f28,world,not started
0x147f30,88,cEmitterNode::vf7_147f30,world,not started
0x147f88,160,FUN_00147f88,world?,not started
0x148028,136,FUN_00148028,world?,not started
0x1480b0,76,cParticleNode::vf0_1480b0,world,not started
0x148100,132,cParticleNode::vf1_148100,world,not started
0x148188,64,cParticleNode::vf23_148188,world,not started
0x1481c8,8,cParticleNode::vf2_1481c8,world,not started
0x1481d0,72,cParticleNode::vf7_1481d0,world,not started
0x148218,168,FUN_00148218,frontend?,not started
0x1482c0,144,FUN_001482c0,frontend?,not started
0x148350,292,FUN_00148350,frontend?,not started
0x148478,76,FUN_00148478,world?,not started
0x148560,284,FUN_00148560,world?,not started
0x148680,196,FUN_00148680,ai?,not started
0x148748,328,FUN_00148748,world?,not started
0x148890,108,cCollideEmitterNode::vf0_148890,world,not started
0x148900,72,FUN_00148900,world?,not started
0x148948,156,cCollideEmitterNode::vf1_148948,world,not started
0x1489e8,8,cCollideEmitterNode::vf2_1489e8,world,not started
0x1489f0,128,cCollideEmitterNode::vf7_1489f0,world,not started
0x148a70,96,FUN_00148a70,world?,not started
0x148ad0,88,FUN_00148ad0,world?,not started
0x148b28,416,FUN_00148b28,world?,not started
0x148cc8,88,cMovieNode::vf0_148cc8,world,not started
0x148d20,8,cMovieNode::vf1_148d20,world,not started
0x148d28,152,cMovieNode::vf2_148d28,world,not started
0x148dc0,8,cMovieNode::vf7_148dc0,world,not started
0x148dc8,112,FUN_00148dc8,ai?,not started
0x148e38,156,FUN_00148e38,ai?,not started
0x148ed8,148,FUN_00148ed8,world?,not started
0x148f70,188,cRailManNode::vf0_148f70,world,not started
0x149030,296,FUN_00149030,world?,not started
0x149158,60,cRailManNode::vf7_149158,world,not started
0x149218,84,cRailManNode::__tf,runtime,host
0x149270,84,cMovieNode::__tf,runtime,host
0x1492c8,92,cCollideEmitterNode::__tf,runtime,host
0x1493e8,92,cCameraNode::__tf,runtime,host
0x149448,84,FUN_00149448,world?,not started
0x1494a0,84,cParticleNode::__tf,runtime,host
0x1494f8,84,cEmitterNode::__tf,runtime,host
0x149550,92,cTrickTriggerNode::__tf,runtime,host
0x1495b0,92,cMeshAnimNode::__tf,runtime,host
0x149610,20,cCrowdBoxNode::vf0_149610,world,not started
0x149628,92,cCrowdBoxNode::__tf,runtime,host
0x149688,20,cDebounceNode::vf0_149688,world,not started
0x1496a0,84,cDebounceNode::__tf,runtime,host
0x1496f8,76,cCrackedNode::vf0_1496f8,world,not started
0x149748,92,cCrackedNode::__tf,runtime,host
0x1497a8,92,cFlagNode::__tf,runtime,host
0x149808,92,cFenceNode::__tf,runtime,host
0x149868,108,FUN_00149868,world?,not started
0x1498d8,92,cUVScrollTexFlipNode::__tf,runtime,host
0x149938,76,cTexFlipNode::vf0_149938,world,not started
0x149988,92,cTexFlipNode::__tf,runtime,host
0x1499e8,36,cTexFlip::vf0_1499e8,render,not started
0x149a10,64,FUN_00149a10,,not started
0x149a88,20,FUN_00149a88,,ported
0x149aa0,92,cUVScrollNode::__tf,runtime,host
0x149b00,92,cZBoostNode::__tf,runtime,host
0x149b78,20,cTubeEndBoostNode::vf0_149b78,world,not started
0x149b90,92,cTubeEndBoostNode::__tf,runtime,host
0x149bf0,20,cRandomBoostNode::vf0_149bf0,world,not started
0x149c08,92,cRandomBoostNode::__tf,runtime,host
0x149c68,92,cLapBoostNode::__tf,runtime,host
0x149cc8,8,cBoostNode::vf29_149cc8,world,not started
0x149cd0,8,cBoostNode::vf28_149cd0,world,not started
0x149cd8,92,cBoostNode::__tf,runtime,host
0x149d38,92,cRailNode::__tf,runtime,host
0x149d98,20,cTimerNode::vf0_149d98,world,not started
0x149db0,92,cTimerNode::__tf,runtime,host
0x149e10,8,cRollerNode::vf13_149e10,world,not started
0x149e18,12,cRollerNode::vf12_149e18,world,not started
0x149e28,8,cRollerNode::vf11_149e28,world,not started
0x149e48,52,cRollerNode::vf22_149e48,world,not started
0x149e80,100,cRollerNode::__tf,runtime,host
0x149fd8,44,FUN_00149fd8,,not started
0x14a040,60,FUN_0014a040,render?,not started
0x14a0c0,80,cRigidBody::__tf,runtime,host
0x14a110,116,cRollerNodeState::__tf,runtime,host
0x14a188,116,cTimerNodeState::__tf,runtime,host
0x14a200,116,cRailNodeState::__tf,runtime,host
0x14a278,116,cBoostNodeState::__tf,runtime,host
0x14a2f0,116,cLapBoostNodeState::__tf,runtime,host
0x14a368,116,cRandomBoostNodeState::__tf,runtime,host
0x14a3e0,116,cTubeEndBoostNodeState::__tf,runtime,host
0x14a458,116,cZBoostNodeState::__tf,runtime,host
0x14a4d0,116,cUVScrollNodeState::__tf,runtime,host
0x14a548,116,cTexFlipNodeState::__tf,runtime,host
0x14a5c0,116,cUVScrollTexFlipNodeState::__tf,runtime,host
0x14a638,116,cFenceNodeState::__tf,runtime,host
0x14a6b0,116,cFlagNodeState::__tf,runtime,host
0x14a728,116,cCrackedNodeState::__tf,runtime,host
0x14a7a0,116,cCrowdBoxNodeState::__tf,runtime,host
0x14a818,116,cMeshAnimNodeState::__tf,runtime,host
0x14a890,116,cTrickTriggerNodeState::__tf,runtime,host
0x14a908,116,cCameraNodeState::__tf,runtime,host
0x14a980,116,cCollideEmitterNodeState::__tf,runtime,host
0x14aa10,80,cRigidBodyState::__tf,runtime,host
0x14aa60,64,FUN_0014aa60,,not started
0x14aaa0,2684,FUN_0014aaa0,frontend?,not started
0x14b520,136,cLessonMan::vf0_14b520,tutorial,not started
0x14b5a8,140,FUN_0014b5a8,game?,not started
0x14b638,300,FUN_0014b638,game?,not started
0x14b768,96,FUN_0014b768,game?,not started
0x14b7c8,224,FUN_0014b7c8,boarder?,not started
0x14b8a8,172,FUN_0014b8a8,boarder?,not started
0x14b958,92,FUN_0014b958,boarder?,not started
0x14b9b8,240,cLessonMan::vf1_14b9b8,tutorial,not started
0x14baa8,92,FUN_0014baa8,game?,not started
0x14bb08,220,FUN_0014bb08,tutorial?,not started
0x14bbe8,428,cLessonMan::vf2_14bbe8,tutorial,not started
0x14bd98,764,FUN_0014bd98,game?,not started
0x14c098,528,FUN_0014c098,debugmenu?,not started
0x14c2a8,12,FUN_0014c2a8,scoring?,not started
0x14c2c0,8,FUN_0014c2c0,,not started
0x14c2c8,8,FUN_0014c2c8,,not started
0x14c2d0,3176,FUN_0014c2d0,frontend?,not started
0x14cf38,120,FUN_0014cf38,frontend?,not started
0x14cfb0,392,FUN_0014cfb0,frontend?,not started
0x14d138,484,FUN_0014d138,frontend?,not started
0x14d320,700,FUN_0014d320,frontend?,not started
0x14d5e0,256,FUN_0014d5e0,frontend?,not started
0x14d6e0,240,FUN_0014d6e0,game?,not started
0x14d7d0,200,FUN_0014d7d0,game?,not started
0x14d898,140,FUN_0014d898,game?,not started
0x14d928,8,FUN_0014d928,game?,not started
0x14d930,24,FUN_0014d930,game?,not started
0x14d948,124,FUN_0014d948,game?,not started
0x14d9c8,108,FUN_0014d9c8,game?,not started
0x14da38,108,FUN_0014da38,game?,not started
0x14daa8,244,FUN_0014daa8,game?,not started
0x14dba0,8,cLessonInitHandler::vf0_14dba0,game,not started
0x14dba8,116,cLessonIntroHandler::vf0_14dba8,game,not started
0x14dc20,12,cLessonIntroHandler::vf2_14dc20,game,not started
0x14dc30,8,cLessonStartHandler::vf0_14dc30,game,not started
0x14dc38,76,cLessonStartHandler::vf2_14dc38,game,not started
0x14dc88,56,cLessonWaitHandler::vf0_14dc88,game,not started
0x14dcc0,1144,cLessonWaitHandler::vf2_14dcc0,game,not started
0x14e138,312,cLessonPreviewHandler::vf0_14e138,game,not started
0x14e270,60,cLessonPreviewHandler::vf2_14e270,game,not started
0x14e2b0,44,cLessonPreviewHandler::vf1_14e2b0,game,not started
0x14e2e0,164,cLessonPreviewEndHandler::vf0_14e2e0,game,not started
0x14e388,460,cLessonPreviewEndHandler::vf2_14e388,game,not started
0x14e558,304,cLessonPerformHandler::vf0_14e558,game,not started
0x14e688,32,cLessonPerformHandler::vf2_14e688,game,not started
0x14e6a8,36,cLessonPerformHandler::vf1_14e6a8,game,not started
0x14e6d0,240,cLessonPracticeHandler::vf0_14e6d0,game,not started
0x14e7c0,108,cLessonPracticeHandler::vf2_14e7c0,game,not started
0x14e830,8,cLessonPracticeHandler::vf1_14e830,game,not started
0x14e838,196,cLessonPracticeEndHandler::vf0_14e838,game,not started
0x14e900,288,cLessonPracticeEndHandler::vf2_14e900,game,not started
0x14ea20,164,cLessonEndHandler::vf0_14ea20,game,not started
0x14eac8,288,cLessonEndHandler::vf2_14eac8,game,not started
0x14ebe8,8,cLessonExitHandler::vf0_14ebe8,game,not started
0x14ebf0,84,cLessonExitHandler::vf2_14ebf0,game,not started
0x14ec48,24,cRestartLessonHandler::vf0_14ec48,game,not started
0x14ec60,60,cRestartLessonHandler::vf2_14ec60,game,not started
0x14eca0,12,cLoadLessonHandler::vf0_14eca0,game,not started
0x14ecb0,124,cLoadLessonHandler::vf2_14ecb0,game,not started
0x14ed30,8,cPreLessonHandler::vf0_14ed30,game,not started
0x14ed38,8,cPreLessonHandler::vf2_14ed38,game,not started
0x14ed40,36,cEndLessonHandler::vf0_14ed40,game,not started
0x14ed68,32,cEndLessonHandler::vf2_14ed68,game,not started
0x14ed88,36,FUN_0014ed88,game?,not started
0x14edb0,284,FUN_0014edb0,game?,not started
0x14eed0,24,FUN_0014eed0,game?,not started
0x14eee8,20,FUN_0014eee8,game?,not started
0x14ef70,92,cLessonMan::__tf,runtime,host
0x14efd0,80,cLessonExitHandler::__tf,runtime,host
0x14f020,80,cLessonEndHandler::__tf,runtime,host
0x14f070,80,cLessonPracticeEndHandler::__tf,runtime,host
0x14f0c0,80,cLessonPracticeHandler::__tf,runtime,host
0x14f110,80,cLessonPerformHandler::__tf,runtime,host
0x14f160,80,cLessonPreviewEndHandler::__tf,runtime,host
0x14f1b0,80,cLessonPreviewHandler::__tf,runtime,host
0x14f200,80,cLessonWaitHandler::__tf,runtime,host
0x14f250,80,cLessonStartHandler::__tf,runtime,host
0x14f2a0,80,cLessonIntroHandler::__tf,runtime,host
0x14f2f0,8,cLessonInitHandler::vf2_14f2f0,game,not started
0x14f2f8,80,cLessonInitHandler::__tf,runtime,host
0x14f348,8,cLessonExitHandler::vf1_14f348,game,not started
0x14f350,64,cLessonStateHandler::__tf,runtime,host
0x14f390,28,FUN_0014f390,frontend?,not started
0x14f3b0,80,cEndLessonHandler::__tf,runtime,host
0x14f400,8,cRestartLessonHandler::vf1_14f400,game,not started
0x14f408,80,cRestartLessonHandler::__tf,runtime,host
0x14f458,8,cPreLessonHandler::vf1_14f458,game,not started
0x14f460,80,cPreLessonHandler::__tf,runtime,host
0x14f4b0,8,cLoadLessonHandler::vf1_14f4b0,game,not started
0x14f4b8,80,cLoadLessonHandler::__tf,runtime,host
0x14f510,64,FUN_0014f510,game?,not started
0x14f550,28,FUN_0014f550,game?,not started
0x14f5b0,64,cLessonManState::__tf,runtime,host
0x14f5f0,20,FUN_0014f5f0,,not started
0x14f608,188,FUN_0014f608,render?,not started
0x14f6c8,88,FUN_0014f6c8,render?,not started
0x14f720,28,FUN_0014f720,render?,not started
0x14f760,16,FUN_0014f760,render?,not started
0x14f770,16,FUN_0014f770,render?,not started
0x14f780,36,FUN_0014f780,render?,not started
0x14f7a8,52,FUN_0014f7a8,render?,not started
0x14f7e0,64,FUN_0014f7e0,render?,not started
0x14f820,164,FUN_0014f820,render?,not started
0x14f8c8,88,FUN_0014f8c8,render?,not started
0x14f920,32,FUN_0014f920,render?,not started
0x14f960,156,FUN_0014f960,render?,not started
0x14fa00,112,FUN_0014fa00,render?,not started
0x14fa70,196,FUN_0014fa70,world?,not started
0x14fb38,616,FUN_0014fb38,world?,not started
0x14fd80,84,FUN_0014fd80,,not started
0x14fdb8,96,FUN_0014fdb8,render?,not started
0x14fe18,76,FUN_0014fe18,camera?,not started
0x14fe68,92,FUN_0014fe68,boarder?,not started
0x14fec8,256,FUN_0014fec8,render?,not started
0x14ffc8,636,FUN_0014ffc8,render?,not started
0x150248,360,FUN_00150248,render?,not started
0x1503b0,48,FUN_001503b0,render?,not started
0x1503e0,68,FUN_001503e0,render?,not started
0x150428,456,FUN_00150428,camera?,not started
0x150670,104,FUN_00150670,world?,not started
0x1506d8,100,FUN_001506d8,render?,not started
0x150740,164,FUN_00150740,,not started
0x1507e8,44,FUN_001507e8,world?,not started
0x150818,44,FUN_00150818,world?,not started
0x150848,536,FUN_00150848,world?,not started
0x150a70,16,FUN_00150a70,boarder?,not started
0x150a80,360,FUN_00150a80,boarder?,not started
0x150be8,304,FUN_00150be8,boarder?,not started
0x150d18,284,FUN_00150d18,boarder?,not started
0x150e38,580,FUN_00150e38,boarder?,not started
0x151080,460,FUN_00151080,boarder?,not started
0x151250,5408,FUN_00151250,boarder?,not started
0x152770,2496,FUN_00152770,boarder?,not started
0x153130,236,FUN_00153130,boarder?,not started
0x1532c0,144,FUN_001532c0,boarder?,not started
0x153390,104,FUN_00153390,boarder?,not started
0x1533f8,84,FUN_001533f8,world?,not started
0x153668,92,cPlayer::__tf,runtime,host
0x153758,116,cPlayerState::__tf,runtime,host
0x1537d0,52,FUN_001537d0,world?,not started
0x153808,716,FUN_00153808,world?,not started
0x153ad8,376,FUN_00153ad8,wipeout?,not started
0x153c50,660,RigidBody_Integrate,world,ported
0x153ee8,1104,RigidBody_ContactImpulse,world,ported
0x154338,328,FUN_00154338,world?,not started
0x154480,40,FUN_00154480,world?,not started
0x1544a8,20,FUN_001544a8,ai?,not started
0x154548,44,FUN_00154548,,not started
0x154580,56,FUN_00154580,,not started
0x1545b8,12,FUN_001545b8,,not started
0x154638,36,FUN_00154638,frontend?,not started
0x154688,64,cTrickInfo::vf2_154688,tutorial,not started
0x1546c8,1104,FUN_001546c8,game?,not started
0x154b18,520,cGameTrickInfo::vf5_154b18,game,not started
0x154d20,64,FUN_00154d20,frontend?,not started
0x154d60,192,cGameTrickInfo::vf3_154d60,game,not started
0x154e20,368,cGameTrickInfo::vf4_154e20,game,not started
0x155058,20,cGameTrickInfo::vf0_155058,game,not started
0x155070,80,cGameTrickInfo::__tf,runtime,host
0x1550c8,8,cTrickInfo::vf5_1550c8,tutorial,not started
0x1550d0,12,cTrickInfo::vf4_1550d0,tutorial,not started
0x1550e0,8,cTrickInfo::vf3_1550e0,tutorial,not started
0x1550e8,8,cTrickInfo::vf1_1550e8,tutorial,not started
0x1550f8,36,cTrickInfo::vf0_1550f8,tutorial,not started
0x155140,64,cTrickInfo::__tf,runtime,host
0x1551c0,488,Score_FormatTrickName,scoring,ported
0x1553a8,100,FUN_001553a8,scoring?,not started
0x155410,48,FUN_00155410,scoring?,not started
0x155440,128,FUN_00155440,scoring?,not started
0x1554c0,116,FUN_001554c0,scoring?,not started
0x155538,80,FUN_00155538,scoring?,not started
0x155588,1172,FUN_00155588,scoring?,not started
0x155a20,136,FUN_00155a20,scoring?,not started
0x155aa8,104,FUN_00155aa8,scoring?,not started
0x155b10,164,FUN_00155b10,scoring?,not started
0x155bb8,168,FUN_00155bb8,scoring?,not started
0x155c60,64,FUN_00155c60,scoring?,not started
0x155ca0,40,FUN_00155ca0,scoring?,not started
0x155cc8,8,FUN_00155cc8,scoring?,not started
0x155cd0,196,FUN_00155cd0,scoring?,not started
0x155d98,44,FUN_00155d98,scoring?,not started
0x155dc8,52,FUN_00155dc8,scoring?,not started
0x155e00,100,FUN_00155e00,scoring?,not started
0x155e68,128,FUN_00155e68,scoring?,not started
0x155ee8,356,FUN_00155ee8,scoring?,not started
0x156050,244,FUN_00156050,scoring?,not started
0x156148,1056,FUN_00156148,scoring?,not started
0x156568,176,FUN_00156568,scoring?,not started
0x156618,636,FUN_00156618,scoring?,not started
0x1568b0,44,FUN_001568b0,scoring?,not started
0x156900,104,FUN_00156900,scoring?,not started
0x156968,72,FUN_00156968,scoring?,not started
0x1569b0,1068,FUN_001569b0,scoring?,not started
0x156de0,156,Score_Crash,scoring,ported
0x156e80,392,FUN_00156e80,scoring?,not started
0x157008,128,FUN_00157008,scoring?,not started
0x157088,268,FUN_00157088,scoring?,not started
0x157198,68,FUN_00157198,scoring?,not started
0x1571e0,128,FUN_001571e0,scoring?,not started
0x157268,160,FUN_00157268,scoring?,not started
0x157308,40,FUN_00157308,scoring?,not started
0x157330,352,FUN_00157330,scoring?,not started
0x157490,1252,Score_BuildTrickId,scoring,ported
0x157978,8,FUN_00157978,scoring?,not started
0x157980,40,FUN_00157980,world?,not started
0x1579a8,56,FUN_001579a8,scoring?,not started
0x1579e0,572,Score_TrickBookCheck,scoring,ported
0x157c18,52,FUN_00157c18,scoring?,not started
0x157c50,92,FUN_00157c50,scoring?,not started
0x157d58,12,FUN_00157d58,frontend?,not started
0x157d68,56,FUN_00157d68,render?,not started
0x157da0,112,FUN_00157da0,files?,not started
0x157e10,88,FUN_00157e10,files?,not started
0x157e68,60,FUN_00157e68,files?,not started
0x157ea8,48,FUN_00157ea8,files?,not started
0x157ed8,344,FUN_00157ed8,animation?,not started
0x158030,1676,FUN_00158030,animation?,not started
0x1586c0,216,FUN_001586c0,animation?,not started
0x158798,80,FUN_00158798,animation?,not started
0x1587e8,44,FUN_001587e8,animation?,not started
0x158818,80,FUN_00158818,animation?,not started
0x158868,160,FUN_00158868,,not started
0x158908,168,FUN_00158908,files?,not started
0x1589b8,120,FUN_001589b8,files?,not started
0x158a30,192,FUN_00158a30,files?,not started
0x158af0,28,FUN_00158af0,game?,not started
0x158b10,248,FUN_00158b10,files?,not started
0x158c10,40,FUN_00158c10,files?,not started
0x158c38,144,FUN_00158c38,frontend?,not started
0x158cc8,76,FUN_00158cc8,game?,not started
0x158d18,76,FUN_00158d18,files?,not started
0x158d68,88,FUN_00158d68,animation?,not started
0x158dc0,224,FUN_00158dc0,,not started
0x158ea0,284,FUN_00158ea0,files?,not started
0x158fc0,176,FUN_00158fc0,files?,not started
0x159070,208,FUN_00159070,files?,not started
0x159140,12,FUN_00159140,files?,not started
0x159150,1500,FUN_00159150,files?,not started
0x159730,8,thunk_FUN_00159150,runtime,host
0x159738,152,FUN_00159738,files?,not started
0x1597d0,76,FUN_001597d0,files?,not started
0x159820,92,FUN_00159820,frontend?,not started
0x159880,104,FUN_00159880,,not started
0x1598e8,36,FUN_001598e8,,not started
0x159910,364,FUN_00159910,animation?,not started
0x159a80,132,FUN_00159a80,boarder?,not started
0x159b08,72,FUN_00159b08,render?,not started
0x159b50,88,FUN_00159b50,render?,not started
0x159bb8,460,FUN_00159bb8,animation?,not started
0x159d88,172,FUN_00159d88,boarder?,not started
0x159e38,72,FUN_00159e38,animation?,not started
0x159e80,100,FUN_00159e80,,not started
0x159ee8,272,cBoarderSequence::vf1_159ee8,boarder,not started
0x159ff8,56,cBoarderSequence::vf0_159ff8,boarder,not started
0x15a030,764,AnimClip_Advance,animation,not started
0x15a330,116,FUN_0015a330,animation?,not started
0x15a3a8,48,cBoarderSequence::vf2_15a3a8,boarder,not started
0x15a3d8,212,cBoarderSequence::vf3_15a3d8,boarder,not started
0x15a4b0,332,cBoarderSequence::vf4_15a4b0,boarder,not started
0x15a600,84,FUN_0015a600,boarder?,not started
0x15a658,52,FUN_0015a658,boarder?,not started
0x15a690,52,FUN_0015a690,boarder?,not started
0x15a6c8,56,FUN_0015a6c8,boarder?,not started
0x15a700,96,FUN_0015a700,render?,not started
0x15a760,52,FUN_0015a760,animation?,not started
0x15a798,128,FUN_0015a798,world?,not started
0x15a818,168,FUN_0015a818,ai?,not started
0x15a8c0,192,FUN_0015a8c0,files?,not started
0x15a980,16,FUN_0015a980,files?,not started
0x15abe8,92,cBoarderSequence::__tf,runtime,host
0x15ac48,76,FUN_0015ac48,game?,not started
0x15ad18,80,cBoarderSequenceState::__tf,runtime,host
0x15ad68,64,FUN_0015ad68,,not started
0x15ada8,280,AnimClip_ResolveAnmIndex,animation,ported
0x15aec0,16040,FUN_0015aec0,animation?,not started
0x15ed68,200,FUN_0015ed68,render?,not started
0x15ee30,140,AnimCtl_Reset,animation,not started
0x15eec0,56,AnimCtl_GetClipType,animation,not started
0x15eef8,80,AnimCtl_TurnAllLayers,animation,not started
0x15ef48,80,FUN_0015ef48,boarder?,not started
0x15ef98,136,FUN_0015ef98,boarder?,not started
0x15f020,48,FUN_0015f020,boarder?,not started
0x15f050,12,FUN_0015f050,boarder?,not started
0x15f060,672,FUN_0015f060,animation?,not started
0x15f300,144,FUN_0015f300,animation?,not started
0x15f390,176,FUN_0015f390,animation?,not started
0x15f440,372,FUN_0015f440,animation?,not started
0x15f5b8,328,FUN_0015f5b8,boarder?,not started
0x15f700,200,FUN_0015f700,boarder?,not started
0x15f7c8,632,FUN_0015f7c8,animation?,not started
0x15fa40,196,FUN_0015fa40,animation?,not started
0x15fb08,172,FUN_0015fb08,animation?,not started
0x15fbb8,320,FUN_0015fbb8,animation?,not started
0x15fcf8,216,AnimCtl_PlayClip,animation,not started
0x15fdd0,16,AnimCtl_GetClip,animation,not started
0x15fde0,144,FUN_0015fde0,animation?,not started
0x15fe70,84,FUN_0015fe70,boarder?,not started
0x15fec8,116,FUN_0015fec8,boarder?,not started
0x15ff40,116,AnimCtl_IsClipAtEnd,animation,not started
0x15ffb8,80,AnimCtl_TestClipFlag,animation,not started
0x160008,80,FUN_00160008,boarder?,not started
0x160058,120,FUN_00160058,world?,not started
0x1600d0,112,FUN_001600d0,ai?,not started
0x160140,140,FUN_00160140,animation?,not started
0x1601d0,976,FUN_001601d0,boarder?,not started
0x1605a0,224,FUN_001605a0,animation?,not started
0x160680,1136,FUN_00160680,animation?,not started
0x160af0,48,FUN_00160af0,animation?,not started
0x160b20,1524,FUN_00160b20,boarder?,not started
0x161118,484,FUN_00161118,animation?,not started
0x161300,60,FUN_00161300,animation?,not started
0x161340,8,FUN_00161340,animation?,not started
0x161348,8,FUN_00161348,animation?,not started
0x161350,8,FUN_00161350,animation?,not started
0x161358,8,FUN_00161358,animation?,not started
0x161360,60,FUN_00161360,boarder?,not started
0x1613a0,96,FUN_001613a0,boarder?,not started
0x161400,296,FUN_00161400,boarder?,not started
0x161528,60,FUN_00161528,boarder?,not started
0x161568,60,FUN_00161568,boarder?,not started
0x1615a8,60,FUN_001615a8,boarder?,not started
0x1615e8,84,FUN_001615e8,boarder?,not started
0x161640,92,FUN_00161640,boarder?,not started
0x1616a0,124,FUN_001616a0,,not started
0x161730,48,FUN_00161730,race?,not started
0x161760,64,FUN_00161760,race?,not started
0x1617a0,148,FUN_001617a0,race?,not started
0x161838,16,FUN_00161838,race?,not started
0x161840,96,FUN_00161840,race?,not started
0x1618a0,28,FUN_001618a0,race?,not started
0x1618c0,28,FUN_001618c0,race?,not started
0x1618e0,28,FUN_001618e0,race?,not started
0x161900,36,FUN_00161900,race?,not started
0x161928,364,FUN_00161928,frontend?,not started
0x161a98,164,FUN_00161a98,save?,not started
0x161b40,6168,Profile_ResetNewGame,save,ported
0x163358,272,FUN_00163358,,not started
0x163468,88,FUN_00163468,frontend?,not started
0x1634c0,236,FUN_001634c0,,not started
0x1635b0,8,FUN_001635b0,race?,not started
0x1635b8,532,FUN_001635b8,frontend?,not started
0x1637d0,40,FUN_001637d0,frontend?,not started
0x1637f8,388,FUN_001637f8,frontend?,not started
0x163980,292,FUN_00163980,race?,not started
0x163ab0,96,FUN_00163ab0,race?,not started
0x163b10,36,FUN_00163b10,frontend?,not started
0x163b38,124,FUN_00163b38,frontend?,not started
0x163bb8,264,FUN_00163bb8,frontend?,not started
0x163d30,100,FUN_00163d30,frontend?,not started
0x163d98,100,FUN_00163d98,frontend?,not started
0x163e28,72,FUN_00163e28,,not started
0x163e70,152,FUN_00163e70,race?,not started
0x163f08,8,FUN_00163f08,game?,not started
0x163f10,8,FUN_00163f10,frontend?,not started
0x163f18,56,FUN_00163f18,frontend?,not started
0x163f50,52,FUN_00163f50,race?,not started
0x163f88,96,FUN_00163f88,race?,not started
0x163fe8,52,FUN_00163fe8,race?,not started
0x164020,64,FUN_00164020,race?,not started
0x164060,68,FUN_00164060,race?,not started
0x1640a8,92,FUN_001640a8,scoring?,not started
0x164108,8,FUN_00164108,frontend?,not started
0x164110,100,FUN_00164110,frontend?,not started
0x164178,124,FUN_00164178,frontend?,not started
0x1641f8,92,FUN_001641f8,frontend?,not started
0x164258,44,FUN_00164258,frontend?,not started
0x164288,140,FUN_00164288,frontend?,not started
0x164318,20,FUN_00164318,frontend?,not started
0x164330,56,FUN_00164330,frontend?,not started
0x164368,48,FUN_00164368,race?,not started
0x164398,332,FUN_00164398,race?,not started
0x1644e8,328,FUN_001644e8,race?,not started
0x164638,120,FUN_00164638,race?,not started
0x1646b0,128,FUN_001646b0,race?,not started
0x164730,212,FUN_00164730,race?,not started
0x164808,56,FUN_00164808,race?,not started
0x164840,212,FUN_00164840,race?,not started
0x164918,52,FUN_00164918,frontend?,not started
0x164950,20,FUN_00164950,frontend?,not started
0x164968,348,FUN_00164968,race?,not started
0x164ac8,68,FUN_00164ac8,race?,not started
0x164b10,80,FUN_00164b10,race?,not started
0x164b60,68,FUN_00164b60,race?,not started
0x164ba8,80,FUN_00164ba8,race?,not started
0x164bf8,68,FUN_00164bf8,race?,not started
0x164c40,80,FUN_00164c40,race?,not started
0x164c90,68,FUN_00164c90,race?,not started
0x164cd8,80,FUN_00164cd8,race?,not started
0x164d28,68,FUN_00164d28,race?,not started
0x164d70,80,FUN_00164d70,race?,not started
0x164dc0,56,FUN_00164dc0,frontend?,not started
0x164df8,68,FUN_00164df8,race?,not started
0x164e40,56,FUN_00164e40,race?,not started
0x164e78,68,FUN_00164e78,race?,not started
0x164ec0,56,FUN_00164ec0,race?,not started
0x164ef8,68,FUN_00164ef8,race?,not started
0x164f40,56,FUN_00164f40,race?,not started
0x164f78,68,FUN_00164f78,race?,not started
0x164fc0,1084,FUN_00164fc0,race?,not started
0x165400,104,FUN_00165400,race?,not started
0x165468,240,FUN_00165468,race?,not started
0x165558,260,FUN_00165558,race?,not started
0x165660,36,FUN_00165660,race?,not started
0x165688,240,FUN_00165688,race?,not started
0x165778,712,FUN_00165778,race?,not started
0x165a40,344,FUN_00165a40,race?,not started
0x165b98,344,FUN_00165b98,race?,not started
0x165cf0,1888,FUN_00165cf0,race?,not started
0x166450,92,FUN_00166450,race?,not started
0x1664b0,56,FUN_001664b0,race?,not started
0x1664e8,100,FUN_001664e8,race?,not started
0x166550,48,FUN_00166550,race?,not started
0x166580,20,FUN_00166580,race?,not started
0x166598,100,FUN_00166598,race?,not started
0x166600,508,FUN_00166600,race?,not started
0x166800,64,FUN_00166800,race?,not started
0x166840,44,FUN_00166840,race?,not started
0x166870,48,FUN_00166870,race?,not started
0x1668a0,80,FUN_001668a0,race?,not started
0x1668f0,116,FUN_001668f0,race?,not started
0x166968,240,FUN_00166968,race?,not started
0x166a58,536,FUN_00166a58,race?,not started
0x166c70,60,FUN_00166c70,save?,not started
0x166cb0,748,FUN_00166cb0,ai?,not started
0x166fa0,60,FUN_00166fa0,race?,not started
0x166fe0,48,FUN_00166fe0,race?,not started
0x167010,40,FUN_00167010,race?,not started
0x167038,36,FUN_00167038,frontend?,not started
0x167060,272,FUN_00167060,frontend?,not started
0x167170,16,FUN_00167170,race?,not started
0x167208,2960,RelTable_Init,ai,ported
0x167da0,28,FUN_00167da0,race?,not started
0x167dc0,28,FUN_00167dc0,race?,not started
0x167de0,28,FUN_00167de0,race?,not started
0x167e00,28,FUN_00167e00,race?,not started
0x167ea0,392,FUN_00167ea0,race?,not started
0x168028,344,FUN_00168028,race?,not started
0x168180,344,FUN_00168180,race?,not started
0x1682e0,124,FUN_001682e0,race?,not started
0x168360,808,FUN_00168360,race?,not started
0x168688,28,FUN_00168688,race?,not started
0x1686a8,116,FUN_001686a8,race?,not started
0x168720,204,FUN_00168720,race?,not started
0x1687f0,252,FUN_001687f0,race?,not started
0x1688f0,236,FUN_001688f0,race?,not started
0x1689e0,56,FUN_001689e0,race?,not started
0x168a18,356,FUN_00168a18,race?,not started
0x168b80,8,FUN_00168b80,race?,not started
0x168b88,1640,FUN_00168b88,race?,not started
0x1691f0,392,FUN_001691f0,race?,not started
0x169378,700,FUN_00169378,race?,not started
0x169640,40,FUN_00169640,race?,not started
0x169668,28,FUN_00169668,race?,not started
0x169688,16,FUN_00169688,race?,not started
0x169698,688,FUN_00169698,race?,not started
0x1699a0,444,FUN_001699a0,race?,not started
0x169b60,84,FUN_00169b60,race?,not started
0x169bb8,48,FUN_00169bb8,race?,not started
0x169be8,316,FUN_00169be8,race?,not started
0x169d28,48,FUN_00169d28,race?,not started
0x169e38,2876,FUN_00169e38,race?,not started
0x16a978,28,FUN_0016a978,race?,not started
0x16a998,60,FUN_0016a998,race?,not started
0x16a9d8,1164,FUN_0016a9d8,race?,not started
0x16ae68,872,FUN_0016ae68,race?,not started
0x16b1d0,36,FUN_0016b1d0,race?,not started
0x16b1f8,36,FUN_0016b1f8,race?,not started
0x16b220,36,FUN_0016b220,race?,not started
0x16b248,36,FUN_0016b248,race?,not started
0x16b270,36,FUN_0016b270,race?,not started
0x16b298,152,FUN_0016b298,race?,not started
0x16b330,196,FUN_0016b330,race?,not started
0x16b3f8,196,FUN_0016b3f8,race?,not started
0x16b4c0,196,FUN_0016b4c0,race?,not started
0x16b588,196,FUN_0016b588,race?,not started
0x16b650,44,FUN_0016b650,race?,not started
0x16b6d8,56,FUN_0016b6d8,race?,not started
0x16b7b0,56,FUN_0016b7b0,race?,not started
0x16b860,44,FUN_0016b860,race?,not started
0x16b8e0,44,FUN_0016b8e0,race?,not started
0x16ba18,72,FUN_0016ba18,race?,not started
0x16ba60,72,FUN_0016ba60,race?,not started
0x16baa8,172,FUN_0016baa8,race?,not started
0x16bb58,20,FUN_0016bb58,race?,not started
0x16bb70,40,FUN_0016bb70,race?,not started
0x16bb98,8,thunk_FUN_0016a978,runtime,host
0x16bba0,48,FUN_0016bba0,race?,not started
0x16bbd0,92,FUN_0016bbd0,race?,not started
0x16bc30,12,FUN_0016bc30,race?,not started
0x16bc40,12,FUN_0016bc40,race?,not started
0x16bc50,76,FUN_0016bc50,race?,not started
0x16bca8,8,FUN_0016bca8,race?,not started
0x16bcb0,852,FUN_0016bcb0,race?,not started
0x16c008,540,FUN_0016c008,race?,not started
0x16c228,252,FUN_0016c228,race?,not started
0x16c328,132,FUN_0016c328,race?,not started
0x16c3b0,112,FUN_0016c3b0,race?,not started
0x16c420,3000,Circuit_ProcessUnlocks,race,not started
0x16cfd8,208,FUN_0016cfd8,race?,not started
0x16d0a8,8,FUN_0016d0a8,race?,not started
0x16d0b0,324,FUN_0016d0b0,race?,not started
0x16d1f8,52,FUN_0016d1f8,race?,not started
0x16d230,204,FUN_0016d230,race?,not started
0x16d300,1548,FUN_0016d300,race?,not started
0x16d910,124,FUN_0016d910,race?,not started
0x16d990,60,FUN_0016d990,race?,not started
0x16d9d0,60,FUN_0016d9d0,race?,not started
0x16da10,148,FUN_0016da10,race?,not started
0x16daa8,224,FUN_0016daa8,boarder?,not started
0x16db88,88,FUN_0016db88,boarder?,not started
0x16dbe8,124,FUN_0016dbe8,,not started
0x16dc68,80,FUN_0016dc68,camera?,not started
0x16dcb8,8,CamAnimation::vf0_16dcb8,game?,not started
0x16dcc0,36,cOfflineObject::vf0_16dcc0,game?,not started
0x16dce8,64,FUN_0016dce8,camera?,not started
0x16dd68,60,FUN_0016dd68,camera?,not started
0x16dda8,16,FUN_0016dda8,camera?,not started
0x16ddb8,20,FUN_0016ddb8,camera?,not started
0x16ddd0,56,FUN_0016ddd0,camera?,not started
0x16de00,124,FUN_0016de00,camera?,not started
0x16de80,80,CamCamera::__tf,runtime,host
0x16ded0,8,CamCamera::vf0_16ded0,camera,not started
0x16df00,64,FUN_0016df00,camera?,not started
0x16df80,76,FUN_0016df80,camera?,not started
0x16dfd0,12,FUN_0016dfd0,camera?,not started
0x16dfe0,180,FUN_0016dfe0,camera?,not started
0x16e098,204,FUN_0016e098,camera?,not started
0x16e168,112,FUN_0016e168,camera?,not started
0x16e1d8,112,FUN_0016e1d8,camera?,not started
0x16e248,204,FUN_0016e248,camera?,not started
0x16e318,236,FUN_0016e318,camera?,not started
0x16e408,96,FUN_0016e408,camera?,not started
0x16e468,88,FUN_0016e468,camera?,not started
0x16e4c0,84,FUN_0016e4c0,camera?,not started
0x16e518,112,FUN_0016e518,camera?,not started
0x16e588,168,FUN_0016e588,camera?,not started
0x16e630,124,FUN_0016e630,camera?,not started
0x16e6b0,60,FUN_0016e6b0,camera?,not started
0x16e6f0,124,FUN_0016e6f0,camera?,not started
0x16e770,80,CamDirector::__tf,runtime,host
0x16e7c0,8,CamDirector::vf0_16e7c0,camera?,not started
0x16e7f0,64,FUN_0016e7f0,camera?,not started
0x16e8f0,16,FUN_0016e8f0,camera?,not started
0x16e900,4616,FUN_0016e900,camera?,not started
0x16fb08,856,FUN_0016fb08,world?,not started
0x16fe60,1340,FUN_0016fe60,world?,not started
0x1703a0,20,FUN_001703a0,,not started
0x1703b8,8,FUN_001703b8,camera?,not started
0x1703c0,124,FUN_001703c0,camera?,not started
0x170440,44,FUN_00170440,camera?,not started
0x170470,60,FUN_00170470,camera?,not started
0x1704b0,96,FUN_001704b0,camera?,not started
0x170510,252,FUN_00170510,camera?,not started
0x170610,724,FUN_00170610,camera?,not started
0x1708e8,960,FUN_001708e8,camera?,not started
0x170ca8,1620,FUN_00170ca8,camera?,not started
0x171308,124,FUN_00171308,camera?,not started
0x171388,80,FUN_00171388,camera?,not started
0x1713d8,8,CamPath::vf0_1713d8,camera?,not started
0x171410,64,FUN_00171410,camera?,not started
0x171500,268,FUN_00171500,camera?,not started
0x171610,2068,FUN_00171610,camera?,not started
0x171e28,176,FUN_00171e28,camera?,not started
0x171f60,80,FUN_00171f60,camera?,not started
0x171fb0,8,CamRegion::vf0_171fb0,camera?,not started
0x171fe0,64,FUN_00171fe0,camera?,not started
0x1720c0,60,FUN_001720c0,camera?,not started
0x172100,104,FUN_00172100,camera?,not started
0x172168,124,FUN_00172168,camera?,not started
0x1721e8,80,FUN_001721e8,camera?,not started
0x172238,8,CamScene::vf0_172238,camera?,not started
0x172268,64,FUN_00172268,camera?,not started
0x1722e8,3540,FUN_001722e8,camera?,not started
0x1730c0,24,FUN_001730c0,camera?,not started
0x1730e0,124,FUN_001730e0,camera?,not started
0x1731f8,116,FUN_001731f8,camera?,not started
0x173270,1456,FUN_00173270,camera?,not started
0x173820,460,FUN_00173820,boarder?,not started
0x1739f0,108,FUN_001739f0,,not started
0x173a60,36,FUN_00173a60,camera?,not started
0x173a88,12,FUN_00173a88,boarder?,not started
0x173a98,384,FUN_00173a98,race?,not started
0x173c18,44,FUN_00173c18,race?,not started
0x173c50,440,FUN_00173c50,race?,not started
0x173e08,104,FUN_00173e08,race?,not started
0x173e70,60,FUN_00173e70,race?,not started
0x173eb0,8,FUN_00173eb0,race?,not started
0x173eb8,168,FUN_00173eb8,race?,not started
0x173f60,164,FUN_00173f60,,not started
0x174008,8,FUN_00174008,frontend?,not started
0x174010,444,FUN_00174010,camera?,not started
0x1741d0,104,FUN_001741d0,camera?,not started
0x174238,1612,FUN_00174238,camera?,not started
0x174888,684,cBxCamera::EvalNamedCam,camera,ported
0x174b38,248,FUN_00174b38,camera?,not started
0x174c30,24,FUN_00174c30,camera?,not started
0x174c48,16,FUN_00174c48,game?,not started
0x174c58,20,FUN_00174c58,camera?,not started
0x174c70,40,FUN_00174c70,camera?,not started
0x174c98,144,FUN_00174c98,camera?,not started
0x174d28,1832,FUN_00174d28,camera?,not started
0x175450,1464,FUN_00175450,camera?,not started
0x175a08,404,FUN_00175a08,camera?,not started
0x175ba0,208,FUN_00175ba0,camera?,not started
0x175c70,60,FUN_00175c70,race?,not started
0x175cb0,300,FUN_00175cb0,camera?,not started
0x175de0,108,FUN_00175de0,race?,not started
0x175e50,56,FUN_00175e50,common?,not started
0x175e88,48,FUN_00175e88,race?,not started
0x175eb8,148,FUN_00175eb8,race?,not started
0x175f50,1996,FUN_00175f50,race?,not started
0x176720,304,FUN_00176720,race?,not started
0x176850,1768,FUN_00176850,race?,not started
0x176f38,232,FUN_00176f38,race?,not started
0x177020,84,FUN_00177020,boarder?,not started
0x177078,1308,cBxCamera::vf1_177078,camera,not started
0x1776d0,28,FUN_001776d0,camera?,not started
0x1776f0,100,FUN_001776f0,camera?,not started
0x177758,120,FUN_00177758,camera?,not started
0x1777d0,488,FUN_001777d0,camera?,not started
0x1779b8,660,FUN_001779b8,camera?,not started
0x177d48,80,CamRegion::__tf,runtime,host
0x177db0,28,FUN_00177db0,camera?,not started
0x177dd8,232,cBxCamera::vf0_177dd8,camera,not started
0x177ec0,64,cBxCamera::__tf,runtime,host
0x177f00,80,CamScene::__tf,runtime,host
0x177f58,80,CamPath::__tf,runtime,host
0x178038,64,FUN_00178038,,not started
0x178078,64,FUN_00178078,,not started
0x1780b8,44,FUN_001780b8,,not started
0x1781c0,124,FUN_001781c0,boarder?,not started
0x178240,100,cCamControl::vf0_178240,boarder,not started
0x1782a8,40,FUN_001782a8,boarder?,not started
0x1782d0,60,FUN_001782d0,boarder?,not started
0x178310,12,FUN_00178310,boarder?,not started
0x178320,12,FUN_00178320,boarder?,not started
0x178330,184,FUN_00178330,boarder?,not started
0x1783e8,228,FUN_001783e8,boarder?,not started
0x1784d0,240,cCamControl::vf1_1784d0,boarder,not started
0x1785c0,188,FUN_001785c0,camera?,not started
0x1786c0,12,FUN_001786c0,camera?,not started
0x1786d0,660,FUN_001786d0,camera?,not started
0x178968,188,FUN_00178968,camera?,not started
0x178a28,448,FUN_00178a28,camera?,not started
0x178be8,472,FUN_00178be8,camera?,not started
0x178dc0,8,cCamControl::vf2_178dc0,boarder,not started
0x178dc8,116,FUN_00178dc8,camera?,not started
0x178f50,80,cCamControl::__tf,runtime,host
0x178fa0,80,CamAnimation::__tf,runtime,host
0x179028,64,cOfflineObject::__tf,runtime,host
0x179068,8,FUN_00179068,game?,not started
0x1790b8,124,FUN_001790b8,,not started
0x179138,124,FUN_00179138,,not started
0x1791b8,124,FUN_001791b8,,not started
0x179238,1312,FUN_00179238,ai?,not started
0x179758,40,FUN_00179758,boarder?,not started
0x179780,40,FUN_00179780,boarder?,not started
0x1797a8,40,FUN_001797a8,boarder?,not started
0x1797d0,40,FUN_001797d0,boarder?,not started
0x1797f8,28,FUN_001797f8,boarder?,not started
0x179818,28,FUN_00179818,boarder?,not started
0x179838,24,FUN_00179838,boarder?,not started
0x179850,16,FUN_00179850,boarder?,not started
0x179860,44,cInput::vf0_179860,input,not started
0x179890,56,cInput::vf1_179890,input,not started
0x1798c8,56,cInput::vf2_1798c8,input,not started
0x179900,64,cInput::vf3_179900,input,not started
0x179940,324,FUN_00179940,boarder?,not started
0x179a88,140,FUN_00179a88,render?,not started
0x179b18,636,FUN_00179b18,render?,not started
0x179d98,200,FUN_00179d98,render?,not started
0x179e60,336,FUN_00179e60,render?,not started
0x179fb0,104,FUN_00179fb0,render?,not started
0x17a018,16,FUN_0017a018,render?,not started
0x17a028,16,FUN_0017a028,render?,not started
0x17a038,104,FUN_0017a038,render?,not started
0x17a0a0,104,FUN_0017a0a0,render?,not started
0x17a108,16,FUN_0017a108,render?,not started
0x17a118,16,FUN_0017a118,render?,not started
0x17a128,16,FUN_0017a128,render?,not started
0x17a138,16,FUN_0017a138,render?,not started
0x17a148,96,FUN_0017a148,render?,not started
0x17a1a8,96,FUN_0017a1a8,render?,not started
0x17a208,136,FUN_0017a208,render?,not started
0x17a290,100,FUN_0017a290,render?,not started
0x17a2f8,96,FUN_0017a2f8,render?,not started
0x17a3a0,64,cInput::__tf,runtime,host
0x17a420,416,FUN_0017a420,render?,not started
0x17a5c0,152,FUN_0017a5c0,render?,not started
0x17a658,12,FUN_0017a658,render?,not started
0x17a668,216,FUN_0017a668,render?,not started
0x17a740,236,FUN_0017a740,render?,not started
0x17a830,16,FUN_0017a830,common?,not started
0x17a840,84,FUN_0017a840,render?,not started
0x17a898,20,FUN_0017a898,render?,not started
0x17a8b0,164,FUN_0017a8b0,render?,not started
0x17aa08,76,FUN_0017aa08,render?,not started
0x17aa58,8,cPadDevice::vf3_17aa58,input,not started
0x17aa60,8,cPadDevice::vf4_17aa60,input,not started
0x17aa68,8,cPadDevice::vf1_17aa68,input,not started
0x17aa70,12,cPadDevice::vf2_17aa70,input,not started
0x17aa80,8,cPadDevice::vf7_17aa80,input,not started
0x17aa88,8,cPadDevice::vf6_17aa88,input,not started
0x17aa90,8,cPadDevice::vf5_17aa90,input,not started
0x17ab58,36,cPadDevice::vf0_17ab58,input,not started
0x17ab80,64,cPadDevice::__tf,runtime,host
0x17ac40,204,FUN_0017ac40,render?,not started
0x17ad10,76,cPS2Device::vf0_17ad10,render,not started
0x17ad60,8,cPS2Device::vf8_17ad60,render,not started
0x17ad68,1288,FUN_0017ad68,render?,not started
0x17b270,8,cPS2Device::vf9_17b270,render,not started
0x17b278,964,cPS2Device::vf10_17b278,render,not started
0x17b590,32,cPS2Device::vf3_17b590,render,not started
0x17b5b0,56,cPS2Device::vf4_17b5b0,render,not started
0x17b5e8,36,cPS2Device::vf5_17b5e8,render,not started
0x17b610,44,cPS2Device::vf1_17b610,render,not started
0x17b640,36,cPS2Device::vf2_17b640,render,not started
0x17b668,68,cPS2Device::vf6_17b668,render,not started
0x17b6b0,68,cPS2Device::vf7_17b6b0,render,not started
0x17b6f8,80,cPS2Device::__tf,runtime,host
0x17b748,256,FUN_0017b748,frontend?,not started
0x17b848,92,FUN_0017b848,frontend?,not started
0x17b8a8,144,FUN_0017b8a8,frontend?,not started
0x17b938,56,FUN_0017b938,frontend?,not started
0x17b970,12,FUN_0017b970,frontend?,not started
0x17b980,204,FUN_0017b980,frontend?,not started
0x17ba50,392,cApplication::vf1_17ba50,game,not started
0x17bbd8,532,cApplication::vf3_17bbd8,game,not started
0x17bdf0,8,FUN_0017bdf0,game?,not started
0x17bdf8,332,FUN_0017bdf8,game?,not started
0x17bf48,352,cApplication::vf2_17bf48,game,not started
0x17c0a8,108,FUN_0017c0a8,game?,not started
0x17c118,56,FUN_0017c118,game?,not started
0x17c150,128,FUN_0017c150,game?,not started
0x17c1d0,8,FUN_0017c1d0,game?,not started
0x17c2e0,8,FUN_0017c2e0,frontend?,not started
0x17c360,28,FUN_0017c360,,not started
0x17c380,28,FUN_0017c380,game?,not started
0x17c3a8,28,FUN_0017c3a8,audio?,not started
0x17c3c8,80,cApplication::__tf,runtime,host
0x17c418,76,cApplication::vf0_17c418,game,not started
0x17c468,28,FUN_0017c468,game?,not started
0x17c488,36,cAppMan::vf0_17c488,game,not started
0x17c4b0,64,FUN_0017c4b0,,not started
0x17c530,64,FUN_0017c530,frontend?,not started
0x17c570,328,FUN_0017c570,render?,not started
0x17c6b8,44,FUN_0017c6b8,game?,not started
0x17c6e8,536,FUN_0017c6e8,render?,not started
0x17c908,144,FUN_0017c908,render?,not started
0x17c998,64,FUN_0017c998,render?,not started
0x17c9d8,360,FUN_0017c9d8,render?,not started
0x17cb40,92,FUN_0017cb40,render?,not started
0x17cbc8,64,cAppMan::__tf,runtime,host
0x17cc48,52,FUN_0017cc48,race?,not started
0x17cc80,52,FUN_0017cc80,common?,not started
0x17ccb8,60,FUN_0017ccb8,race?,not started
0x17ccf8,56,FUN_0017ccf8,,not started
0x17cd30,60,FUN_0017cd30,frontend?,not started
0x17cdb8,68,FUN_0017cdb8,hud?,not started
0x17ce00,52,FUN_0017ce00,frontend?,not started
0x17ce38,52,FUN_0017ce38,frontend?,not started
0x17ce70,168,FUN_0017ce70,frontend?,not started
0x17cf50,68,FUN_0017cf50,frontend?,not started
0x17cf98,68,FUN_0017cf98,world?,not started
0x17cfe0,100,cBxObjNode::vf0_17cfe0,world,not started
0x17d048,68,FUN_0017d048,frontend?,not started
0x17d090,80,FUN_0017d090,ai?,not started
0x17d0e0,152,FUN_0017d0e0,ai?,not started
0x17d178,80,FUN_0017d178,ai?,not started
0x17d1c8,8,FUN_0017d1c8,world?,not started
0x17d1d8,44,cBxTypeObjNode::vf7_17d1d8,world,not started
0x17d208,84,cBxSortObjNode::vf7_17d208,world,not started
0x17d260,64,FUN_0017d260,world?,not started
0x17d2a0,64,FUN_0017d2a0,ai?,not started
0x17d2f0,332,FUN_0017d2f0,world?,not started
0x17d440,164,FUN_0017d440,world?,not started
0x17d4e8,92,FUN_0017d4e8,world?,not started
0x17d548,404,FUN_0017d548,world?,not started
0x17d6e0,48,FUN_0017d6e0,world?,not started
0x17d710,44,FUN_0017d710,world?,not started
0x17d740,72,FUN_0017d740,world?,not started
0x17d788,216,FUN_0017d788,world?,not started
0x17d860,36,FUN_0017d860,ai?,not started
0x17d888,36,FUN_0017d888,world?,not started
0x17d8b0,36,FUN_0017d8b0,ai?,not started
0x17d8d8,36,FUN_0017d8d8,world?,not started
0x17d900,36,FUN_0017d900,world?,not started
0x17d928,36,FUN_0017d928,world?,not started
0x17d950,132,FUN_0017d950,game?,not started
0x17d9d8,116,FUN_0017d9d8,ai?,not started
0x17da50,140,FUN_0017da50,ai?,not started
0x17dae0,32,FUN_0017dae0,ai?,not started
0x17db00,264,FUN_0017db00,ai?,not started
0x17dc60,8,cCounterNode::vf6_17dc60,world,not started
0x17dc68,8,cCounterNode::vf5_17dc68,world,not started
0x17dc70,64,cCounterNode::vf4_17dc70,world,not started
0x17dcb0,64,cCounterNode::vf3_17dcb0,world,not started
0x17dcf0,8,cCounterNode::vf2_17dcf0,world,not started
0x17dcf8,8,cRestoreNode::vf1_17dcf8,world,not started
0x17dd00,20,cBxSortObjNode::vf0_17dd00,world,not started
0x17dd18,92,cBxSortObjNode::__tf,runtime,host
0x17dd98,8,cScriptNode::vf10_17dd98,world,not started
0x17dda0,12,cCounterNode::vf9_17dda0,world,not started
0x17ddb0,8,cBxTypeObjNode::vf2_17ddb0,world,not started
0x17ddb8,8,cBxTypeObjNode::vf1_17ddb8,world,not started
0x17ddc0,20,cBxTypeObjNode::vf0_17ddc0,world,not started
0x17ddf8,92,cBxTypeObjNode::__tf,runtime,host
0x17de58,120,FUN_0017de58,world?,not started
0x17ded0,8,cCounterNode::vf8_17ded0,world,not started
0x17ded8,8,cLessonMan::vf7_17ded8,tutorial,not started
0x17dee0,8,cAI::vf6_17dee0,ai,not started
0x17dee8,8,cAI::vf5_17dee8,ai,not started
0x17def0,8,cAI::vf4_17def0,ai,not started
0x17def8,8,cAI::vf3_17def8,ai,not started
0x17df00,8,cAI::vf2_17df00,ai,not started
0x17df08,8,cBxObjNode::vf1_17df08,world,not started
0x17df30,64,cBxObjNode::__tf,runtime,host
0x17dff0,80,cBxTypeObjNodeState::__tf,runtime,host
0x17e040,116,cBxSortObjNodeState::__tf,runtime,host
0x17e0b8,64,FUN_0017e0b8,,not started
0x17e0f8,76,FUN_0017e0f8,game?,not started
0x17e148,2988,cGame::Init,game,not started
0x17ecf8,896,FUN_0017ecf8,game?,not started
0x17f078,124,cGame::IsPaused,game,not started
0x17f0f8,96,FUN_0017f0f8,debugmenu?,not started
0x17f158,12,FUN_0017f158,frontend?,not started
0x17f168,40,FUN_0017f168,frontend?,not started
0x17f190,16,FUN_0017f190,frontend?,not started
0x17f1a0,80,FUN_0017f1a0,debugmenu?,not started
0x17f1f0,308,FUN_0017f1f0,camera?,not started
0x17f328,100,FUN_0017f328,camera?,not started
0x17f390,3232,FUN_0017f390,game?,not started
0x180030,644,FUN_00180030,boarder?,not started
0x1802b8,148,FUN_001802b8,game?,not started
0x180350,452,FUN_00180350,debugmenu?,not started
0x180518,584,FUN_00180518,game?,not started
0x180760,232,FUN_00180760,race?,not started
0x180848,456,FUN_00180848,race?,not started
0x180a10,324,FUN_00180a10,race?,not started
0x180b58,276,FUN_00180b58,game?,not started
0x180c70,152,cGame::Restart,game,not started
0x180d08,228,FUN_00180d08,audio?,not started
0x180e00,928,FUN_00180e00,game?,not started
0x1811a0,716,FUN_001811a0,audio?,not started
0x181470,52,FUN_00181470,game?,not started
0x1814a8,20,FUN_001814a8,common?,not started
0x1814c0,220,FUN_001814c0,game?,not started
0x1815a0,148,FUN_001815a0,game?,not started
0x181638,572,cGame::Update,game,not started
0x181878,68,FUN_00181878,game?,not started
0x1818c0,72,FUN_001818c0,,not started
0x1819b0,8,cVideoLoadModule::vf6_1819b0,video,not started
0x1819b8,8,cVideoLoadModule::vf5_1819b8,video,not started
0x1819c0,8,cVideoLoadModule::vf4_1819c0,video,not started
0x1819c8,8,cVideoLoadModule::vf3_1819c8,video,not started
0x1819d0,8,cVideoLoadModule::vf2_1819d0,video,not started
0x1819d8,8,cVideoLoadModule::vf1_1819d8,video,not started
0x1819e0,20,cVideoLoadModule::vf0_1819e0,video,not started
0x1819f8,80,cVideoLoadModule::__tf,runtime,host
0x181a48,16,FUN_00181a48,debugmenu?,not started
0x181a68,80,cReplayEndRaceHandler::__tf,runtime,host
0x181ad0,80,cSelectLessonHandler::__tf,runtime,host
0x181b28,64,cAIStateHandler::__tf,runtime,host
0x181d50,16,FUN_00181d50,debugmenu?,not started
0x181d60,12,FUN_00181d60,race?,not started
0x181de8,92,cGame::__tf,runtime,host
0x181e48,36,cLoadModule::vf0_181e48,game?,not started
0x181e70,64,FUN_00181e70,game?,not started
0x181eb0,36,cGameModule::vf0_181eb0,game,not started
0x181ed8,64,FUN_00181ed8,game?,not started
0x181ff0,80,cGameState::__tf,runtime,host
0x182040,28,FUN_00182040,game?,not started
0x182060,8,cLoadModule::vf4_182060,game?,not started
0x182068,8,cGameModule::vf4_182068,game,not started
0x182070,64,FUN_00182070,,not started
0x1820b0,188,FUN_001820b0,frontend?,not started
0x182170,680,FUN_00182170,,not started
0x182418,20,cPS2ExecutionMan::vf0_182418,render,not started
0x182430,324,cPS2ExecutionMan::vf1_182430,render,not started
0x182578,88,cPS2ExecutionMan::vf2_182578,render,not started
0x182618,72,cPS2ExecutionMan::vf3_182618,render,not started
0x182660,28,cPS2ExecutionMan::vf4_182660,render,not started
0x182680,164,FUN_00182680,render?,not started
0x182728,300,FUN_00182728,render?,not started
0x182858,848,FUN_00182858,render?,not started
0x182ba8,100,FUN_00182ba8,render?,not started
0x182c10,80,cPS2ExecutionMan::__tf,runtime,host
0x182c60,36,cExecutionMan::vf0_182c60,render?,not started
0x182c88,64,cExecutionMan::__tf,runtime,host
0x182d08,208,cStartScreen::vf1_182d08,game,not started
0x182dd8,248,cStartScreen::vf4_182dd8,game,not started
0x182ed0,776,cStartScreen::vf2_182ed0,game,not started
0x1831d8,720,cStartScreen::vf6_1831d8,game,not started
0x1834a8,144,FUN_001834a8,game?,not started
0x183538,296,FUN_00183538,frontend?,not started
0x183660,292,FUN_00183660,frontend?,not started
0x183788,864,FUN_00183788,frontend?,not started
0x183ae8,308,FUN_00183ae8,hud?,not started
0x183c20,1672,FUN_00183c20,hud?,not started
0x1842a8,112,FUN_001842a8,game?,not started
0x184318,136,FUN_00184318,frontend?,not started
0x1843a0,8,FUN_001843a0,game?,not started
0x1843f8,8,cStartScreen::vf3_1843f8,game,not started
0x184400,80,cStartScreen::__tf,runtime,host
0x184450,76,cStartScreen::vf0_184450,game,not started
0x1844c8,64,FUN_001844c8,game?,not started
0x1845a0,60,cStartScreenSingle::vf4_1845a0,game,not started
0x1845e0,968,cStartScreenSingle::vf5_1845e0,game,not started
0x1850e8,88,FUN_001850e8,game?,not started
0x185410,32,cStartScreenSingle::vf6_185410,game,not started
0x185430,1164,cStartScreenSingle::vf7_185430,game,not started
0x185968,80,cStartScreenSingle::__tf,runtime,host
0x1859b8,8,cStartScreenSingle::vf0_1859b8,game,not started
0x1859c0,104,FUN_001859c0,render?,not started
0x185a28,80,FUN_00185a28,render?,not started
0x185a78,156,FUN_00185a78,render?,not started
0x185b18,268,FUN_00185b18,race?,not started
0x185c28,296,FUN_00185c28,race?,not started
0x185d50,20,FUN_00185d50,render?,not started
0x185d68,76,FUN_00185d68,race?,not started
0x185dc0,8,FUN_00185dc0,,not started
0x185dc8,8,FUN_00185dc8,render?,not started
0x185dd0,428,FUN_00185dd0,race?,not started
0x186078,160,FUN_00186078,game?,not started
0x186118,80,FUN_00186118,,not started
0x186168,8,cCourseResolve::vf0_186168,race,not started
0x1861f0,40,FUN_001861f0,frontend?,not started
0x186218,76,FUN_00186218,game?,not started
0x186268,224,FUN_00186268,game?,not started
0x186348,8,FUN_00186348,game?,not started
0x186350,20,FUN_00186350,audio?,not started
0x186368,20,FUN_00186368,frontend?,not started
0x186380,112,FUN_00186380,,not started
0x1863f8,72,FUN_001863f8,game?,not started
0x186440,32,FUN_00186440,game?,not started
0x1864a0,84,FUN_001864a0,game?,not started
0x1864f8,96,cVideoModule::vf0_1864f8,video,not started
0x186558,40,cVideoModule::vf1_186558,video,not started
0x186580,84,cVideoModule::vf2_186580,video,not started
0x1865d8,72,cVideoModule::vf4_1865d8,video,not started
0x186620,848,cVideoModule::vf5_186620,video,not started
0x186970,144,cVideoModule::vf6_186970,video,not started
0x186aa8,8,cVideoModule::vf3_186aa8,video,not started
0x186ab0,80,cVideoModule::__tf,runtime,host
0x186b28,64,FUN_00186b28,,not started
0x186bb0,328,FUN_00186bb0,debugmenu?,not started
0x186cf8,212,cResolutionMenu::vf5_186cf8,debugmenu,not started
0x186dd0,92,cResolutionMenu::vf2_186dd0,debugmenu,not started
0x186e30,624,FUN_00186e30,debugmenu?,not started
0x1870a0,204,cRenderOptionsMenu::vf3_1870a0,debugmenu,not started
0x187170,760,FUN_00187170,debugmenu?,not started
0x187468,360,cBezierOptionsMenu::vf3_187468,debugmenu,not started
0x1875d0,380,cGameOptionsMenu::cGameOptionsMenu,debugmenu,not started
0x187750,216,cGameOptionsMenu::vf2_187750,debugmenu,not started
0x187828,40,cGameOptionsMenu::vf3_187828,debugmenu,not started
0x187850,636,cDebugMenu::cDebugMenu,debugmenu,not started
0x187ad0,8,cDebugMenu::InstallStub,debugmenu,not started
0x187ad8,248,cDebugMenu::vf2_187ad8,debugmenu,not started
0x187bd0,80,cDebugMenu::vf5_187bd0,debugmenu,not started
0x187c20,148,cDebugMenu::vf6_187c20,debugmenu,not started
0x187cb8,672,FUN_00187cb8,debugmenu?,not started
0x187f58,260,FUN_00187f58,audio?,not started
0x188060,28,cSoundVolumeMenu::vf1_188060,debugmenu,not started
0x188080,656,cSoundVolumeMenu::vf3_188080,debugmenu,not started
0x1883c0,80,cDebugMenu::__tf,runtime,host
0x188410,208,cDebugMenu::vf0_188410,debugmenu,not started
0x1884e0,80,cSoundVolumeMenu::__tf,runtime,host
0x188530,184,cSoundVolumeMenu::vf0_188530,debugmenu,not started
0x1885e8,80,cGameOptionsMenu::__tf,runtime,host
0x188638,112,cGameOptionsMenu::vf0_188638,debugmenu,not started
0x1886a8,80,cRenderOptionsMenu::__tf,runtime,host
0x1886f8,172,cRenderOptionsMenu::vf0_1886f8,debugmenu,not started
0x1887a8,80,cResolutionMenu::__tf,runtime,host
0x1887f8,188,cResolutionMenu::vf0_1887f8,debugmenu,not started
0x1888b8,80,cBezierOptionsMenu::__tf,runtime,host
0x188908,136,cBezierOptionsMenu::vf0_188908,debugmenu,not started
0x188990,40,FUN_00188990,audio?,not started
0x1889b8,32,FUN_001889b8,debugmenu?,not started
0x1889d8,36,cMenuItem::vf0_1889d8,debugmenu,not started
0x188a00,124,cMenuItem::vf1_188a00,debugmenu,not started
0x188a80,72,cMenuItem::vf2_188a80,debugmenu,not started
0x188ac8,8,cMenuItem::vf5_188ac8,debugmenu,not started
0x188ad0,8,cMenuItem::vf6_188ad0,debugmenu,not started
0x188ad8,12,FUN_00188ad8,debugmenu?,not started
0x188b10,12,FUN_00188b10,debugmenu?,not started
0x188b48,32,FUN_00188b48,debugmenu?,not started
0x188b68,32,FUN_00188b68,debugmenu?,not started
0x188b88,32,FUN_00188b88,debugmenu?,not started
0x188ba8,36,cMenu::cMenu,debugmenu,not started
0x188bd0,36,cMenu::vf0_188bd0,debugmenu,not started
0x188bf8,88,FUN_00188bf8,debugmenu?,not started
0x188c50,204,FUN_00188c50,debugmenu?,not started
0x188d20,208,FUN_00188d20,debugmenu?,not started
0x188df0,132,cMenu::vf1_188df0,debugmenu,not started
0x188e78,8,cMenu::vf2_188e78,debugmenu,not started
0x188e80,8,cMenu::vf3_188e80,debugmenu,not started
0x188e88,952,cMenu::vf4_188e88,debugmenu,not started
0x189240,168,cMenu::AddItem,debugmenu,not started
0x1892e8,168,FUN_001892e8,debugmenu?,not started
0x1893a0,176,FUN_001893a0,debugmenu?,not started
0x189450,40,FUN_00189450,debugmenu?,not started
0x189478,48,FUN_00189478,debugmenu?,not started
0x1894a8,108,cMenu::vf5_1894a8,debugmenu,not started
0x189518,72,cMenu::vf6_189518,debugmenu,not started
0x189560,44,cMenuManager::cMenuManager,debugmenu,not started
0x1895b0,20,cMenuManager::Reset,debugmenu,not started
0x1895c8,20,cMenuManager::IsActive,debugmenu,not started
0x1895e0,8,cMenuManager::SetActive,debugmenu,not started
0x1895e8,300,cMenuManager::Update,debugmenu,not started
0x189718,8,FUN_00189718,debugmenu?,not started
0x189720,64,FUN_00189720,debugmenu?,not started
0x189760,60,cMenuManager::GetButtons,debugmenu,not started
0x1897a0,8,cMenuManager::SetPad,debugmenu,not started
0x1897b0,60,cMenuManager::Draw,debugmenu,not started
0x1897f0,164,cMenuManager::Push,debugmenu,not started
0x189898,172,cMenuManager::Pop,debugmenu,not started
0x189948,116,FUN_00189948,debugmenu?,not started
0x1899c0,204,cBoolMenuItem::vf1_1899c0,debugmenu,not started
0x189a90,260,cBoolMenuItem::vf3_189a90,debugmenu,not started
0x189b98,160,cBoolMenuItem::vf4_189b98,debugmenu,not started
0x189c38,68,FUN_00189c38,debugmenu?,not started
0x189c80,64,FUN_00189c80,debugmenu?,not started
0x189cc0,116,FUN_00189cc0,debugmenu?,not started
0x189d78,648,cEnumMenuItem::vf1_189d78,debugmenu,not started
0x18a000,280,cEnumMenuItem::vf3_18a000,debugmenu,not started
0x18a118,180,cEnumMenuItem::vf4_18a118,debugmenu,not started
0x18a1d0,88,FUN_0018a1d0,debugmenu?,not started
0x18a228,112,cSubMenuItem::vf1_18a228,debugmenu,not started
0x18a298,52,cSubMenuItem::vf3_18a298,debugmenu,not started
0x18a2d0,76,cSubMenuItem::vf4_18a2d0,debugmenu,not started
0x18a320,72,FUN_0018a320,debugmenu?,not started
0x18a368,108,cPopMenuItem::vf1_18a368,debugmenu,not started
0x18a3d8,52,cPopMenuItem::vf3_18a3d8,debugmenu,not started
0x18a410,76,cPopMenuItem::vf4_18a410,debugmenu,not started
0x18a460,56,FUN_0018a460,debugmenu?,not started
0x18a498,68,FUN_0018a498,debugmenu?,not started
0x18a4e0,88,FUN_0018a4e0,debugmenu?,not started
0x18a548,132,cCommandMenuItem::vf1_18a548,debugmenu,not started
0x18a5d0,84,cCommandMenuItem::vf3_18a5d0,debugmenu,not started
0x18a628,140,cCommandMenuItem::vf4_18a628,debugmenu,not started
0x18a6b8,72,FUN_0018a6b8,debugmenu?,not started
0x18a700,8,cNullMenuItem::vf2_18a700,debugmenu,not started
0x18a708,52,cNullMenuItem::vf3_18a708,debugmenu,not started
0x18a740,76,cNullMenuItem::vf4_18a740,debugmenu,not started
0x18a790,72,FUN_0018a790,debugmenu?,not started
0x18a7d8,8,cSpaceMenuItem::vf2_18a7d8,debugmenu,not started
0x18a7e0,52,cSpaceMenuItem::vf3_18a7e0,debugmenu,not started
0x18a818,8,cSpaceMenuItem::vf4_18a818,debugmenu,not started
0x18a820,84,FUN_0018a820,debugmenu?,not started
0x18a878,132,FUN_0018a878,debugmenu?,not started
0x18a900,64,FUN_0018a900,debugmenu?,not started
0x18a940,364,cIntMenuItem::vf1_18a940,debugmenu,not started
0x18aab0,56,cIntMenuItem::vf3_18aab0,debugmenu,not started
0x18aae8,124,cIntMenuItem::vf4_18aae8,debugmenu,not started
0x18ab68,144,FUN_0018ab68,debugmenu?,not started
0x18abf8,432,cFloatMenuItem::vf1_18abf8,debugmenu,not started
0x18ada8,56,cFloatMenuItem::vf3_18ada8,debugmenu,not started
0x18ade0,160,cFloatMenuItem::vf4_18ade0,debugmenu,not started
0x18ae80,144,FUN_0018ae80,debugmenu?,not started
0x18af10,432,cAngleMenuItem::vf1_18af10,debugmenu,not started
0x18b0c0,56,cAngleMenuItem::vf3_18b0c0,debugmenu,not started
0x18b0f8,160,cAngleMenuItem::vf4_18b0f8,debugmenu,not started
0x18b198,52,FUN_0018b198,debugmenu?,not started
0x18b1d0,108,FUN_0018b1d0,debugmenu?,not started
0x18b240,20,FUN_0018b240,debugmenu?,not started
0x18b258,1028,cStringMenuItem::vf1_18b258,debugmenu,not started
0x18b660,88,FUN_0018b660,debugmenu?,not started
0x18b6b8,340,cColorMenuItem::vf1_18b6b8,debugmenu,not started
0x18b810,44,cExpandMenuItemMenu::vf2_18b810,debugmenu?,not started
0x18b840,44,cExpandMenuItemMenu::vf3_18b840,debugmenu?,not started
0x18b870,136,FUN_0018b870,debugmenu?,not started
0x18b8f8,164,FUN_0018b8f8,debugmenu?,not started
0x18b9a0,8,FUN_0018b9a0,debugmenu?,not started
0x18b9f8,108,FUN_0018b9f8,debugmenu?,not started
0x18ba68,236,cExpandMenuItem::vf1_18ba68,debugmenu,not started
0x18bb58,44,cExpandMenuItem::vf7_18bb58,debugmenu,not started
0x18bb88,44,cExpandMenuItem::vf8_18bb88,debugmenu,not started
0x18bbb8,444,cExpandMenuItem::vf3_18bbb8,debugmenu,not started
0x18bd78,312,cExpandMenuItem::vf4_18bd78,debugmenu,not started
0x18beb0,120,cExpandMenuItem::vf5_18beb0,debugmenu,not started
0x18bf28,40,cExpandMenuItem::vf6_18bf28,debugmenu,not started
0x18bf50,88,FUN_0018bf50,debugmenu?,not started
0x18bfa8,8,cRGBTitleMenuItem::vf2_18bfa8,debugmenu,not started
0x18bfb0,248,FUN_0018bfb0,debugmenu?,not started
0x18c0a8,108,cRGBMenuItem::vf1_18c0a8,debugmenu,not started
0x18c118,172,FUN_0018c118,debugmenu?,not started
0x18c1c8,188,FUN_0018c1c8,debugmenu?,not started
0x18c288,140,FUN_0018c288,debugmenu?,not started
0x18c318,104,FUN_0018c318,debugmenu?,not started
0x18c380,932,FUN_0018c380,debugmenu?,not started
0x18c728,680,FUN_0018c728,debugmenu?,not started
0x18c9d0,680,FUN_0018c9d0,debugmenu?,not started
0x18cc78,576,FUN_0018cc78,debugmenu?,not started
0x18ceb8,524,FUN_0018ceb8,debugmenu?,not started
0x18d0c8,436,FUN_0018d0c8,debugmenu?,not started
0x18d280,224,cStringMenuItem::vf3_18d280,debugmenu,not started
0x18d360,832,cStringMenuItem::vf4_18d360,debugmenu,not started
0x18d6a0,568,cColorMenuItem::vf3_18d6a0,debugmenu,not started
0x18d8d8,1032,cColorMenuItem::vf4_18d8d8,debugmenu,not started
0x18dce0,116,cRGBTitleMenuItem::vf3_18dce0,debugmenu,not started
0x18dd58,244,cRGBTitleMenuItem::vf4_18dd58,debugmenu,not started
0x18df38,40,FUN_0018df38,debugmenu?,not started
0x18df60,16,FUN_0018df60,debugmenu?,not started
0x18df80,80,cErrorMenu::__tf,runtime,host
0x18dfd0,88,cErrorMenu::vf0_18dfd0,debugmenu?,not started
0x18e030,80,cRGBMenuItem::__tf,runtime,host
0x18e080,100,cRGBMenuItem::vf0_18e080,debugmenu,not started
0x18e0f0,80,cRGBTitleMenuItem::__tf,runtime,host
0x18e140,8,cRGBTitleMenuItem::vf0_18e140,debugmenu,not started
0x18e148,80,cExpandMenuItem::__tf,runtime,host
0x18e198,64,cExpandMenuItem::vf0_18e198,debugmenu,not started
0x18e1d8,80,cExpandMenuItemMenu::__tf,runtime,host
0x18e228,8,cExpandMenuItemMenu::vf0_18e228,debugmenu?,not started
0x18e230,80,cColorMenuItem::__tf,runtime,host
0x18e280,8,cColorMenuItem::vf0_18e280,debugmenu,not started
0x18e288,80,cStringMenuItem::__tf,runtime,host
0x18e2d8,8,cStringMenuItem::vf0_18e2d8,debugmenu,not started
0x18e310,80,cAngleMenuItem::__tf,runtime,host
0x18e360,8,cAngleMenuItem::vf0_18e360,debugmenu,not started
0x18e398,80,cFloatMenuItem::__tf,runtime,host
0x18e3e8,8,cFloatMenuItem::vf0_18e3e8,debugmenu,not started
0x18e400,80,cIntMenuItem::__tf,runtime,host
0x18e450,8,cIntMenuItem::vf0_18e450,debugmenu,not started
0x18e458,80,cSpaceMenuItem::__tf,runtime,host
0x18e4a8,8,cSpaceMenuItem::vf0_18e4a8,debugmenu,not started
0x18e4c0,80,cNullMenuItem::__tf,runtime,host
0x18e510,8,cNullMenuItem::vf0_18e510,debugmenu,not started
0x18e528,80,cCommandMenuItem::__tf,runtime,host
0x18e578,8,cCommandMenuItem::vf0_18e578,debugmenu,not started
0x18e588,80,cPopMenuItem::__tf,runtime,host
0x18e5d8,8,cPopMenuItem::vf0_18e5d8,debugmenu,not started
0x18e5e8,80,cSubMenuItem::__tf,runtime,host
0x18e638,8,cSubMenuItem::vf0_18e638,debugmenu,not started
0x18e660,80,cEnumMenuItem::__tf,runtime,host
0x18e6b0,8,cEnumMenuItem::vf0_18e6b0,debugmenu,not started
0x18e6c8,80,cBoolMenuItem::__tf,runtime,host
0x18e718,8,cBoolMenuItem::vf0_18e718,debugmenu,not started
0x18e748,64,cMenu::__tf,runtime,host
0x18e798,64,cMenuItem::__tf,runtime,host
0x18e850,404,FUN_0018e850,game?,not started
0x18e9e8,224,FUN_0018e9e8,game?,not started
0x18eac8,252,FUN_0018eac8,game?,not started
0x18ebc8,8,FUN_0018ebc8,game?,not started
0x18ebd0,664,FUN_0018ebd0,game?,not started
0x18ee68,84,FUN_0018ee68,camera?,not started
0x18eec0,96,FUN_0018eec0,camera?,not started
0x18ef20,128,FUN_0018ef20,camera?,not started
0x18efa0,128,FUN_0018efa0,camera?,not started
0x18f020,184,FUN_0018f020,camera?,not started
0x18f0d8,144,FUN_0018f0d8,camera?,not started
0x18f168,160,FUN_0018f168,camera?,not started
0x18f208,284,FUN_0018f208,render?,not started
0x18f328,288,FUN_0018f328,ai?,not started
0x18f448,384,FUN_0018f448,ai?,not started
0x18f5c8,8,thunk_FUN_0018f6c0,runtime,host
0x18f5d0,236,FUN_0018f5d0,world?,not started
0x18f6c0,320,FUN_0018f6c0,ai?,not started
0x18f800,164,FUN_0018f800,ai?,not started
0x18f8a8,3508,FUN_0018f8a8,world?,not started
0x190660,284,FUN_00190660,world?,not started
0x190780,244,FUN_00190780,ai?,not started
0x190878,940,FUN_00190878,camera?,not started
0x190c28,24,FUN_00190c28,frontend?,not started
0x190c70,24,FUN_00190c70,frontend?,not started
0x190cb8,132,FUN_00190cb8,frontend?,not started
0x190d40,72,FUN_00190d40,camera?,not started
0x190d88,40,FUN_00190d88,camera?,not started
0x190db0,192,FUN_00190db0,camera?,not started
0x190e78,112,FUN_00190e78,camera?,not started
0x190ee8,112,FUN_00190ee8,camera?,not started
0x190f58,100,FUN_00190f58,camera?,not started
0x190ff0,68,FUN_00190ff0,camera?,not started
0x191038,60,FUN_00191038,camera?,not started
0x191078,68,FUN_00191078,camera?,not started
0x191100,144,FUN_00191100,camera?,not started
0x191190,80,FUN_00191190,camera?,not started
0x1911e0,80,FUN_001911e0,camera?,not started
0x191230,72,FUN_00191230,camera?,not started
0x191298,1168,FUN_00191298,camera?,not started
0x191728,76,FUN_00191728,camera?,not started
0x191778,168,FUN_00191778,camera?,not started
0x191820,16,FUN_00191820,camera?,not started
0x191830,488,FUN_00191830,camera?,not started
0x191a18,168,FUN_00191a18,camera?,not started
0x191ac0,88,FUN_00191ac0,camera?,not started
0x191b18,72,FUN_00191b18,camera?,not started
0x191b60,128,FUN_00191b60,camera?,not started
0x191be0,188,FUN_00191be0,camera?,not started
0x191ca0,140,FUN_00191ca0,camera?,not started
0x191d30,88,FUN_00191d30,camera?,not started
0x191d88,296,FUN_00191d88,frontend?,not started
0x191eb0,420,FUN_00191eb0,,not started
0x192058,288,FUN_00192058,camera?,not started
0x192178,104,FUN_00192178,camera?,not started
0x1922a8,432,FUN_001922a8,ai?,not started
0x192458,72,FUN_00192458,camera?,not started
0x1924a0,340,FUN_001924a0,camera?,not started
0x1925f8,244,FUN_001925f8,camera?,not started
0x1926f0,40,FUN_001926f0,camera?,not started
0x192718,28,FUN_00192718,camera?,not started
0x192738,24,FUN_00192738,camera?,not started
0x192750,8,thunk_FUN_00192738,runtime,host
0x192758,124,FUN_00192758,camera?,not started
0x1927d8,164,FUN_001927d8,boarder?,not started
0x192880,108,FUN_00192880,boarder?,not started
0x1928f0,164,FUN_001928f0,boarder?,not started
0x192998,164,FUN_00192998,boarder?,not started
0x192a40,224,FUN_00192a40,world?,not started
0x192b20,24,FUN_00192b20,game?,not started
0x192b38,112,FUN_00192b38,game?,not started
0x192ba8,68,FUN_00192ba8,render?,not started
0x192bf0,12,FUN_00192bf0,ai?,not started
0x192c00,16,FUN_00192c00,ai?,not started
0x192c10,140,FUN_00192c10,world?,not started
0x192ca0,68,FUN_00192ca0,ai?,not started
0x192ce8,52,FUN_00192ce8,ai?,not started
0x192d20,64,FUN_00192d20,ai?,not started
0x192d60,140,FUN_00192d60,ai?,not started
0x192df0,76,FUN_00192df0,ai?,not started
0x192e40,124,FUN_00192e40,ai?,not started
0x192ec0,52,FUN_00192ec0,ai?,not started
0x192ef8,52,FUN_00192ef8,ai?,not started
0x192f30,72,FUN_00192f30,world?,not started
0x192f78,108,FUN_00192f78,world?,not started
0x192fe8,52,FUN_00192fe8,world?,not started
0x193020,52,FUN_00193020,world?,not started
0x193058,8,FUN_00193058,ai?,not started
0x193060,8,FUN_00193060,ai?,not started
0x193068,28,FUN_00193068,ai?,not started
0x193088,144,FUN_00193088,ai?,not started
0x193118,44,FUN_00193118,camera?,not started
0x193148,76,FUN_00193148,camera?,not started
0x193198,52,FUN_00193198,camera?,not started
0x1931d0,124,FUN_001931d0,camera?,not started
0x193250,88,FUN_00193250,camera?,not started
0x1932a8,60,FUN_001932a8,camera?,not started
0x1932e8,8,thunk_FUN_001931d0,runtime,host
0x1932f0,8,FUN_001932f0,camera?,not started
0x1932f8,120,FUN_001932f8,camera?,not started
0x193370,216,FUN_00193370,camera?,not started
0x193448,164,FUN_00193448,camera?,not started
0x1934f0,228,FUN_001934f0,camera?,not started
0x1935d8,500,FUN_001935d8,camera?,not started
0x1937d0,208,FUN_001937d0,camera?,not started
0x1938a0,40,FUN_001938a0,camera?,not started
0x1938c8,212,FUN_001938c8,camera?,not started
0x1939a0,212,FUN_001939a0,camera?,not started
0x193a78,36,FUN_00193a78,camera?,not started
0x193aa0,48,FUN_00193aa0,camera?,not started
0x193ad0,8,FUN_00193ad0,camera?,not started
0x193ad8,36,FUN_00193ad8,camera?,not started
0x193b00,208,FUN_00193b00,camera?,not started
0x193bd0,148,FUN_00193bd0,camera?,not started
0x193c68,44,FUN_00193c68,audio?,not started
0x193c98,72,FUN_00193c98,race?,not started
0x193ce0,80,FUN_00193ce0,camera?,not started
0x193d30,104,FUN_00193d30,,not started
0x193d98,220,FUN_00193d98,frontend?,not started
0x193e78,152,FUN_00193e78,camera?,not started
0x193f10,96,FUN_00193f10,camera?,not started
0x193f70,456,FUN_00193f70,camera?,not started
0x194138,188,FUN_00194138,camera?,not started
0x1941f8,56,FUN_001941f8,camera?,not started
0x194230,52,FUN_00194230,camera?,not started
0x194268,72,FUN_00194268,camera?,not started
0x1942b0,60,FUN_001942b0,camera?,not started
0x1942f0,268,FUN_001942f0,camera?,not started
0x194400,24,FUN_00194400,camera?,not started
0x194418,256,FUN_00194418,camera?,not started
0x194518,56,FUN_00194518,camera?,not started
0x194550,356,FUN_00194550,camera?,not started
0x1946b8,24,FUN_001946b8,camera?,not started
0x1946d0,128,FUN_001946d0,camera?,not started
0x194750,80,FUN_00194750,camera?,not started
0x1947a0,100,FUN_001947a0,camera?,not started
0x194808,24,FUN_00194808,camera?,not started
0x194820,76,FUN_00194820,camera?,not started
0x194870,80,FUN_00194870,render?,not started
0x1948c0,80,FUN_001948c0,render?,not started
0x194910,888,FUN_00194910,world?,not started
0x194cc0,76,FUN_00194cc0,game?,not started
0x194d10,8,thunk_FUN_00194cc0,runtime,host
0x194d18,92,FUN_00194d18,camera?,not started
0x194d78,828,FUN_00194d78,camera?,not started
0x1950b8,280,FUN_001950b8,camera?,not started
0x1951f8,220,FUN_001951f8,camera?,not started
0x1952d8,104,FUN_001952d8,camera?,not started
0x195340,96,FUN_00195340,camera?,not started
0x1953a0,40,FUN_001953a0,camera?,not started
0x1953c8,96,FUN_001953c8,camera?,not started
0x195428,20,FUN_00195428,camera?,not started
0x195440,28,FUN_00195440,camera?,not started
0x195460,36,FUN_00195460,camera?,not started
0x195488,44,FUN_00195488,camera?,not started
0x1955a0,24,FUN_001955a0,camera?,not started
0x1955b8,40,FUN_001955b8,,not started
0x195690,28,FUN_00195690,frontend?,not started
0x1956b0,12,FUN_001956b0,frontend?,not started
0x1956c0,8,thunk_FUN_00193a78,runtime,host
0x1956c8,40,FUN_001956c8,frontend?,not started
0x1956f0,28,FUN_001956f0,frontend?,not started
0x195710,28,FUN_00195710,frontend?,not started
0x1957b0,40,FUN_001957b0,frontend?,not started
0x1957d8,620,FUN_001957d8,frontend?,not started
0x195a48,572,FUN_00195a48,hud?,not started
0x195c88,340,FUN_00195c88,frontend?,not started
0x195de0,260,FUN_00195de0,frontend?,not started
0x195ee8,264,FUN_00195ee8,game?,not started
0x195ff0,52,FUN_00195ff0,frontend?,not started
0x196028,68,FUN_00196028,frontend?,not started
0x196070,20,FUN_00196070,frontend?,not started
0x196088,160,FUN_00196088,frontend?,not started
0x196128,188,FUN_00196128,frontend?,not started
0x1961e8,8,FUN_001961e8,frontend?,not started
0x1961f0,40,FUN_001961f0,game?,not started
0x196218,644,FUN_00196218,frontend?,not started
0x1964a0,56,FUN_001964a0,frontend?,not started
0x1964d8,88,FUN_001964d8,frontend?,not started
0x196530,132,FUN_00196530,frontend?,not started
0x196700,20,cAIPath::vf2_196700,ai,not started
0x196718,64,cAIPath::vf3_196718,ai,not started
0x196758,252,FUN_00196758,boarder?,not started
0x196858,112,AIP_CanResetAt,ai,not started
0x196940,80,cAIPath::__tf,runtime,host
0x196990,8,cEventPath::vf2_196990,ai,not started
0x196998,24,cEventPath::vf3_196998,ai,not started
0x1969b0,36,cEventPath::vf0_1969b0,ai,not started
0x1969d8,128,cEventPath::vf1_1969d8,ai,not started
0x196ac8,80,cEventPath::__tf,runtime,host
0x196f28,516,FUN_00196f28,files?,not started
0x197130,60,FUN_00197130,files?,not started
0x197170,224,FUN_00197170,files?,not started
0x197250,548,AIP_ProjectOntoPath,ai,not started
0x197478,700,AIP_ProjectOntoPathFrom,ai,not started
0x197738,104,AIP_GetDirectionAtDistance,ai,not started
0x1977f0,64,FUN_001977f0,boarder?,not started
0x197830,224,FUN_00197830,boarder?,not started
0x197910,232,cPath::vf0_197910,ai,not started
0x1979f8,340,AIP_GetPositionAtDistance,ai,not started
0x197b50,64,AIP_GetPathLength,ai,not started
0x197b90,112,cPath::vf1_197b90,ai,not started
0x197ce0,8,cPath::vf3_197ce0,ai,not started
0x197ce8,8,cPath::vf2_197ce8,ai,not started
0x197d30,64,cPath::__tf,runtime,host
0x197d70,44,FUN_00197d70,,not started
0x197da0,236,AIP_LoadPathsFromFile,files,not started
0x197e90,96,FUN_00197e90,render?,not started
0x197ef0,8,FUN_00197ef0,common?,not started
0x197ef8,16,FUN_00197ef8,,not started
0x197f08,28,FUN_00197f08,boarder?,not started
0x197f28,484,FUN_00197f28,boarder?,not started
0x198110,448,AIP_FindNearestLines,ai,not started
0x1982d0,256,FUN_001982d0,boarder?,not started
0x1983d0,324,FUN_001983d0,files?,not started
0x198518,364,FUN_00198518,files?,not started
0x198688,76,FUN_00198688,world?,not started
0x1986d8,72,FUN_001986d8,world?,not started
0x198720,24,FUN_00198720,files?,not started
0x198738,24,FUN_00198738,files?,not started
0x198750,24,FUN_00198750,files?,not started
0x198810,820,cAnimObjectNode::cAnimObjectNode,animation,not started
0x198b48,604,FUN_00198b48,ai?,not started
0x198da8,272,FUN_00198da8,world?,not started
0x198eb8,260,FUN_00198eb8,world?,not started
0x198fc0,112,FUN_00198fc0,boarder?,not started
0x199030,36,FUN_00199030,animation?,not started
0x199058,424,FUN_00199058,boarder?,not started
0x199200,88,FUN_00199200,animation?,not started
0x199258,132,FUN_00199258,animation?,not started
0x1992e0,64,FUN_001992e0,animation?,not started
0x199320,1328,FUN_00199320,world?,not started
0x1998d0,36,FUN_001998d0,world?,not started
0x1998f8,240,FUN_001998f8,world?,not started
0x1999e8,736,FUN_001999e8,ai?,not started
0x199d10,84,cAnimDeltaNode::cAnimDeltaNode,animation,not started
0x199d68,80,FUN_00199d68,ai?,not started
0x199db8,244,cAnimDeltaNode::Update,animation,ported
0x199ee0,60,FUN_00199ee0,world?,not started
0x199f20,392,FUN_00199f20,animation?,not started
0x19a0a8,256,FUN_0019a0a8,ai?,not started
0x19a1a8,112,FUN_0019a1a8,,not started
0x19a218,184,FUN_0019a218,,not started
0x19a390,128,FUN_0019a390,,not started
0x19a410,104,FUN_0019a410,world?,not started
0x19a478,304,FUN_0019a478,animation?,not started
0x19a5a8,344,FUN_0019a5a8,animation?,not started
0x19a700,120,FUN_0019a700,ai?,not started
0x19a778,312,FUN_0019a778,world?,not started
0x19a8b0,64,FUN_0019a8b0,world?,not started
0x19a8f0,76,FUN_0019a8f0,world?,not started
0x19aa18,148,FUN_0019aa18,,not started
0x19aab0,404,FUN_0019aab0,animation?,not started
0x19ac48,108,FUN_0019ac48,render?,not started
0x19acb8,92,cAnimTexFlipNode::__tf,runtime,host
0x19ad18,92,cAnimComboNode::__tf,runtime,host
0x19ad90,84,cAnimDeltaNode::__tf,runtime,host
0x19ae08,92,cAnimObjectNode::__tf,runtime,host
0x19af10,80,cAnimObjectNodeState::__tf,runtime,host
0x19af60,116,cAnimComboNodeState::__tf,runtime,host
0x19afd8,116,cAnimTexFlipNodeState::__tf,runtime,host
0x19b050,64,cTexFlip::__tf,runtime,host
0x19b090,64,FUN_0019b090,,not started
0x19b108,404,FUN_0019b108,common?,not started
0x19b2a0,564,FUN_0019b2a0,,not started
0x19b4d8,596,FUN_0019b4d8,frontend?,not started
0x19b730,404,FUN_0019b730,frontend?,not started
0x19b8c8,640,FUN_0019b8c8,boarder?,not started
0x19bb48,688,FUN_0019bb48,boarder?,not started
0x19bdf8,404,FUN_0019bdf8,frontend?,not started
0x19bf90,596,FUN_0019bf90,frontend?,not started
0x19c1e8,292,FUN_0019c1e8,debugmenu?,not started
0x19c310,324,FUN_0019c310,,not started
0x19c458,456,FUN_0019c458,,not started
0x19c620,344,FUN_0019c620,,not started
0x19c788,48,FUN_0019c788,frontend?,not started
0x19c7b8,80,FUN_0019c7b8,hud?,not started
0x19c808,76,FUN_0019c808,game?,not started
0x19c858,116,Font_ParseSfn,hud,ported
0x19c8d0,60,FUN_0019c8d0,game?,not started
0x19c910,764,FUN_0019c910,render?,not started
0x19cc10,148,FUN_0019cc10,render?,not started
0x19cca8,712,FUN_0019cca8,render?,not started
0x19cf70,332,FUN_0019cf70,hud?,not started
0x19d0c0,332,Font_DrawStringA,hud,ported
0x19d210,100,FUN_0019d210,race?,not started
0x19d278,144,FUN_0019d278,race?,not started
0x19d308,100,FUN_0019d308,game?,not started
0x19d370,124,FUN_0019d370,game?,not started
0x19d3f0,376,FUN_0019d3f0,frontend?,not started
0x19d568,376,Font_PrintfShadowedA,hud,ported
0x19d6e0,140,FUN_0019d6e0,frontend?,not started
0x19d770,140,FUN_0019d770,frontend?,not started
0x19d800,100,FUN_0019d800,hud?,not started
0x19d868,120,FUN_0019d868,hud?,not started
0x19d8e0,128,FUN_0019d8e0,hud?,not started
0x19d960,128,FUN_0019d960,hud?,not started
0x19d9e0,40,FUN_0019d9e0,game?,not started
0x19da08,40,FUN_0019da08,render?,not started
0x19da30,584,FUN_0019da30,frontend?,not started
0x19dc78,584,FUN_0019dc78,frontend?,not started
0x19dec0,12,FUN_0019dec0,game?,not started
0x19ded0,28,FUN_0019ded0,game?,not started
0x19def0,156,FUN_0019def0,race?,not started
0x19df90,1008,FUN_0019df90,hud?,not started
0x19e380,8,FUN_0019e380,game?,not started
0x19e388,40,FUN_0019e388,game?,not started
0x19e3b0,8,thunk_FUN_0019ded0,runtime,host
0x19e460,572,FUN_0019e460,hud?,not started
0x19e6a0,124,FUN_0019e6a0,,not started
0x19e7a0,160,FUN_0019e7a0,frontend?,not started
0x19e840,68,FUN_0019e840,frontend?,not started
0x19e888,12492,FUN_0019e888,hud?,not started
0x1a1958,8,cHUDOverlay::vf15_1a1958,frontend,not started
0x1a1960,8,cHUDOverlay::vf16_1a1960,frontend,not started
0x1a1968,1252,FUN_001a1968,frontend?,not started
0x1a1e50,96,FUN_001a1e50,frontend?,not started
0x1a1eb0,100,FUN_001a1eb0,frontend?,not started
0x1a1f18,2232,cHUDOverlay::vf14_1a1f18,frontend,not started
0x1a27d0,556,cHUDOverlay::vf12_1a27d0,frontend,not started
0x1a2a00,572,cHUDOverlay::vf13_1a2a00,frontend,not started
0x1a2c40,9004,HUD_DrawPlayerSprites,hud,ported
0x1a4f70,6380,HUD_DrawPlayerText,hud,ported
0x1a6860,152,FUN_001a6860,frontend?,not started
0x1a68f8,160,FUN_001a68f8,hud?,not started
0x1a6998,284,FUN_001a6998,,not started
0x1a6b20,20,cHUDOverlay::vf0_1a6b20,frontend,not started
0x1a6b38,80,cHUDOverlay::__tf,runtime,host
0x1a6ba0,236,FUN_001a6ba0,frontend?,not started
0x1a6c90,168,FUN_001a6c90,frontend?,not started
0x1a6d38,636,FUN_001a6d38,frontend?,not started
0x1a6fb8,1792,FUN_001a6fb8,frontend?,not started
0x1a76b8,156,cOverlayMan::vf0_1a76b8,frontend,not started
0x1a7758,76,FUN_001a7758,frontend?,not started
0x1a77a8,80,FUN_001a77a8,hud?,not started
0x1a77f8,80,FUN_001a77f8,common?,not started
0x1a7848,20,FUN_001a7848,game?,not started
0x1a7860,20,FUN_001a7860,game?,not started
0x1a7878,72,FUN_001a7878,frontend?,not started
0x1a78c0,524,cOverlayMan::vf2_1a78c0,frontend,not started
0x1a7ad0,96,cOverlayMan::vf1_1a7ad0,frontend,not started
0x1a7b30,88,FUN_001a7b30,frontend?,not started
0x1a7b88,88,FUN_001a7b88,frontend?,not started
0x1a7be0,44,FUN_001a7be0,common?,not started
0x1a7c10,44,FUN_001a7c10,frontend?,not started
0x1a7c40,8,FUN_001a7c40,frontend?,not started
0x1a7c48,8,FUN_001a7c48,game?,not started
0x1a7c58,44,FUN_001a7c58,frontend?,not started
0x1a7c88,44,FUN_001a7c88,frontend?,not started
0x1a7cb8,44,FUN_001a7cb8,frontend?,not started
0x1a7ce8,44,FUN_001a7ce8,frontend?,not started
0x1a7d18,44,FUN_001a7d18,frontend?,not started
0x1a7d48,44,FUN_001a7d48,frontend?,not started
0x1a7d78,60,FUN_001a7d78,frontend?,not started
0x1a7db8,180,FUN_001a7db8,game?,not started
0x1a7e70,204,FUN_001a7e70,frontend?,not started
0x1a7f40,460,FUN_001a7f40,frontend?,not started
0x1a8110,460,FUN_001a8110,frontend?,not started
0x1a82e8,832,FUN_001a82e8,hud?,not started
0x1a8638,12,FUN_001a8638,audio?,not started
0x1a8648,12,FUN_001a8648,frontend?,not started
0x1a8658,12,FUN_001a8658,frontend?,not started
0x1a8668,12,FUN_001a8668,game?,not started
0x1a8678,12,FUN_001a8678,audio?,not started
0x1a8688,280,FUN_001a8688,frontend?,not started
0x1a87a0,340,FUN_001a87a0,frontend?,not started
0x1a88f8,8,cScreenOverlay::vf14_1a88f8,frontend,not started
0x1a8900,172,FUN_001a8900,frontend?,not started
0x1a89b0,292,FUN_001a89b0,frontend?,not started
0x1a8ad8,152,FUN_001a8ad8,frontend?,not started
0x1a8b70,104,FUN_001a8b70,frontend?,not started
0x1a8bd8,120,cBackdropOverlay::vf14_1a8bd8,frontend,not started
0x1a8c50,444,FUN_001a8c50,frontend?,not started
0x1a8e10,276,FUN_001a8e10,frontend?,not started
0x1a8f28,116,FUN_001a8f28,frontend?,not started
0x1a8fa0,552,FUN_001a8fa0,hud?,not started
0x1a91c8,1880,FUN_001a91c8,hud?,not started
0x1a9928,656,FUN_001a9928,hud?,not started
0x1a9bb8,968,FUN_001a9bb8,frontend?,not started
0x1a9f80,268,FUN_001a9f80,frontend?,not started
0x1aa090,472,FUN_001aa090,frontend?,not started
0x1aa268,956,FUN_001aa268,hud?,not started
0x1aa628,8,cBackdropOverlay::vf15_1aa628,frontend,not started
0x1aa630,1492,FUN_001aa630,hud?,not started
0x1aac08,168,FUN_001aac08,frontend?,not started
0x1aacb0,352,FUN_001aacb0,frontend?,not started
0x1aae10,116,FUN_001aae10,frontend?,not started
0x1aae88,56,FUN_001aae88,frontend?,not started
0x1aaec0,360,FUN_001aaec0,hud?,not started
0x1ab028,284,FUN_001ab028,game?,not started
0x1ab148,88,FUN_001ab148,frontend?,not started
0x1ab1a0,2132,FUN_001ab1a0,hud?,not started
0x1ab9f8,516,FUN_001ab9f8,frontend?,not started
0x1abc00,620,FUN_001abc00,frontend?,not started
0x1abe70,528,FUN_001abe70,hud?,not started
0x1ac080,176,FUN_001ac080,hud?,not started
0x1ac130,732,FUN_001ac130,frontend?,not started
0x1ac410,368,FUN_001ac410,frontend?,not started
0x1ac580,248,FUN_001ac580,frontend?,not started
0x1ac678,356,FUN_001ac678,frontend?,not started
0x1ac7e0,1568,FUN_001ac7e0,frontend?,not started
0x1ace00,920,FUN_001ace00,frontend?,not started
0x1ad198,1164,FUN_001ad198,frontend?,not started
0x1ad628,1788,FUN_001ad628,hud?,not started
0x1add28,1572,FUN_001add28,audio?,not started
0x1ae350,100,cCountdownOverlay::vf15_1ae350,frontend,not started
0x1ae3b8,248,cCountdownOverlay::vf14_1ae3b8,frontend,not started
0x1ae4b0,416,cCountdownOverlay::vf12_1ae4b0,frontend,not started
0x1ae650,16,cPopAsyncLoadOverlay::vf14_1ae650,frontend,not started
0x1ae660,320,cPopAsyncLoadOverlay::vf12_1ae660,frontend,not started
0x1ae7a0,8,cPopAsyncLoadOverlay::vf13_1ae7a0,frontend,not started
0x1ae7a8,56,cPopFinishOverlay::vf15_1ae7a8,frontend,not started
0x1ae7e0,16,cPopFinishOverlay::vf16_1ae7e0,frontend,not started
0x1ae7f0,916,cPopFinishOverlay::vf14_1ae7f0,frontend,not started
0x1aeb88,452,cPopFinishOverlay::vf12_1aeb88,frontend,not started
0x1aed50,1484,cPopFinishOverlay::vf13_1aed50,frontend,not started
0x1af320,336,cBlackFadeOverlay::vf12_1af320,frontend,not started
0x1af470,684,FUN_001af470,frontend?,not started
0x1af720,544,FUN_001af720,frontend?,not started
0x1af950,2100,FUN_001af950,race?,not started
0x1b0188,1644,FUN_001b0188,race?,not started
0x1b07f8,412,FUN_001b07f8,frontend?,not started
0x1b0998,544,FUN_001b0998,ai?,not started
0x1b0bb8,1728,FUN_001b0bb8,race?,not started
0x1b1278,1144,FUN_001b1278,race?,not started
0x1b16f0,952,FUN_001b16f0,race?,not started
0x1b1aa8,256,FUN_001b1aa8,race?,not started
0x1b1ba8,324,FUN_001b1ba8,race?,not started
0x1b2158,720,FUN_001b2158,hud?,not started
0x1b2428,3732,FUN_001b2428,ai?,not started
0x1b32c0,1580,FUN_001b32c0,frontend?,not started
0x1b38f0,272,FUN_001b38f0,frontend?,not started
0x1b3a00,1068,FUN_001b3a00,frontend?,not started
0x1b3e30,152,FUN_001b3e30,hud?,not started
0x1b3ec8,136,FUN_001b3ec8,game?,not started
0x1b3f50,460,FUN_001b3f50,frontend?,not started
0x1b4120,284,FUN_001b4120,frontend?,not started
0x1b4250,620,FUN_001b4250,frontend?,not started
0x1b44c0,972,FUN_001b44c0,frontend?,not started
0x1b4890,188,FUN_001b4890,frontend?,not started
0x1b4950,1092,FUN_001b4950,hud?,not started
0x1b4d98,2780,FUN_001b4d98,hud?,not started
0x1b5878,68,FUN_001b5878,frontend?,not started
0x1b58c0,820,FUN_001b58c0,frontend?,not started
0x1b5bf8,768,FUN_001b5bf8,race?,not started
0x1b5ef8,1376,FUN_001b5ef8,race?,not started
0x1b65f0,1228,FUN_001b65f0,hud?,not started
0x1b6ac0,204,FUN_001b6ac0,game?,not started
0x1b6b90,460,FUN_001b6b90,frontend?,not started
0x1b6d60,776,FUN_001b6d60,frontend?,not started
0x1b73e0,2488,FUN_001b73e0,hud?,not started
0x1b7d98,1056,FUN_001b7d98,race?,not started
0x1b81b8,912,FUN_001b81b8,race?,not started
0x1b8548,24,cLessonOverlay::vf12_1b8548,frontend,not started
0x1b8560,8,cLessonControllerOverlay::vf12_1b8560,frontend,not started
0x1b8568,240,FUN_001b8568,frontend?,not started
0x1b8658,192,FUN_001b8658,frontend?,not started
0x1b8718,1180,cSelectNextEventOverlay::vf17_1b8718,frontend,not started
0x1b8bb8,336,cSelectNextEventOverlay::vf26_1b8bb8,frontend,not started
0x1b8d08,2084,cSelectNextEventOverlay::vf16_1b8d08,frontend,not started
0x1b9530,1080,cSelectNextEventOverlay::vf13_1b9530,frontend,not started
0x1b9968,536,cSelectNextEventOverlay::vf15_1b9968,frontend,not started
0x1b9b80,1388,cSelectNextEventOverlay::vf23_1b9b80,frontend,not started
0x1ba0f0,68,cSelectNextEventOverlay::vf47_1ba0f0,frontend,not started
0x1ba138,56,cSelectNextEventOverlay::vf48_1ba138,frontend,not started
0x1ba170,8,cSelectNextEventOverlay::vf49_1ba170,frontend,not started
0x1ba178,68,cSelectNextEventOverlay::vf50_1ba178,frontend,not started
0x1ba1c0,56,cSelectNextEventOverlay::vf51_1ba1c0,frontend,not started
0x1ba1f8,8,cSelectNextEventOverlay::vf52_1ba1f8,frontend,not started
0x1ba200,8,cSelectNextEventOverlay::vf53_1ba200,frontend,not started
0x1ba300,44,FUN_001ba300,frontend?,not started
0x1ba330,1108,FUN_001ba330,frontend?,not started
0x1ba788,3816,FUN_001ba788,frontend?,not started
0x1bb670,8,cPointDistributionOverlay::vf3_1bb670,frontend,not started
0x1bbb30,1004,FUN_001bbb30,frontend?,not started
0x1bbf20,1916,FUN_001bbf20,hud?,not started
0x1bc6a0,8,cSelectNextVenueOverlay::vf3_1bc6a0,frontend,not started
0x1bc8a0,1156,FUN_001bc8a0,frontend?,not started
0x1bcd28,1120,FUN_001bcd28,hud?,not started
0x1bd188,8,cSelectNextEventOverlay::vf3_1bd188,frontend,not started
0x1bd190,288,FUN_001bd190,frontend?,not started
0x1bd2b0,84,FUN_001bd2b0,frontend?,not started
0x1bd310,68,FUN_001bd310,frontend?,not started
0x1bd358,92,FUN_001bd358,frontend?,not started
0x1bd3b8,1248,FUN_001bd3b8,hud?,not started
0x1bd898,384,FUN_001bd898,hud?,not started
0x1bda40,464,cSelectNextEventOverlay::vf0_1bda40,frontend,not started
0x1bdc10,288,FUN_001bdc10,frontend?,not started
0x1bdd30,84,cSelectNextEventOverlay::__tf,runtime,host
0x1bdd98,464,cSelectNextVenueOverlay::vf0_1bdd98,frontend,not started
0x1bdf68,288,FUN_001bdf68,frontend?,not started
0x1be088,84,cSelectNextVenueOverlay::__tf,runtime,host
0x1be0e8,476,cPointDistributionOverlay::vf0_1be0e8,frontend,not started
0x1be2c8,300,FUN_001be2c8,frontend?,not started
0x1be3f8,84,cPointDistributionOverlay::__tf,runtime,host
0x1be450,20,cLessonControllerOverlay::vf0_1be450,frontend,not started
0x1be4a0,80,cLessonControllerOverlay::__tf,runtime,host
0x1be4f0,20,cLessonOverlay::vf0_1be4f0,frontend,not started
0x1be540,80,cLessonOverlay::__tf,runtime,host
0x1be590,20,cBlackFadeOverlay::vf0_1be590,frontend,not started
0x1be5e0,80,cBlackFadeOverlay::__tf,runtime,host
0x1be630,8,cPopAsyncLoadOverlay::vf15_1be630,frontend,not started
0x1be638,20,cPopAsyncLoadOverlay::vf0_1be638,frontend,not started
0x1be688,80,cPopAsyncLoadOverlay::__tf,runtime,host
0x1be6d8,8,cPopFinishOverlay::vf17_1be6d8,frontend,not started
0x1be6e0,8,cPopFinishOverlay::vf4_1be6e0,frontend,not started
0x1be6e8,20,cPopFinishOverlay::vf0_1be6e8,frontend,not started
0x1be738,80,cPopFinishOverlay::__tf,runtime,host
0x1be788,20,cCountdownOverlay::vf0_1be788,frontend,not started
0x1be7d8,80,cCountdownOverlay::__tf,runtime,host
0x1be828,8,cPauseMenuOverlay::vf6_1be828,frontend,not started
0x1be830,8,cPauseMenuOverlay::vf5_1be830,frontend,not started
0x1be838,8,cPauseMenuOverlay::vf4_1be838,frontend,not started
0x1be840,8,cPauseMenuOverlay::vf3_1be840,frontend,not started
0x1be858,516,cPauseMenuOverlay::vf0_1be858,frontend,not started
0x1bea60,84,cPauseMenuOverlay::__tf,runtime,host
0x1beab8,448,FUN_001beab8,frontend?,not started
0x1bec78,84,cUnlockedOverlay::__tf,runtime,host
0x1becd8,460,FUN_001becd8,frontend?,not started
0x1beea8,84,cHelpRaceOverlay::__tf,runtime,host
0x1bef08,460,FUN_001bef08,frontend?,not started
0x1bf0d8,84,cNextRaceOverlay::__tf,runtime,host
0x1bf130,448,FUN_001bf130,frontend?,not started
0x1bf2f0,84,cHiScoreRecordOverlay::__tf,runtime,host
0x1bf348,436,FUN_001bf348,frontend?,not started
0x1bf500,84,cViewHiScoresOverlay::__tf,runtime,host
0x1bf580,820,FUN_001bf580,frontend?,not started
0x1bf8b8,92,cRaceResultsOverlay::__tf,runtime,host
0x1bf918,100,FUN_001bf918,frontend?,not started
0x1bfa08,40,FUN_001bfa08,frontend?,not started
0x1bfa30,32,FUN_001bfa30,race?,not started
0x1bfa50,32,FUN_001bfa50,race?,not started
0x1bfab0,24,FUN_001bfab0,race?,not started
0x1bfac8,24,FUN_001bfac8,race?,not started
0x1bfb10,12,FUN_001bfb10,race?,not started
0x1bfb20,12,FUN_001bfb20,race?,not started
0x1bfc70,256,FUN_001bfc70,frontend?,not started
0x1bfd70,84,cResultsOverlay::__tf,runtime,host
0x1bfdc8,32,cSelectNextEventOverlay::vf2_1bfdc8,frontend,not started
0x1bfe00,264,cSaveOverlay::vf0_1bfe00,save,not started
0x1bff08,92,cSaveOverlay::__tf,runtime,host
0x1bff78,76,cBackdropOverlay::vf0_1bff78,frontend,not started
0x1bffc8,80,cBackdropOverlay::__tf,runtime,host
0x1c0020,28,FUN_001c0020,frontend?,not started
0x1c0040,8,cScreenOverlay::vf17_1c0040,frontend,not started
0x1c0048,8,cScreenOverlay::vf16_1c0048,frontend,not started
0x1c0050,8,cScreenOverlay::vf15_1c0050,frontend,not started
0x1c0058,8,cScreenOverlay::vf13_1c0058,frontend,not started
0x1c0060,8,cScreenOverlay::vf12_1c0060,frontend,not started
0x1c0068,108,HUD_DrawSprite,hud,not started
0x1c0148,56,FUN_001c0148,,not started
0x1c0180,12,cScreenOverlay::vf11_1c0180,frontend,not started
0x1c0190,12,cScreenOverlay::vf10_1c0190,frontend,not started
0x1c01a0,8,cScreenOverlay::vf9_1c01a0,frontend,not started
0x1c01a8,8,cScreenOverlay::vf8_1c01a8,frontend,not started
0x1c01b0,8,cScreenOverlay::vf7_1c01b0,frontend,not started
0x1c01b8,8,cScreenOverlay::vf6_1c01b8,frontend,not started
0x1c01c0,8,cScreenOverlay::vf5_1c01c0,frontend,not started
0x1c01c8,8,cScreenOverlay::vf4_1c01c8,frontend,not started
0x1c01d0,8,cScreenOverlay::vf3_1c01d0,frontend,not started
0x1c01d8,8,cScreenOverlay::vf2_1c01d8,frontend,not started
0x1c01e0,8,cScreenOverlay::vf1_1c01e0,frontend,not started
0x1c01e8,36,cScreenOverlay::vf0_1c01e8,frontend,not started
0x1c0210,64,cScreenOverlay::__tf,runtime,host
0x1c0260,80,cOverlayMan::__tf,runtime,host
0x1c0340,116,FUN_001c0340,render?,not started
0x1c03e8,84,FUN_001c03e8,render?,not started
0x1c04f8,104,FUN_001c04f8,render?,not started
0x1c0560,120,FUN_001c0560,render?,not started
0x1c05d8,200,FUN_001c05d8,render?,not started
0x1c06a0,516,FUN_001c06a0,render?,not started
0x1c08a8,68,FUN_001c08a8,render?,not started
0x1c08f0,48,FUN_001c08f0,render?,not started
0x1c0920,56,FUN_001c0920,render?,not started
0x1c0958,52,FUN_001c0958,render?,not started
0x1c0990,52,FUN_001c0990,render?,not started
0x1c09c8,8,FUN_001c09c8,render?,not started
0x1c09d0,396,FUN_001c09d0,render?,not started
0x1c0b60,268,FUN_001c0b60,render?,not started
0x1c0c70,100,FUN_001c0c70,render?,not started
0x1c0cd8,204,FUN_001c0cd8,render?,not started
0x1c0da8,208,FUN_001c0da8,render?,not started
0x1c0e78,124,FUN_001c0e78,render?,not started
0x1c0ef8,2244,FUN_001c0ef8,render?,not started
0x1c17c0,760,FUN_001c17c0,render?,not started
0x1c1ab8,280,FUN_001c1ab8,render?,not started
0x1c1bd0,392,FUN_001c1bd0,render?,not started
0x1c1d58,500,FUN_001c1d58,render?,not started
0x1c1f50,5112,FUN_001c1f50,render?,not started
0x1c3348,308,FUN_001c3348,render?,not started
0x1c3480,220,FUN_001c3480,render?,not started
0x1c3560,240,FUN_001c3560,render?,not started
0x1c3650,272,FUN_001c3650,render?,not started
0x1c3760,184,FUN_001c3760,render?,not started
0x1c3818,912,FUN_001c3818,render?,not started
0x1c3ba8,476,FUN_001c3ba8,render?,not started
0x1c3d88,480,FUN_001c3d88,render?,not started
0x1c3f68,284,FUN_001c3f68,render?,not started
0x1c4088,208,FUN_001c4088,render?,not started
0x1c4158,72,FUN_001c4158,render?,not started
0x1c41a0,128,FUN_001c41a0,render?,not started
0x1c4220,80,FUN_001c4220,render?,not started
0x1c4270,44,FUN_001c4270,render?,not started
0x1c42a0,156,FUN_001c42a0,render?,not started
0x1c4340,292,FUN_001c4340,render?,not started
0x1c4468,464,FUN_001c4468,render?,not started
0x1c4638,20,FUN_001c4638,render?,not started
0x1c4650,1508,FUN_001c4650,render?,not started
0x1c4c38,244,FUN_001c4c38,render?,not started
0x1c4d30,52,FUN_001c4d30,render?,not started
0x1c4d68,384,FUN_001c4d68,render?,not started
0x1c4ee8,60,FUN_001c4ee8,render?,not started
0x1c4f28,184,FUN_001c4f28,render?,not started
0x1c4fe0,524,FUN_001c4fe0,render?,not started
0x1c51f0,376,FUN_001c51f0,render?,not started
0x1c5368,828,FUN_001c5368,render?,not started
0x1c5c88,100,FUN_001c5c88,render?,not started
0x1c6f98,208,FUN_001c6f98,render?,not started
0x1c7068,32,FUN_001c7068,render?,not started
0x1c7088,292,FUN_001c7088,render?,not started
0x1c71b0,92,tPS2DrawState::vf0_1c71b0,other,not started
0x1c7210,64,FUN_001c7210,,not started
0x1c7290,88,FUN_001c7290,debugmenu?,not started
0x1c72e8,1320,FUN_001c72e8,debugmenu?,not started
0x1c7810,220,cTerrainObjNode::vf2_1c7810,world,not started
0x1c78f0,12,cModelsObjNode::vf2_1c78f0,world,not started
0x1c7900,204,FUN_001c7900,world?,not started
0x1c79d0,20,cSkyBoxObjNode::vf0_1c79d0,world,not started
0x1c79e8,620,cSkyBoxObjNode::vf2_1c79e8,world,not started
0x1c7d00,80,cSkyBoxObjNode::__tf,runtime,host
0x1c7d50,20,cModelsObjNode::vf0_1c7d50,world,not started
0x1c7da0,80,cModelsObjNode::__tf,runtime,host
0x1c7df0,20,cTerrainObjNode::vf0_1c7df0,world,not started
0x1c7e40,80,cTerrainObjNode::__tf,runtime,host
0x1c7e90,3384,FUN_001c7e90,camera?,not started
0x1c8bc8,112,FUN_001c8bc8,render?,not started
0x1c8c38,52,FUN_001c8c38,boarder?,not started
0x1c8c70,92,FUN_001c8c70,boarder?,not started
0x1c8cd0,124,FUN_001c8cd0,,not started
0x1c8db8,268,FUN_001c8db8,,not started
0x1c8ec8,512,FUN_001c8ec8,world?,not started
0x1c90d0,96,FUN_001c90d0,,not started
0x1c9130,140,FUN_001c9130,render?,not started
0x1c91c0,72,FUN_001c91c0,game?,not started
0x1c9218,160,FUN_001c9218,render?,not started
0x1c92b8,88,cSnowFallMan::vf1_1c92b8,render,not started
0x1c9310,116,FUN_001c9310,render?,not started
0x1c9388,952,FUN_001c9388,render?,not started
0x1c9740,724,cSnowFallMan::vf2_1c9740,render,not started
0x1c9a18,124,FUN_001c9a18,render?,not started
0x1c9a98,80,cSnowFallMan::__tf,runtime,host
0x1c9ae8,8,cSnowFallMan::vf0_1c9ae8,render,not started
0x1c9b20,60,FUN_001c9b20,frontend?,not started
0x1c9b60,68,cFogObjMan::vf0_1c9b60,world?,not started
0x1c9ba8,296,FUN_001c9ba8,world?,not started
0x1c9cd0,128,FUN_001c9cd0,world?,not started
0x1c9d50,8,cFogObjMan::vf1_1c9d50,world?,not started
0x1c9d58,1388,cFogObjMan::vf2_1c9d58,world?,not started
0x1ca2c8,20,FUN_001ca2c8,render?,not started
0x1ca2e0,36,cFogVolume::vf0_1ca2e0,render,not started
0x1ca308,8,cFogVolume::vf1_1ca308,render,not started
0x1ca310,8,cFogVolume::vf2_1ca310,render,not started
0x1ca318,8,cFogVolume::vf3_1ca318,render,not started
0x1ca320,56,FUN_001ca320,render?,not started
0x1ca358,80,cPS2FogVolume::vf0_1ca358,render,not started
0x1ca3a8,492,cPS2FogVolume::vf1_1ca3a8,render,not started
0x1ca598,8,cPS2FogVolume::vf2_1ca598,render,not started
0x1ca5a0,1928,cPS2FogVolume::vf3_1ca5a0,render,not started
0x1cad68,80,cPS2FogVolume::__tf,runtime,host
0x1cadb8,80,cFogObjMan::__tf,runtime,host
0x1cae08,64,cFogVolume::__tf,runtime,host
0x1cae48,44,FUN_001cae48,,not started
0x1caef8,212,FUN_001caef8,frontend?,not started
0x1cb078,92,FUN_001cb078,animation?,not started
0x1cb0d8,116,FUN_001cb0d8,animation?,not started
0x1cb150,68,FUN_001cb150,animation?,not started
0x1cb198,120,FUN_001cb198,world?,not started
0x1cb210,100,FUN_001cb210,ai?,not started
0x1cb278,136,FUN_001cb278,animation?,not started
0x1cb300,404,cAnimFrame::vf1_1cb300,animation,not started
0x1cb498,448,cMeshAnimFrame::vf1_1cb498,animation,ported
0x1cb658,188,FUN_001cb658,animation?,not started
0x1cb718,76,FUN_001cb718,animation?,not started
0x1cb768,8,cCamAnimFrame::vf1_1cb768,animation?,not started
0x1cb770,192,AnimCurve_FindSegment,animation,not started
0x1cb8b0,20,cCamAnimFrame::vf0_1cb8b0,animation?,not started
0x1cb908,80,cCamAnimFrame::__tf,runtime,host
0x1cb960,48,FUN_001cb960,animation?,not started
0x1cb990,20,cMeshAnimFrame::vf0_1cb990,animation,not started
0x1cb9f0,80,cMeshAnimFrame::__tf,runtime,host
0x1cba40,36,cAnimFrame::vf0_1cba40,animation,not started
0x1cba68,52,FUN_001cba68,animation?,not started
0x1cbaa0,84,cAnimFrame::__tf,runtime,host
0x1cbb38,80,cAnimFrameState::__tf,runtime,host
0x1cbb88,64,FUN_001cbb88,,not started
0x1cbbc8,496,FUN_001cbbc8,frontend?,not started
0x1cbdb8,104,cLensFXObjNode::vf0_1cbdb8,world,not started
0x1cbe20,616,cLensFXObjNode::vf2_1cbe20,world,not started
0x1cc088,264,FUN_001cc088,world?,not started
0x1cc190,3756,FUN_001cc190,camera?,not started
0x1cd040,3128,FUN_001cd040,boarder?,not started
0x1ce008,80,cLensFXObjNode::__tf,runtime,host
0x1ce058,44,FUN_001ce058,,not started
0x1ce0f0,28,FUN_001ce0f0,render?,not started
0x1ce110,44,cLightMan::vf0_1ce110,render,not started
0x1ce140,308,FUN_001ce140,common?,not started
0x1ce278,152,FUN_001ce278,frontend?,not started
0x1ce310,204,FUN_001ce310,world?,not started
0x1ce3e0,8,cLightMan::vf14_1ce3e0,render,not started
0x1ce3e8,8,cLightMan::vf13_1ce3e8,render,not started
0x1ce3f0,8,cLightMan::vf12_1ce3f0,render,not started
0x1ce3f8,8,cLightMan::vf8_1ce3f8,render,not started
0x1ce410,64,cLightMan::__tf,runtime,host
0x1ce490,236,FUN_001ce490,frontend?,not started
0x1ce580,44,cMCOverlayManager::vf0_1ce580,save,not started
0x1ce5b0,264,FUN_001ce5b0,frontend?,not started
0x1ce6b8,72,FUN_001ce6b8,frontend?,not started
0x1ce700,44,FUN_001ce700,frontend?,not started
0x1ce730,72,FUN_001ce730,frontend?,not started
0x1ce778,264,FUN_001ce778,frontend?,not started
0x1ce880,44,FUN_001ce880,frontend?,not started
0x1ce8b0,72,FUN_001ce8b0,frontend?,not started
0x1ce8f8,256,FUN_001ce8f8,frontend?,not started
0x1ce9f8,1068,cSelectNextEventOverlay::vf54_1ce9f8,frontend,not started
0x1cee28,60,cSelectNextEventOverlay::vf55_1cee28,frontend,not started
0x1cee68,72,FUN_001cee68,frontend?,not started
0x1ceeb0,44,FUN_001ceeb0,frontend?,not started
0x1ceee0,348,FUN_001ceee0,frontend?,not started
0x1cf040,1512,FUN_001cf040,frontend?,not started
0x1cf628,28,FUN_001cf628,hud?,not started
0x1cf648,76,FUN_001cf648,hud?,not started
0x1cf698,76,FUN_001cf698,hud?,not started
0x1cf6e8,484,FUN_001cf6e8,hud?,not started
0x1cf8d0,68,FUN_001cf8d0,frontend?,not started
0x1cf918,396,FUN_001cf918,frontend?,not started
0x1cfaa8,288,FUN_001cfaa8,frontend?,not started
0x1cfbc8,304,FUN_001cfbc8,frontend?,not started
0x1cfcf8,488,FUN_001cfcf8,frontend?,not started
0x1cfee0,624,FUN_001cfee0,frontend?,not started
0x1d0150,240,FUN_001d0150,frontend?,not started
0x1d0240,168,FUN_001d0240,frontend?,not started
0x1d02e8,108,FUN_001d02e8,frontend?,not started
0x1d0358,200,FUN_001d0358,frontend?,not started
0x1d0420,184,FUN_001d0420,frontend?,not started
0x1d04d8,288,FUN_001d04d8,frontend?,not started
0x1d05f8,172,FUN_001d05f8,frontend?,not started
0x1d06a8,152,FUN_001d06a8,frontend?,not started
0x1d0740,148,FUN_001d0740,frontend?,not started
0x1d07d8,148,FUN_001d07d8,frontend?,not started
0x1d0870,68,FUN_001d0870,frontend?,not started
0x1d08b8,380,FUN_001d08b8,frontend?,not started
0x1d0a38,1164,FUN_001d0a38,frontend?,not started
0x1d0ec8,88,cSelectNextEventOverlay::vf1_1d0ec8,frontend,not started
0x1d0f20,208,FUN_001d0f20,frontend?,not started
0x1d0ff0,200,FUN_001d0ff0,frontend?,not started
0x1d10b8,248,FUN_001d10b8,frontend?,not started
0x1d11b0,184,cSelectNextEventOverlay::vf12_1d11b0,frontend,not started
0x1d1268,136,FUN_001d1268,frontend?,not started
0x1d12f0,420,FUN_001d12f0,frontend?,not started
0x1d1498,644,FUN_001d1498,frontend?,not started
0x1d1720,168,FUN_001d1720,frontend?,not started
0x1d17c8,428,FUN_001d17c8,frontend?,not started
0x1d1978,148,FUN_001d1978,frontend?,not started
0x1d1a10,176,FUN_001d1a10,frontend?,not started
0x1d1ac0,256,FUN_001d1ac0,frontend?,not started
0x1d1bc0,108,FUN_001d1bc0,frontend?,not started
0x1d1c30,332,FUN_001d1c30,frontend?,not started
0x1d1d80,84,FUN_001d1d80,frontend?,not started
0x1d1dd8,84,FUN_001d1dd8,frontend?,not started
0x1d1e30,84,FUN_001d1e30,frontend?,not started
0x1d1e88,44,FUN_001d1e88,frontend?,not started
0x1d1eb8,96,FUN_001d1eb8,frontend?,not started
0x1d1f18,68,FUN_001d1f18,frontend?,not started
0x1d1f60,108,FUN_001d1f60,frontend?,not started
0x1d1fd0,60,FUN_001d1fd0,frontend?,not started
0x1d2010,100,FUN_001d2010,frontend?,not started
0x1d2078,200,FUN_001d2078,frontend?,not started
0x1d2140,92,FUN_001d2140,frontend?,not started
0x1d21a0,16,FUN_001d21a0,frontend?,not started
0x1d21c0,8,FUN_001d21c0,frontend?,not started
0x1d21c8,52,cMCOverlayManager::vf47_1d21c8,save,not started
0x1d2200,44,cMCOverlayManager::vf48_1d2200,save,not started
0x1d2230,72,cMCOverlayManager::vf51_1d2230,save,not started
0x1d2278,76,cMCOverlayManager::vf50_1d2278,save,not started
0x1d22c8,88,cMCOverlayManager::vf17_1d22c8,save,not started
0x1d2320,140,cSelectNextEventOverlay::vf18_1d2320,frontend,not started
0x1d23b0,116,cSelectNextEventOverlay::vf19_1d23b0,frontend,not started
0x1d2428,116,cSelectNextEventOverlay::vf20_1d2428,frontend,not started
0x1d24a0,88,cSelectNextEventOverlay::vf22_1d24a0,frontend,not started
0x1d24f8,140,cSelectNextEventOverlay::vf24_1d24f8,frontend,not started
0x1d2588,116,cSelectNextEventOverlay::vf25_1d2588,frontend,not started
0x1d2600,68,cSelectNextEventOverlay::vf27_1d2600,frontend,not started
0x1d2648,68,cSelectNextEventOverlay::vf28_1d2648,frontend,not started
0x1d2690,68,cSelectNextEventOverlay::vf29_1d2690,frontend,not started
0x1d26d8,152,cSelectNextEventOverlay::vf30_1d26d8,frontend,not started
0x1d2770,152,cSelectNextEventOverlay::vf31_1d2770,frontend,not started
0x1d2808,152,cSelectNextEventOverlay::vf32_1d2808,frontend,not started
0x1d28a0,152,cSelectNextEventOverlay::vf33_1d28a0,frontend,not started
0x1d2938,152,cSelectNextEventOverlay::vf34_1d2938,frontend,not started
0x1d29d0,88,cSelectNextEventOverlay::vf35_1d29d0,frontend,not started
0x1d2a28,116,cSelectNextEventOverlay::vf36_1d2a28,frontend,not started
0x1d2aa0,152,cSelectNextEventOverlay::vf37_1d2aa0,frontend,not started
0x1d2b38,88,cSelectNextEventOverlay::vf38_1d2b38,frontend,not started
0x1d2b90,88,cSelectNextEventOverlay::vf39_1d2b90,frontend,not started
0x1d2be8,140,cSelectNextEventOverlay::vf40_1d2be8,frontend,not started
0x1d2c78,116,cSelectNextEventOverlay::vf41_1d2c78,frontend,not started
0x1d2cf0,92,cSelectNextEventOverlay::vf14_1d2cf0,frontend,not started
0x1d2d50,512,FUN_001d2d50,frontend?,not started
0x1d2f60,56,FUN_001d2f60,frontend?,not started
0x1d2fa0,32,FUN_001d2fa0,frontend?,not started
0x1d2fc8,32,FUN_001d2fc8,frontend?,not started
0x1d2fe8,2092,FUN_001d2fe8,frontend?,not started
0x1d3818,372,FUN_001d3818,frontend?,not started
0x1d3a48,8,cMCOverlayManager::vf53_1d3a48,save,not started
0x1d3a50,8,cMCOverlayManager::vf52_1d3a50,save,not started
0x1d3a58,8,cMCOverlayManager::vf49_1d3a58,save,not started
0x1d3a60,8,cSelectNextEventOverlay::vf46_1d3a60,frontend,not started
0x1d3a68,8,cSelectNextEventOverlay::vf45_1d3a68,frontend,not started
0x1d3a70,8,cSelectNextEventOverlay::vf44_1d3a70,frontend,not started
0x1d3a78,8,cSelectNextEventOverlay::vf43_1d3a78,frontend,not started
0x1d3a80,8,cSelectNextEventOverlay::vf42_1d3a80,frontend,not started
0x1d3a88,8,cMCOverlayManager::vf26_1d3a88,save,not started
0x1d3a90,8,cMCOverlayManager::vf23_1d3a90,save,not started
0x1d3a98,8,cSelectNextEventOverlay::vf21_1d3a98,frontend,not started
0x1d3aa0,8,cMCOverlayManager::vf16_1d3aa0,save,not started
0x1d3aa8,8,cMCOverlayManager::vf15_1d3aa8,save,not started
0x1d3ab0,8,cMCOverlayManager::vf13_1d3ab0,save,not started
0x1d3ab8,8,cSelectNextEventOverlay::vf11_1d3ab8,frontend,not started
0x1d3ac0,8,cSelectNextEventOverlay::vf10_1d3ac0,frontend,not started
0x1d3ac8,8,cSelectNextEventOverlay::vf9_1d3ac8,frontend,not started
0x1d3ad0,8,cSelectNextEventOverlay::vf8_1d3ad0,frontend,not started
0x1d3ad8,8,cSelectNextEventOverlay::vf7_1d3ad8,frontend,not started
0x1d3ae0,8,cSelectNextEventOverlay::vf6_1d3ae0,frontend,not started
0x1d3ae8,8,cSelectNextEventOverlay::vf5_1d3ae8,frontend,not started
0x1d3af0,8,cSelectNextEventOverlay::vf4_1d3af0,frontend,not started
0x1d3af8,8,cSaveOverlay::vf3_1d3af8,save,not started
0x1d3b00,8,cMCOverlayManager::vf2_1d3b00,save,not started
0x1d3b08,64,cMCOverlayManager::__tf,runtime,host
0x1d3b88,8,FUN_001d3b88,game?,not started
0x1d3b90,28,FUN_001d3b90,game?,not started
0x1d3bb0,80,FUN_001d3bb0,game?,not started
0x1d3c00,576,FUN_001d3c00,game?,not started
0x1d3e40,240,FUN_001d3e40,game?,not started
0x1d3f30,240,FUN_001d3f30,game?,not started
0x1d41c0,8,FUN_001d41c0,game?,not started
0x1d41c8,8,FUN_001d41c8,game?,not started
0x1d41d0,8,FUN_001d41d0,game?,not started
0x1d41d8,124,FUN_001d41d8,game?,not started
0x1d4258,148,FUN_001d4258,game?,not started
0x1d42f0,72,FUN_001d42f0,game?,not started
0x1d4338,216,FUN_001d4338,frontend?,not started
0x1d4410,296,FUN_001d4410,,not started
0x1d4538,296,FUN_001d4538,,not started
0x1d4660,304,FUN_001d4660,,not started
0x1d4790,44,FUN_001d4790,game?,not started
0x1d47c0,44,FUN_001d47c0,game?,not started
0x1d47f0,1260,FUN_001d47f0,game?,not started
0x1d4ce0,12,FUN_001d4ce0,game?,not started
0x1d4cf0,12,FUN_001d4cf0,game?,not started
0x1d4d00,8,FUN_001d4d00,game?,not started
0x1d4d08,108,FUN_001d4d08,game?,not started
0x1d4d78,108,FUN_001d4d78,game?,not started
0x1d4de8,408,FUN_001d4de8,,not started
0x1d50b0,208,FUN_001d50b0,,not started
0x1d5180,360,FUN_001d5180,world?,not started
0x1d52e8,20,FUN_001d52e8,world?,not started
0x1d5300,32,FUN_001d5300,world?,not started
0x1d5338,68,FUN_001d5338,world?,not started
0x1d5380,152,FUN_001d5380,world?,not started
0x1d5418,196,FUN_001d5418,world?,not started
0x1d54e0,104,FUN_001d54e0,world?,not started
0x1d5548,36,FUN_001d5548,world?,not started
0x1d5570,544,FUN_001d5570,world?,not started
0x1d5790,332,FUN_001d5790,world?,not started
0x1d58e0,252,FUN_001d58e0,world?,not started
0x1d59e0,16,FUN_001d59e0,world?,not started
0x1d59f0,24,FUN_001d59f0,world?,not started
0x1d5a08,36,FUN_001d5a08,world?,not started
0x1d5a30,304,FUN_001d5a30,world?,not started
0x1d5b60,10532,FUN_001d5b60,world?,not started
0x1d8488,8,FUN_001d8488,ai?,not started
0x1d8490,1592,FUN_001d8490,world?,not started
0x1d8ac8,52,FUN_001d8ac8,world?,not started
0x1d8b00,28,FUN_001d8b00,world?,not started
0x1d8b20,164,FUN_001d8b20,world?,not started
0x1d8bc8,384,FUN_001d8bc8,world?,not started
0x1d8d48,56,FUN_001d8d48,world?,not started
0x1d8d80,64,FUN_001d8d80,ai?,not started
0x1d8dc0,44,FUN_001d8dc0,,not started
0x1d8e30,288,FUN_001d8e30,frontend?,not started
0x1d8f50,132,cParticleMan::vf0_1d8f50,render,not started
0x1d8fd8,64,FUN_001d8fd8,world?,not started
0x1d9018,68,FUN_001d9018,world?,not started
0x1d9060,168,FUN_001d9060,boarder?,not started
0x1d9108,48,FUN_001d9108,boarder?,not started
0x1d9138,208,FUN_001d9138,world?,not started
0x1d9208,1272,FUN_001d9208,world?,not started
0x1d9700,504,FUN_001d9700,render?,not started
0x1d98f8,8,cParticleMan::vf1_1d98f8,render,not started
0x1d9900,356,cParticleMan::vf2_1d9900,render,not started
0x1d9a68,124,FUN_001d9a68,render?,not started
0x1d9ae8,80,cParticleMan::__tf,runtime,host
0x1d9b38,44,FUN_001d9b38,render?,not started
0x1d9be0,96,FUN_001d9be0,render?,not started
0x1d9c40,68,cPS2BezierMan::vf0_1d9c40,render,not started
0x1d9c88,108,cPS2BezierMan::vf1_1d9c88,render,not started
0x1d9cf8,40,cPS2BezierMan::vf2_1d9cf8,render,not started
0x1d9d20,44,cPS2BezierMan::vf14_1d9d20,render,not started
0x1d9d50,360,cPS2BezierMan::vf16_1d9d50,render,not started
0x1d9eb8,156,cPS2BezierMan::vf17_1d9eb8,render,not started
0x1d9f58,1644,cPS2BezierMan::vf15_1d9f58,render,not started
0x1da5c8,2948,FUN_001da5c8,render?,not started
0x1db150,116,FUN_001db150,render?,not started
0x1db1c8,28,FUN_001db1c8,render?,not started
0x1db1e8,780,FUN_001db1e8,render?,not started
0x1db4f8,56,FUN_001db4f8,render?,not started
0x1db530,268,FUN_001db530,render?,not started
0x1db640,508,FUN_001db640,render?,not started
0x1db840,8,cPS2BezierMan::vf13_1db840,render,not started
0x1db848,8,cPS2BezierMan::vf12_1db848,render,not started
0x1db850,8,cPS2BezierMan::vf11_1db850,render,not started
0x1db858,8,cPS2BezierMan::vf10_1db858,render,not started
0x1db860,8,cPS2BezierMan::vf9_1db860,render,not started
0x1db868,8,cPS2BezierMan::vf8_1db868,render,not started
0x1db870,8,cPS2BezierMan::vf7_1db870,render,not started
0x1db878,8,cPS2BezierMan::vf6_1db878,render,not started
0x1db880,8,cPS2BezierMan::vf5_1db880,render,not started
0x1db888,8,cPS2BezierMan::vf4_1db888,render,not started
0x1db890,8,cPS2BezierMan::vf3_1db890,render,not started
0x1db8b8,80,cPS2BezierMan::__tf,runtime,host
0x1db908,36,cBezierMan::vf0_1db908,render?,not started
0x1db930,64,cBezierMan::__tf,runtime,host
0x1db9f0,100,FUN_001db9f0,render?,not started
0x1dba58,84,FUN_001dba58,render?,not started
0x1dbab0,36,cGraphicsMan::vf0_1dbab0,render,not started
0x1dbad8,1680,cPS2GraphicsMan::vf1_1dbad8,render,not started
0x1dc168,164,cPS2GraphicsMan::vf2_1dc168,render,not started
0x1dc210,184,cPS2GraphicsMan::vf6_1dc210,render,not started
0x1dc2c8,92,cPS2GraphicsMan::vf5_1dc2c8,render,not started
0x1dc328,136,cPS2GraphicsMan::vf4_1dc328,render,not started
0x1dc3b0,48,cPS2GraphicsMan::vf25_1dc3b0,render,not started
0x1dc3e0,2092,cPS2GraphicsMan::vf20_1dc3e0,render,not started
0x1dcc10,504,cPS2GraphicsMan::vf22_1dcc10,render,not started
0x1dce08,1608,cPS2GraphicsMan::vf21_1dce08,render,not started
0x1dd450,156,cPS2GraphicsMan::vf35_1dd450,render,not started
0x1dd4f0,216,cPS2GraphicsMan::vf15_1dd4f0,render,not started
0x1dd5c8,1072,cPS2GraphicsMan::vf71_1dd5c8,render,not started
0x1dd9f8,1764,cPS2GraphicsMan::vf72_1dd9f8,render,not started
0x1de0e0,1764,cPS2GraphicsMan::vf73_1de0e0,render,not started
0x1de7c8,704,cPS2GraphicsMan::vf67_1de7c8,render,not started
0x1dea88,180,FUN_001dea88,render?,not started
0x1deb40,140,FUN_001deb40,render?,not started
0x1debd0,100,FUN_001debd0,render?,not started
0x1dec38,180,FUN_001dec38,render?,not started
0x1decf0,360,cPS2GraphicsMan::vf68_1decf0,render,not started
0x1dee58,36,cPS2GraphicsMan::vf69_1dee58,render,not started
0x1dee80,672,cPS2GraphicsMan::vf99_1dee80,render,not started
0x1df120,436,cPS2GraphicsMan::vf101_1df120,render,not started
0x1df2d8,416,cPS2GraphicsMan::vf100_1df2d8,render,not started
0x1df478,2480,cPS2GraphicsMan::vf91_1df478,render,not started
0x1dfe30,344,cPS2GraphicsMan::vf93_1dfe30,render,not started
0x1dff88,1328,cPS2GraphicsMan::vf94_1dff88,render,not started
0x1e04b8,280,FUN_001e04b8,render?,not started
0x1e05d0,140,FUN_001e05d0,render?,not started
0x1e0680,48,FUN_001e0680,render?,not started
0x1e06e0,764,FUN_001e06e0,render?,not started
0x1e09e0,984,FUN_001e09e0,render?,not started
0x1e0db8,256,FUN_001e0db8,render?,not started
0x1e0eb8,252,FUN_001e0eb8,render?,not started
0x1e0fb8,116,FUN_001e0fb8,game?,not started
0x1e1088,8,cPS2GraphicsMan::vf38_1e1088,render,not started
0x1e1090,28,cPS2GraphicsMan::vf39_1e1090,render,not started
0x1e10b0,8,cPS2GraphicsMan::vf40_1e10b0,render,not started
0x1e10b8,204,cPS2GraphicsMan::vf41_1e10b8,render,not started
0x1e1188,68,cPS2GraphicsMan::vf42_1e1188,render,not started
0x1e11d0,388,cPS2GraphicsMan::vf43_1e11d0,render,not started
0x1e1358,348,cPS2GraphicsMan::vf44_1e1358,render,not started
0x1e14b8,88,cPS2GraphicsMan::vf46_1e14b8,render,not started
0x1e1510,308,cPS2GraphicsMan::vf47_1e1510,render,not started
0x1e1648,28,cPS2GraphicsMan::vf45_1e1648,render,not started
0x1e1668,136,cPS2GraphicsMan::vf48_1e1668,render,not started
0x1e16f0,28,cPS2GraphicsMan::vf49_1e16f0,render,not started
0x1e1710,28,cPS2GraphicsMan::vf50_1e1710,render,not started
0x1e1730,988,cPS2GraphicsMan::vf78_1e1730,render,not started
0x1e1b10,768,cPS2GraphicsMan::vf79_1e1b10,render,not started
0x1e1e10,88,cPS2GraphicsMan::vf80_1e1e10,render,not started
0x1e1e68,92,cPS2GraphicsMan::vf81_1e1e68,render,not started
0x1e1ec8,96,FUN_001e1ec8,render?,not started
0x1e1f28,68,FUN_001e1f28,render?,not started
0x1e1f70,2516,cPS2GraphicsMan::vf84_1e1f70,render,not started
0x1e2948,280,cPS2GraphicsMan::vf85_1e2948,render,not started
0x1e2a60,1024,cPS2GraphicsMan::vf74_1e2a60,render,not started
0x1e2e60,1024,cPS2GraphicsMan::vf75_1e2e60,render,not started
0x1e3260,2100,cPS2GraphicsMan::vf70_1e3260,render,not started
0x1e3a98,1292,cPS2GraphicsMan::vf76_1e3a98,render,not started
0x1e3fa8,52,FUN_001e3fa8,render?,not started
0x1e3fe0,68,FUN_001e3fe0,render?,not started
0x1e4028,52,FUN_001e4028,render?,not started
0x1e4060,64,FUN_001e4060,render?,not started
0x1e40a0,76,FUN_001e40a0,render?,not started
0x1e40f0,44,FUN_001e40f0,render?,not started
0x1e4120,28,FUN_001e4120,render?,not started
0x1e4140,324,FUN_001e4140,render?,not started
0x1e4288,2964,FUN_001e4288,render?,not started
0x1e4e20,148,FUN_001e4e20,render?,not started
0x1e4eb8,536,FUN_001e4eb8,render?,not started
0x1e50d8,5120,FUN_001e50d8,render?,not started
0x1e64d8,404,FUN_001e64d8,render?,not started
0x1e6670,36,cGridMesh::vf0_1e6670,render?,not started
0x1e6698,80,cPS2GridMesh::vf0_1e6698,render,not started
0x1e66e8,312,cPS2GridMesh::vf2_1e66e8,render,not started
0x1e6820,300,cPS2GridMesh::vf3_1e6820,render,not started
0x1e6950,392,cPS2GridMesh::vf4_1e6950,render,not started
0x1e6ad8,800,cPS2GridMesh::vf5_1e6ad8,render,not started
0x1e6df8,48,cPS2GridMesh::vf6_1e6df8,render,not started
0x1e6e28,1132,cPS2GridMesh::vf7_1e6e28,render,not started
0x1e7298,592,FUN_001e7298,render?,not started
0x1e74e8,1480,FUN_001e74e8,render?,not started
0x1e7ab0,12,cPS2GraphicsMan::vf98_1e7ab0,render,not started
0x1e7ac0,564,cPS2GraphicsMan::vf97_1e7ac0,render,not started
0x1e7cf8,64,FUN_001e7cf8,render?,not started
0x1e7d38,100,FUN_001e7d38,render?,not started
0x1e7da0,100,FUN_001e7da0,render?,not started
0x1e7e08,436,FUN_001e7e08,render?,not started
0x1e7fc0,220,FUN_001e7fc0,render?,not started
0x1e80a0,340,FUN_001e80a0,render?,not started
0x1e81f8,20,FUN_001e81f8,render?,not started
0x1e8210,924,cPS2GraphicsMan::vf77_1e8210,render,not started
0x1e85b0,648,FUN_001e85b0,render?,not started
0x1e8838,140,FUN_001e8838,render?,not started
0x1e88c8,96,FUN_001e88c8,render?,not started
0x1e8928,48,cPS2GraphicsMan::vf36_1e8928,render,not started
0x1e8958,24,cPS2GraphicsMan::vf24_1e8958,render,not started
0x1e8970,76,cPS2GraphicsMan::vf23_1e8970,render,not started
0x1e89c0,600,cPS2GraphicsMan::vf18_1e89c0,render,not started
0x1e8c18,192,cPS2GraphicsMan::vf17_1e8c18,render,not started
0x1e8cd8,136,cPS2GraphicsMan::vf16_1e8cd8,render,not started
0x1e8d60,28,cPS2GraphicsMan::vf11_1e8d60,render,not started
0x1e8d80,28,cPS2GraphicsMan::vf10_1e8d80,render,not started
0x1e8da0,8,cPS2GraphicsMan::vf7_1e8da0,render,not started
0x1e8da8,20,cPS2GraphicsMan::vf8_1e8da8,render,not started
0x1e8dc0,8,cPS2GraphicsMan::vf9_1e8dc0,render,not started
0x1e8dc8,8,cPS2GridMesh::vf1_1e8dc8,render,not started
0x1e8dd0,80,cPS2GridMesh::__tf,runtime,host
0x1e8e20,128,cPS2GraphicsMan::vf12_1e8e20,render,not started
0x1e8ea0,8,FUN_001e8ea0,render?,not started
0x1e8fd8,44,cPS2GraphicsMan::vf90_1e8fd8,render,not started
0x1e9008,44,cPS2GraphicsMan::vf89_1e9008,render,not started
0x1e9038,48,cPS2GraphicsMan::vf88_1e9038,render,not started
0x1e9068,44,cPS2GraphicsMan::vf87_1e9068,render,not started
0x1e9098,80,cPS2GraphicsMan::vf66_1e9098,render,not started
0x1e90e8,28,cPS2GraphicsMan::vf14_1e90e8,render,not started
0x1e9108,28,cPS2GraphicsMan::vf13_1e9108,render,not started
0x1e9128,116,FUN_001e9128,render?,not started
0x1e91e8,52,cPS2GraphicsMan::vf63_1e91e8,render,not started
0x1e9338,60,cPS2GraphicsMan::vf62_1e9338,render,not started
0x1e9378,60,cPS2GraphicsMan::vf61_1e9378,render,not started
0x1e93e8,48,cPS2GraphicsMan::vf60_1e93e8,render,not started
0x1e9418,48,cPS2GraphicsMan::vf59_1e9418,render,not started
0x1e9448,12,cPS2GraphicsMan::vf58_1e9448,render,not started
0x1e9458,32,cPS2GraphicsMan::vf57_1e9458,render,not started
0x1e9478,112,cPS2GraphicsMan::vf56_1e9478,render,not started
0x1e94e8,32,cPS2GraphicsMan::vf55_1e94e8,render,not started
0x1e9508,288,cPS2GraphicsMan::vf54_1e9508,render,not started
0x1e9628,72,cPS2GraphicsMan::vf53_1e9628,render,not started
0x1e9670,40,cPS2GraphicsMan::vf52_1e9670,render,not started
0x1e9698,112,cPS2GraphicsMan::vf51_1e9698,render,not started
0x1e9708,376,cPS2GraphicsMan::vf34_1e9708,render,not started
0x1e9880,52,cPS2GraphicsMan::vf33_1e9880,render,not started
0x1e98b8,52,cPS2GraphicsMan::vf32_1e98b8,render,not started
0x1e98f0,124,cPS2GraphicsMan::vf31_1e98f0,render,not started
0x1e9970,8,cPS2GraphicsMan::vf30_1e9970,render,not started
0x1e9978,44,cPS2GraphicsMan::vf29_1e9978,render,not started
0x1e99a8,1244,cPS2GraphicsMan::vf28_1e99a8,render,not started
0x1e9e88,32,cPS2GraphicsMan::vf27_1e9e88,render,not started
0x1e9ea8,68,cPS2GraphicsMan::vf26_1e9ea8,render,not started
0x1e9ef0,8,cPS2GraphicsMan::vf86_1e9ef0,render,not started
0x1e9ff0,8,cPS2GraphicsMan::vf96_1e9ff0,render,not started
0x1e9ff8,12,cPS2GraphicsMan::vf65_1e9ff8,render,not started
0x1ea008,12,cPS2GraphicsMan::vf64_1ea008,render,not started
0x1ea018,8,cPS2GraphicsMan::vf37_1ea018,render,not started
0x1ea020,72,cPS2GraphicsMan::vf19_1ea020,render,not started
0x1ea068,8,cPS2GraphicsMan::vf3_1ea068,render,not started
0x1ea070,80,cPS2GraphicsMan::__tf,runtime,host
0x1ea0c0,108,FUN_001ea0c0,render?,not started
0x1ea130,8,cPS2GraphicsMan::vf0_1ea130,render,not started
0x1ea198,64,tPS2DrawState::__tf,runtime,host
0x1ea1d8,8,cPS2LightMan::vf14_1ea1d8,render,not started
0x1ea1e0,8,cPS2LightMan::vf13_1ea1e0,render,not started
0x1ea1e8,8,cPS2LightMan::vf12_1ea1e8,render,not started
0x1ea1f0,8,cPS2LightMan::vf11_1ea1f0,render,not started
0x1ea1f8,8,cPS2LightMan::vf10_1ea1f8,render,not started
0x1ea200,8,cPS2LightMan::vf9_1ea200,render,not started
0x1ea208,8,cPS2LightMan::vf7_1ea208,render,not started
0x1ea210,8,cPS2LightMan::vf6_1ea210,render,not started
0x1ea218,8,cPS2LightMan::vf5_1ea218,render,not started
0x1ea220,8,cPS2LightMan::vf4_1ea220,render,not started
0x1ea228,8,cPS2LightMan::vf3_1ea228,render,not started
0x1ea230,8,cPS2LightMan::vf2_1ea230,render,not started
0x1ea238,8,cPS2LightMan::vf1_1ea238,render,not started
0x1ea240,80,cPS2LightMan::__tf,runtime,host
0x1ea290,8,cPS2LightMan::vf0_1ea290,render,not started
0x1ea298,64,cGridMesh::__tf,runtime,host
0x1ea2d8,8,cGraphicsMan::vf96_1ea2d8,render,not started
0x1ea2e0,8,cGraphicsMan::vf95_1ea2e0,render,not started
0x1ea2e8,8,cGraphicsMan::vf92_1ea2e8,render,not started
0x1ea2f0,8,cGraphicsMan::vf86_1ea2f0,render,not started
0x1ea2f8,8,cGraphicsMan::vf83_1ea2f8,render,not started
0x1ea300,8,cGraphicsMan::vf82_1ea300,render,not started
0x1ea308,8,cGraphicsMan::vf14_1ea308,render,not started
0x1ea310,8,cGraphicsMan::vf13_1ea310,render,not started
0x1ea318,64,cGraphicsMan::__tf,runtime,host
0x1ea358,44,FUN_001ea358,,not started
0x1ea408,200,FUN_001ea408,frontend?,not started
0x1ea4d0,52,FUN_001ea4d0,frontend?,not started
0x1ea508,20,cPS2LensFXObjNode::vf0_1ea508,world,not started
0x1ea520,1136,cPS2LensFXObjNode::vf9_1ea520,world,not started
0x1ea990,176,cPS2LensFXObjNode::vf10_1ea990,world,not started
0x1eaa40,40,cPS2LensFXObjNode::vf15_1eaa40,world,not started
0x1eaa68,288,cPS2LensFXObjNode::vf11_1eaa68,world,not started
0x1eab88,8,cPS2LensFXObjNode::vf14_1eab88,world,not started
0x1eab90,1300,cPS2LensFXObjNode::vf12_1eab90,world,not started
0x1eb0a8,1236,cPS2LensFXObjNode::vf13_1eb0a8,world,not started
0x1eb580,80,cPS2LensFXObjNode::__tf,runtime,host
0x1eb5d0,232,FUN_001eb5d0,frontend?,not started
0x1eb6b8,20,cReplayControlOverlay::vf0_1eb6b8,frontend,not started
0x1eb6d0,3700,cReplayControlOverlay::vf14_1eb6d0,frontend,not started
0x1ec548,476,cReplayControlOverlay::vf15_1ec548,frontend,not started
0x1ec7d8,44,cReplayControlOverlay::vf16_1ec7d8,frontend,not started
0x1ec808,1684,cReplayControlOverlay::vf12_1ec808,frontend,not started
0x1ecea0,1516,FUN_001ecea0,frontend?,not started
0x1ed490,2616,FUN_001ed490,frontend?,not started
0x1edef0,1904,FUN_001edef0,frontend?,not started
0x1ee660,136,FUN_001ee660,frontend?,not started
0x1ee6e8,52,FUN_001ee6e8,frontend?,not started
0x1ee720,1760,FUN_001ee720,hud?,not started
0x1eee00,2060,FUN_001eee00,hud?,not started
0x1ef610,320,FUN_001ef610,frontend?,not started
0x1ef750,156,FUN_001ef750,frontend?,not started
0x1ef7f0,292,FUN_001ef7f0,frontend?,not started
0x1ef918,116,FUN_001ef918,frontend?,not started
0x1ef990,1056,FUN_001ef990,frontend?,not started
0x1efdb0,132,FUN_001efdb0,game?,not started
0x1efe38,184,FUN_001efe38,hud?,not started
0x1efef0,468,FUN_001efef0,frontend?,not started
0x1f00c8,288,FUN_001f00c8,frontend?,not started
0x1f01e8,284,FUN_001f01e8,hud?,not started
0x1f0308,248,cReplayOverlay::vf3_1f0308,frontend,not started
0x1f0400,100,cReplayOverlay::vf4_1f0400,frontend,not started
0x1f0468,20,cReplayOverlay::vf6_1f0468,frontend,not started
0x1f0480,20,cReplayOverlay::vf5_1f0480,frontend,not started
0x1f0498,32,cReplayOverlay::vf2_1f0498,frontend,not started
0x1f05a0,476,cReplayOverlay::vf0_1f05a0,frontend,not started
0x1f0780,84,cReplayOverlay::__tf,runtime,host
0x1f0808,80,cReplayControlOverlay::__tf,runtime,host
0x1f08d0,1412,FUN_001f08d0,frontend?,not started
0x1f0e58,8,FUN_001f0e58,frontend?,not started
0x1f0e60,28,FUN_001f0e60,frontend?,not started
0x1f0e80,200,FUN_001f0e80,frontend?,not started
0x1f0f48,372,FUN_001f0f48,frontend?,not started
0x1f10c0,100,FUN_001f10c0,frontend?,not started
0x1f1128,148,FUN_001f1128,game?,not started
0x1f11c0,148,FUN_001f11c0,race?,not started
0x1f1258,120,FUN_001f1258,,not started
0x1f12d0,372,FUN_001f12d0,game?,not started
0x1f1448,60,FUN_001f1448,game?,not started
0x1f1488,84,FUN_001f1488,game?,not started
0x1f1580,11964,FUN_001f1580,,not started
0x1f4440,15076,SpriteSet_InitHudGameRects,hud,ported
0x1f7f28,3436,FUN_001f7f28,game?,not started
0x1f8c98,1000,FUN_001f8c98,hud?,not started
0x1f9080,836,SpriteSet_BindHudGameTex,hud,not started
0x1f93c8,392,FUN_001f93c8,hud?,not started
0x1f9550,180,FUN_001f9550,hud?,not started
0x1f9608,88,FUN_001f9608,hud?,not started
0x1f9660,308,FUN_001f9660,hud?,not started
0x1f9798,468,FUN_001f9798,hud?,not started
0x1f9970,132,FUN_001f9970,hud?,not started
0x1f99f8,136,FUN_001f99f8,hud?,not started
0x1f9a80,136,FUN_001f9a80,game?,not started
0x1f9b08,136,FUN_001f9b08,hud?,not started
0x1f9b90,136,FUN_001f9b90,hud?,not started
0x1f9c18,136,FUN_001f9c18,hud?,not started
0x1f9ca0,136,FUN_001f9ca0,frontend?,not started
0x1f9d28,292,FUN_001f9d28,hud?,not started
0x1f9e50,36,FUN_001f9e50,common?,not started
0x1f9ee8,76,FUN_001f9ee8,frontend?,not started
0x1f9f38,340,FUN_001f9f38,render?,not started
0x1fa108,884,FUN_001fa108,ai?,not started
0x1fa480,448,FUN_001fa480,ai?,not started
0x1fa640,92,cSplinePathNode::vf0_1fa640,world,not started
0x1fa6a0,404,cSplinePathNode::vf1_1fa6a0,world,not started
0x1fa838,160,FUN_001fa838,boarder?,not started
0x1fa8d8,504,FUN_001fa8d8,boarder?,not started
0x1fabc8,1504,cSplinePathNode::vf2_1fabc8,world,not started
0x1fb1a8,132,cSplinePathNode::vf7_1fb1a8,world,not started
0x1fb368,92,cSplinePathNode::__tf,runtime,host
0x1fb3c8,28,FUN_001fb3c8,game?,not started
0x1fb468,116,cSplinePathNodeState::__tf,runtime,host
0x1fb4e0,288,FUN_001fb4e0,,not started
0x1fb600,140,FUN_001fb600,render?,not started
0x1fb690,652,FUN_001fb690,render?,not started
0x1fb920,652,FUN_001fb920,render?,not started
0x1fbbb0,744,FUN_001fbbb0,render?,not started
0x1fbe98,736,FUN_001fbe98,render?,not started
0x1fc178,440,FUN_001fc178,frontend?,not started
0x1fc330,1012,FUN_001fc330,frontend?,not started
0x1fc728,1436,FUN_001fc728,frontend?,not started
0x1fccc8,7716,FUN_001fccc8,frontend?,not started
0x1feaf0,412,FUN_001feaf0,boarder?,not started
0x1fecc8,32,FUN_001fecc8,game?,not started
0x1fece8,792,FUN_001fece8,,not started
0x1ff000,684,FUN_001ff000,debugmenu?,not started
0x1ff2b0,532,FUN_001ff2b0,race?,not started
0x1ff4c8,200,FUN_001ff4c8,race?,not started
0x1ff590,120,FUN_001ff590,,not started
0x1ff608,64,FUN_001ff608,,not started
0x1ff648,80,FUN_001ff648,frontend?,not started
0x1ff6a0,36,FUN_001ff6a0,race?,not started
0x1ff6f0,300,FUN_001ff6f0,audio?,not started
0x1ff820,112,FUN_001ff820,audio?,not started
0x1ff890,148,FUN_001ff890,audio?,not started
0x1ff928,96,FUN_001ff928,audio?,not started
0x1ff988,8,FUN_001ff988,audio?,not started
0x1ff990,128,FUN_001ff990,audio?,not started
0x1ffa10,40,FUN_001ffa10,audio?,not started
0x1ffa38,76,FUN_001ffa38,audio?,not started
0x1ffa88,244,FUN_001ffa88,audio?,not started
0x1ffb80,84,FUN_001ffb80,audio?,not started
0x1ffbd8,420,FUN_001ffbd8,audio?,not started
0x1ffd80,96,FUN_001ffd80,frontend?,not started
0x1ffde0,144,cVideoStreamMan::vf0_1ffde0,video,not started
0x1ffe70,188,FUN_001ffe70,audio?,not started
0x1fff30,356,FUN_001fff30,frontend?,not started
0x200098,88,FUN_00200098,frontend?,not started
0x2000f0,88,FUN_002000f0,audio?,not started
0x200148,88,FUN_00200148,audio?,not started
0x2001a0,40,FUN_002001a0,frontend?,not started
0x2001c8,44,FUN_002001c8,video?,not started
0x2001f8,116,cVideoStreamMan::vf1_2001f8,video,not started
0x200270,116,cVideoStreamMan::vf2_200270,video,not started
0x2002e8,20,FUN_002002e8,frontend?,not started
0x200300,80,cVideoStreamMan::__tf,runtime,host
0x200390,748,FUN_00200390,world?,not started
0x200680,100,FUN_00200680,world?,not started
0x2006e8,524,FUN_002006e8,world?,not started
0x2008f8,1820,FUN_002008f8,world?,not started
0x201018,124,FUN_00201018,,not started
0x201098,44,FUN_00201098,,not started
0x2010c8,80,FUN_002010c8,render?,not started
0x201118,32,FUN_00201118,render?,not started
0x201138,1616,FUN_00201138,boarder?,not started
0x201788,8,FUN_00201788,frontend?,not started
0x201790,676,FUN_00201790,boarder?,not started
0x201a38,32,FUN_00201a38,,not started
0x201a98,32,FUN_00201a98,,not started
0x201ad8,52,FUN_00201ad8,frontend?,not started
0x201b50,60,FUN_00201b50,frontend?,not started
0x201b90,128,cAsyncBdrLoad::vf0_201b90,files,not started
0x201c10,16,FUN_00201c10,,not started
0x201c20,272,FUN_00201c20,common?,not started
0x201d30,308,FUN_00201d30,,not started
0x201e68,912,FUN_00201e68,boarder?,not started
0x2021f8,432,FUN_002021f8,boarder?,not started
0x2023a8,124,FUN_002023a8,,not started
0x202428,80,cAsyncBdrLoad::__tf,runtime,host
0x202478,36,cBdrLoad::vf0_202478,game,not started
0x2024a0,64,FUN_002024a0,,not started
0x202520,568,FUN_00202520,animation?,not started
0x202758,148,FUN_00202758,animation?,not started
0x2027f0,116,FUN_002027f0,animation?,not started
0x202868,196,FUN_00202868,animation?,not started
0x202930,92,FUN_00202930,animation?,not started
0x202990,68,FUN_00202990,animation?,not started
0x2029d8,292,FUN_002029d8,animation?,not started
0x202b00,3904,FUN_00202b00,animation?,not started
0x203a40,92,cSkelSequence::vf2_203a40,render,not started
0x203aa0,40,cSkelSequence::vf3_203aa0,render,not started
0x203ac8,20,cSkelSequence::vf4_203ac8,render,not started
0x203ae0,28,FUN_00203ae0,animation?,not started
0x203b00,72,FUN_00203b00,render?,not started
0x203b48,24,FUN_00203b48,render?,not started
0x203b98,60,FUN_00203b98,world?,not started
0x203bd8,72,FUN_00203bd8,boarder?,not started
0x203c20,108,FUN_00203c20,boarder?,not started
0x203cf8,64,cSkelSequence::vf1_203cf8,render,not started
0x203d38,8,cSkelSequence::vf0_203d38,render,not started
0x203d40,52,FUN_00203d40,render?,not started
0x203d78,80,cSkelSequence::__tf,runtime,host
0x203df8,80,cSkelSequenceState::__tf,runtime,host
0x203e48,64,cReplayRecordHeader::__tf,runtime,host
0x203e88,12,FUN_00203e88,render?,not started
0x203e98,112,FUN_00203e98,render?,not started
0x203f08,88,FUN_00203f08,render?,not started
0x203f60,60,FUN_00203f60,render?,not started
0x203fa0,48,FUN_00203fa0,render?,not started
0x203fd0,40,FUN_00203fd0,render?,not started
0x203ff8,76,FUN_00203ff8,render?,not started
0x204048,28,FUN_00204048,render?,not started
0x204068,568,FUN_00204068,render?,not started
0x2042a0,72,FUN_002042a0,boarder?,not started
0x2042e8,196,FUN_002042e8,boarder?,not started
0x2043b0,72,FUN_002043b0,boarder?,not started
0x2043f8,196,FUN_002043f8,boarder?,not started
0x2044c0,200,FUN_002044c0,render?,not started
0x204588,16,FUN_00204588,boarder?,not started
0x204598,160,FUN_00204598,render?,not started
0x2049b0,460,FUN_002049b0,,not started
0x204f28,240,FUN_00204f28,,not started
0x205018,76,FUN_00205018,game?,not started
0x205068,24,FUN_00205068,,not started
0x205080,1092,FUN_00205080,render?,not started
0x2054f0,204,FUN_002054f0,render?,not started
0x2055c0,176,FUN_002055c0,render?,not started
0x205670,300,FUN_00205670,render?,not started
0x2057a0,600,FUN_002057a0,boarder?,not started
0x2059f8,124,FUN_002059f8,boarder?,not started
0x205a78,1056,FUN_00205a78,boarder?,not started
0x205e98,2428,FUN_00205e98,boarder?,not started
0x206818,648,FUN_00206818,,not started
0x206ac0,160,FUN_00206ac0,render?,not started
0x206b60,40,FUN_00206b60,render?,not started
0x206b88,136,FUN_00206b88,render?,not started
0x206c10,344,FUN_00206c10,render?,not started
0x206d68,200,FUN_00206d68,render?,not started
0x206e30,112,FUN_00206e30,render?,not started
0x206ea0,112,FUN_00206ea0,render?,not started
0x206f10,112,FUN_00206f10,render?,not started
0x206f80,192,FUN_00206f80,render?,not started
0x207040,100,FUN_00207040,render?,not started
0x2070a8,60,FUN_002070a8,render?,not started
0x2070e8,172,FUN_002070e8,render?,not started
0x207198,2488,FUN_00207198,render?,not started
0x207b58,216,FUN_00207b58,render?,not started
0x207c30,544,FUN_00207c30,render?,not started
0x207e50,196,FUN_00207e50,render?,not started
0x207f18,248,FUN_00207f18,render?,not started
0x208010,524,FUN_00208010,render?,not started
0x208220,152,FUN_00208220,render?,not started
0x2082b8,112,FUN_002082b8,render?,not started
0x208328,112,FUN_00208328,render?,not started
0x208398,60,FUN_00208398,boarder?,not started
0x2083d8,16,FUN_002083d8,boarder?,not started
0x2083e8,16,FUN_002083e8,boarder?,not started
0x2083f8,8,FUN_002083f8,boarder?,not started
0x208400,100,FUN_00208400,boarder?,not started
0x208468,32,FUN_00208468,boarder?,not started
0x208488,184,FUN_00208488,render?,not started
0x208540,164,FUN_00208540,,not started
0x2085e8,64,FUN_002085e8,,not started
0x208628,44,FUN_00208628,,not started
0x2086d8,628,FUN_002086d8,audio?,not started
0x208950,424,FUN_00208950,audio?,not started
0x208af8,124,cAsyncSys::vf0_208af8,files,not started
0x208b78,204,FUN_00208b78,audio?,not started
0x208c48,104,FUN_00208c48,audio?,not started
0x208cb0,552,FUN_00208cb0,audio?,not started
0x208ed8,432,FUN_00208ed8,audio?,not started
0x209088,896,FUN_00209088,audio?,not started
0x209408,1676,FUN_00209408,audio?,not started
0x209a98,8,FUN_00209a98,frontend?,not started
0x209aa0,8,FUN_00209aa0,audio?,not started
0x209af0,80,cAsyncSys::__tf,runtime,host
0x209b40,88,FUN_00209b40,audio?,not started
0x209c18,48,FUN_00209c18,audio?,not started
0x209c48,92,FUN_00209c48,audio?,not started
0x209ca8,80,FUN_00209ca8,audio?,not started
0x209cf8,532,FUN_00209cf8,audio?,not started
0x209f10,92,FUN_00209f10,audio?,not started
0x209f70,196,FUN_00209f70,audio?,not started
0x20a038,116,FUN_0020a038,audio?,not started
0x20a0b0,100,FUN_0020a0b0,audio?,not started
0x20a118,84,FUN_0020a118,audio?,not started
0x20a170,72,FUN_0020a170,audio?,not started
0x20a1b8,96,FUN_0020a1b8,audio?,not started
0x20a218,76,FUN_0020a218,audio?,not started
0x20a268,132,FUN_0020a268,audio?,not started
0x20a2f0,224,FUN_0020a2f0,audio?,not started
0x20a3d0,144,cBankManager::vf0_20a3d0,audio,not started
0x20a460,164,FUN_0020a460,audio?,not started
0x20a508,20,FUN_0020a508,audio?,not started
0x20a520,176,FUN_0020a520,audio?,not started
0x20a5d0,32,FUN_0020a5d0,audio?,not started
0x20a5f0,20,FUN_0020a5f0,game?,not started
0x20a608,28,FUN_0020a608,audio?,not started
0x20a628,20,FUN_0020a628,audio?,not started
0x20a640,20,cBankManager::vf9_20a640,audio,not started
0x20a658,48,cBankManager::vf10_20a658,audio,not started
0x20a688,40,cBankManager::vf11_20a688,audio,not started
0x20a6b0,48,FUN_0020a6b0,audio?,not started
0x20a6e0,128,FUN_0020a6e0,audio?,not started
0x20a7b8,80,cBankManager::__tf,runtime,host
0x20a888,56,FUN_0020a888,audio?,not started
0x20a8c0,28,FUN_0020a8c0,audio?,not started
0x20a8e0,248,FUN_0020a8e0,audio?,not started
0x20a9d8,72,FUN_0020a9d8,audio?,not started
0x20aa20,88,FUN_0020aa20,audio?,not started
0x20aab8,112,FUN_0020aab8,audio?,not started
0x20ab28,28,FUN_0020ab28,audio?,not started
0x20ab48,92,FUN_0020ab48,audio?,not started
0x20aba8,12,FUN_0020aba8,audio?,not started
0x20abb8,64,FUN_0020abb8,audio?,not started
0x20abf8,12,FUN_0020abf8,audio?,not started
0x20ac08,72,FUN_0020ac08,audio?,not started
0x20ac50,232,FUN_0020ac50,audio?,not started
0x20ad38,236,FUN_0020ad38,audio?,not started
0x20ae28,656,FUN_0020ae28,audio?,not started
0x20b0b8,156,FUN_0020b0b8,audio?,not started
0x20b158,1324,FUN_0020b158,audio?,not started
0x20b688,116,FUN_0020b688,audio?,not started
0x20b700,580,FUN_0020b700,audio?,not started
0x20b948,104,FUN_0020b948,audio?,not started
0x20b9b0,80,FUN_0020b9b0,audio?,not started
0x20ba00,404,FUN_0020ba00,audio?,not started
0x20bb98,196,FUN_0020bb98,audio?,not started
0x20bc60,136,cBankMonitor::vf0_20bc60,audio?,not started
0x20bce8,124,FUN_0020bce8,audio?,not started
0x20bd68,640,FUN_0020bd68,audio?,not started
0x20bfe8,88,FUN_0020bfe8,audio?,not started
0x20c040,84,FUN_0020c040,frontend?,not started
0x20c098,68,FUN_0020c098,audio?,not started
0x20c0e0,20,FUN_0020c0e0,audio?,not started
0x20c0f8,76,cBankMonitor::vf5_20c0f8,audio?,not started
0x20c148,184,cBankMonitor::vf6_20c148,audio?,not started
0x20c200,156,FUN_0020c200,audio?,not started
0x20c2a0,104,FUN_0020c2a0,frontend?,not started
0x20c308,120,FUN_0020c308,audio?,not started
0x20c380,104,FUN_0020c380,audio?,not started
0x20c3e8,60,FUN_0020c3e8,frontend?,not started
0x20c468,80,cBankMonitor::__tf,runtime,host
0x20c560,172,FUN_0020c560,audio?,not started
0x20c610,108,cBankSys::vf0_20c610,audio?,not started
0x20c948,1124,FUN_0020c948,audio?,not started
0x20cdb0,124,FUN_0020cdb0,audio?,not started
0x20ce30,672,FUN_0020ce30,audio?,not started
0x20d0d0,520,cBankSys::vf12_20d0d0,audio?,not started
0x20d2d8,504,FUN_0020d2d8,audio?,not started
0x20d4d0,480,FUN_0020d4d0,audio?,not started
0x20d6b0,440,FUN_0020d6b0,audio?,not started
0x20d898,80,cBankSys::__tf,runtime,host
0x20d928,200,FUN_0020d928,audio?,not started
0x20d9f0,96,FUN_0020d9f0,audio?,not started
0x20da50,128,FUN_0020da50,frontend?,not started
0x20dad0,68,FUN_0020dad0,frontend?,not started
0x20db18,660,FUN_0020db18,frontend?,not started
0x20ddb0,340,cBXAudio::vf0_20ddb0,audio,not started
0x20df08,1316,cBXAudio::vf13_20df08,audio,not started
0x20e430,768,cBXAudio::vf14_20e430,audio,not started
0x20e730,776,cBXAudio::vf8_20e730,audio,not started
0x20ea38,180,cBXAudio::vf15_20ea38,audio,not started
0x20eaf0,560,cBXAudio::vf12_20eaf0,audio,not started
0x20ed20,312,FUN_0020ed20,audio?,not started
0x20ee58,776,Audio_InGameUpdate,audio,ported
0x20f160,708,FUN_0020f160,audio?,not started
0x20f430,204,FUN_0020f430,audio?,not started
0x20f530,68,FUN_0020f530,frontend?,not started
0x20f578,184,FUN_0020f578,frontend?,not started
0x20f630,652,FUN_0020f630,audio?,not started
0x20f8c0,72,FUN_0020f8c0,audio?,not started
0x20f908,140,FUN_0020f908,audio?,not started
0x20f998,20,FUN_0020f998,audio?,not started
0x20f9b0,208,FUN_0020f9b0,audio?,not started
0x20fa80,228,FUN_0020fa80,audio?,not started
0x20fb68,244,FUN_0020fb68,audio?,not started
0x20fc60,124,FUN_0020fc60,audio?,not started
0x20fce0,868,FUN_0020fce0,audio?,not started
0x210048,1656,FUN_00210048,audio?,not started
0x2106c0,884,FUN_002106c0,audio?,not started
0x210a38,148,FUN_00210a38,audio?,not started
0x210ad0,128,FUN_00210ad0,audio?,not started
0x210b50,232,FUN_00210b50,audio?,not started
0x210c38,1120,FUN_00210c38,audio?,not started
0x211098,1584,FUN_00211098,audio?,not started
0x2116d8,648,Audio_RaceInit,audio,not started
0x211960,440,FUN_00211960,audio?,not started
0x211b18,60,FUN_00211b18,audio?,not started
0x211b58,596,FUN_00211b58,audio?,not started
0x211db0,184,FUN_00211db0,frontend?,not started
0x211f20,20,FUN_00211f20,frontend?,not started
0x211f38,20,FUN_00211f38,audio?,not started
0x211f50,20,FUN_00211f50,audio?,not started
0x211f68,36,FUN_00211f68,audio?,not started
0x211f90,36,FUN_00211f90,audio?,not started
0x211fb8,92,FUN_00211fb8,audio?,not started
0x212018,504,FUN_00212018,audio?,not started
0x212210,92,FUN_00212210,save?,not started
0x212270,16,FUN_00212270,save?,not started
0x212280,68,cBXAudio::vf1_212280,audio,not started
0x212300,68,FUN_00212300,audio?,not started
0x212348,48,FUN_00212348,audio?,not started
0x2123c8,48,FUN_002123c8,audio?,not started
0x2123f8,48,FUN_002123f8,audio?,not started
0x212428,600,FUN_00212428,audio?,not started
0x212680,600,FUN_00212680,audio?,not started
0x2128d8,132,FUN_002128d8,audio?,not started
0x212960,152,FUN_00212960,audio?,not started
0x2129f8,1180,FUN_002129f8,audio?,not started
0x212e98,2644,FUN_00212e98,audio?,not started
0x2138f0,584,FUN_002138f0,frontend?,not started
0x213b38,552,FUN_00213b38,audio?,not started
0x213d60,552,FUN_00213d60,audio?,not started
0x213f88,580,FUN_00213f88,audio?,not started
0x2141d0,600,FUN_002141d0,audio?,not started
0x214428,552,FUN_00214428,audio?,not started
0x214650,552,FUN_00214650,audio?,not started
0x214878,76,FUN_00214878,game?,not started
0x2148c8,68,FUN_002148c8,game?,not started
0x214910,1024,FUN_00214910,game?,not started
0x214d10,100,FUN_00214d10,game?,not started
0x214d78,88,FUN_00214d78,game?,not started
0x214dd0,48,FUN_00214dd0,hud?,not started
0x214e00,8,FUN_00214e00,audio?,not started
0x214e08,88,FUN_00214e08,audio?,ported
0x214e60,872,Music_StartCourseSong,audio,ported
0x2151c8,84,FUN_002151c8,audio?,not started
0x215220,100,Audio_StartRaceMusic,audio,ported
0x215288,232,Audio_OnRaceGo,audio,ported
0x215370,136,FUN_00215370,audio?,not started
0x2153f8,92,FUN_002153f8,frontend?,not started
0x215458,48,FUN_00215458,frontend?,not started
0x215488,88,FUN_00215488,frontend?,not started
0x2154e0,372,FUN_002154e0,audio?,not started
0x215658,828,FUN_00215658,audio?,not started
0x215998,652,FUN_00215998,audio?,not started
0x215c28,752,FUN_00215c28,audio?,not started
0x215f18,984,FUN_00215f18,audio?,not started
0x2162f0,728,FUN_002162f0,audio?,not started
0x2165c8,816,Sfx_ScriptSoundPlay,audio,ported
0x2168f8,52,FUN_002168f8,audio?,not started
0x216930,48,FUN_00216930,audio?,not started
0x216960,748,FUN_00216960,audio?,not started
0x216c50,260,Sfx_InstanceCollision,audio?,ported
0x216d58,1952,FUN_00216d58,audio?,not started
0x2174f8,2132,FUN_002174f8,audio?,not started
0x217d50,1172,FUN_00217d50,audio?,not started
0x2181e8,300,FUN_002181e8,audio?,not started
0x218318,12,FUN_00218318,audio?,not started
0x218328,980,FUN_00218328,audio?,not started
0x218700,972,FUN_00218700,audio?,not started
0x218b20,72,FUN_00218b20,frontend?,not started
0x218b68,12,FUN_00218b68,audio?,not started
0x218b78,676,FUN_00218b78,audio?,not started
0x218e20,8,FUN_00218e20,audio?,not started
0x218e28,136,FUN_00218e28,audio?,not started
0x218eb0,576,FUN_00218eb0,audio?,not started
0x2190f0,200,FUN_002190f0,audio?,not started
0x2191c0,152,FUN_002191c0,audio?,not started
0x219258,76,FUN_00219258,audio?,not started
0x2192a8,1208,FUN_002192a8,audio?,not started
0x219760,120,FUN_00219760,audio?,not started
0x2197d8,624,FUN_002197d8,audio?,not started
0x219a48,808,FUN_00219a48,audio?,not started
0x219d70,592,FUN_00219d70,audio?,not started
0x219fc0,592,FUN_00219fc0,audio?,not started
0x21a210,600,FUN_0021a210,audio?,not started
0x21a468,44,FUN_0021a468,audio?,not started
0x21a498,176,FUN_0021a498,audio?,not started
0x21a548,248,FUN_0021a548,audio?,not started
0x21a640,100,FUN_0021a640,audio?,not started
0x21a6a8,68,FUN_0021a6a8,audio?,not started
0x21a6f0,32,FUN_0021a6f0,audio?,not started
0x21a710,48,FUN_0021a710,audio?,not started
0x21a740,68,FUN_0021a740,audio?,not started
0x21a788,60,FUN_0021a788,audio?,not started
0x21a7c8,1736,FUN_0021a7c8,audio?,not started
0x21ae90,1448,FUN_0021ae90,audio?,not started
0x21b440,196,FUN_0021b440,audio?,not started
0x21b628,236,FUN_0021b628,audio?,not started
0x21b718,272,FUN_0021b718,audio?,not started
0x21b828,1076,Audio_BigAirMusicDuck,audio,ported
0x21bc60,8,cBXAudio::vf2_21bc60,audio,not started
0x21bca8,88,FUN_0021bca8,audio?,not started
0x21bfd0,60,FUN_0021bfd0,audio?,not started
0x21c010,100,FUN_0021c010,frontend?,not started
0x21c078,36,FUN_0021c078,audio?,not started
0x21c0a0,716,FUN_0021c0a0,audio?,not started
0x21c4d0,64,FUN_0021c4d0,audio?,not started
0x21c510,224,FUN_0021c510,audio?,not started
0x21c610,176,Audio_TrickyTrigger,audio,ported
0x21c6c0,12,FUN_0021c6c0,audio?,not started
0x21c6d0,308,FUN_0021c6d0,audio?,not started
0x21c808,92,FUN_0021c808,audio?,not started
0x21c868,64,FUN_0021c868,audio?,not started
0x21c8a8,64,FUN_0021c8a8,audio?,not started
0x21c8e8,64,FUN_0021c8e8,audio?,not started
0x21c930,48,FUN_0021c930,audio?,not started
0x21c960,68,FUN_0021c960,audio?,not started
0x21c9a8,120,FUN_0021c9a8,audio?,not started
0x21ca20,1104,FUN_0021ca20,frontend?,not started
0x21ce78,184,FUN_0021ce78,audio?,not started
0x21cf38,104,FUN_0021cf38,audio?,not started
0x21cfa0,124,FUN_0021cfa0,audio?,not started
0x21d078,56,FUN_0021d078,frontend?,not started
0x21d0b0,16,FUN_0021d0b0,boarder?,not started
0x21d0c0,1284,FUN_0021d0c0,audio?,not started
0x21d5c8,72,FUN_0021d5c8,audio?,not started
0x21d610,112,FUN_0021d610,audio?,not started
0x21d680,812,FUN_0021d680,audio?,not started
0x21d9b0,812,FUN_0021d9b0,audio?,not started
0x21dce0,224,FUN_0021dce0,audio?,not started
0x21ddc0,552,FUN_0021ddc0,audio?,not started
0x21dfe8,604,FUN_0021dfe8,audio?,not started
0x21e248,592,FUN_0021e248,audio?,not started
0x21e498,40,FUN_0021e498,audio?,not started
0x21e4f0,44,FUN_0021e4f0,frontend?,not started
0x21e528,108,FUN_0021e528,audio?,not started
0x21e688,8,FUN_0021e688,frontend?,not started
0x21e690,28,FUN_0021e690,frontend?,not started
0x21e6c0,28,cBXAudio::vf3_21e6c0,audio,not started
0x21e6e8,80,cBXAudio::__tf,runtime,host
0x21e738,80,FUN_0021e738,game?,not started
0x21e788,88,FUN_0021e788,render?,not started
0x21e7e0,60,FUN_0021e7e0,audio?,not started
0x21e8a0,56,FUN_0021e8a0,audio?,not started
0x21e8d8,20,cController::vf0_21e8d8,audio?,not started
0x21e8f0,220,FUN_0021e8f0,audio?,not started
0x21e9d0,116,cController::vf7_21e9d0,audio?,not started
0x21ea48,196,FUN_0021ea48,audio?,not started
0x21eb10,96,cController::vf4_21eb10,audio?,not started
0x21eb70,100,FUN_0021eb70,audio?,not started
0x21ec58,80,cController::__tf,runtime,host
0x21eca8,52,FUN_0021eca8,audio?,not started
0x21ece0,76,FUN_0021ece0,render?,not started
0x21ed30,100,FUN_0021ed30,audio?,not started
0x21ed98,84,FUN_0021ed98,world?,not started
0x21edf0,124,FUN_0021edf0,render?,not started
0x21ee70,232,FUN_0021ee70,render?,not started
0x21ef58,88,FUN_0021ef58,frontend?,not started
0x21efb0,3252,FUN_0021efb0,audio?,not started
0x21fc68,44,FUN_0021fc68,audio?,not started
0x21fc98,1368,FUN_0021fc98,audio?,not started
0x2201f8,316,FUN_002201f8,frontend?,not started
0x220338,108,FUN_00220338,frontend?,not started
0x2203a8,396,FUN_002203a8,audio?,not started
0x220538,396,FUN_00220538,audio?,not started
0x2206c8,24,FUN_002206c8,audio?,not started
0x2206e0,60,FUN_002206e0,frontend?,not started
0x220720,100,FUN_00220720,frontend?,not started
0x220850,140,FUN_00220850,audio?,not started
0x2208e0,136,cCrowdSys::vf0_2208e0,render?,not started
0x220968,96,FUN_00220968,audio?,not started
0x2209c8,496,FUN_002209c8,render?,not started
0x220bb8,300,FUN_00220bb8,render?,not started
0x220ce8,656,FUN_00220ce8,audio?,not started
0x220f80,20,FUN_00220f80,,not started
0x220f98,100,FUN_00220f98,frontend?,not started
0x221000,100,FUN_00221000,audio?,not started
0x221068,32,FUN_00221068,audio?,not started
0x221088,32,FUN_00221088,audio?,not started
0x2210a8,32,FUN_002210a8,audio?,not started
0x2210c8,32,FUN_002210c8,audio?,not started
0x2210e8,440,FUN_002210e8,audio?,not started
0x2212a0,144,FUN_002212a0,audio?,not started
0x221330,152,FUN_00221330,audio?,not started
0x2213c8,40,cCrowdSys::vf5_2213c8,audio?,not started
0x2213f8,44,FUN_002213f8,audio?,not started
0x221428,124,FUN_00221428,audio?,not started
0x2214a8,36,cCrowdSys::vf6_2214a8,audio?,not started
0x2214e8,80,cCrowdSys::__tf,runtime,host
0x221538,108,FUN_00221538,render?,not started
0x2215a8,60,FUN_002215a8,audio?,not started
0x221668,284,FUN_00221668,audio?,not started
0x221788,80,FUN_00221788,audio?,not started
0x2217d8,20,FUN_002217d8,audio?,not started
0x2217f0,204,FUN_002217f0,audio?,not started
0x2218c0,88,FUN_002218c0,audio?,not started
0x221918,108,FUN_00221918,audio?,not started
0x221988,120,FUN_00221988,audio?,not started
0x221a00,240,FUN_00221a00,audio?,not started
0x221af0,108,FUN_00221af0,audio?,not started
0x221b60,136,FUN_00221b60,audio?,not started
0x221be8,168,FUN_00221be8,audio?,not started
0x221c90,196,FUN_00221c90,audio?,not started
0x221d58,68,FUN_00221d58,audio?,not started
0x221da0,68,FUN_00221da0,audio?,not started
0x221de8,168,FUN_00221de8,audio?,not started
0x221e90,104,FUN_00221e90,audio?,not started
0x221ef8,120,FUN_00221ef8,audio?,not started
0x221f70,100,FUN_00221f70,audio?,not started
0x221fd8,100,FUN_00221fd8,audio?,not started
0x222080,124,FUN_00222080,audio?,not started
0x222100,92,cMidiSys::vf0_222100,audio?,not started
0x222160,500,FUN_00222160,audio?,not started
0x222358,1084,FUN_00222358,audio?,not started
0x222798,240,FUN_00222798,audio?,not started
0x222888,124,FUN_00222888,audio?,not started
0x222908,80,cMidiSys::__tf,runtime,host
0x222998,20,FUN_00222998,audio?,not started
0x2229b0,28,FUN_002229b0,audio?,not started
0x2229d0,168,FUN_002229d0,audio?,not started
0x222a78,16,FUN_00222a78,audio?,not started
0x222a88,44,FUN_00222a88,audio?,not started
0x222ab8,12,FUN_00222ab8,audio?,not started
0x222ac8,12,FUN_00222ac8,audio?,not started
0x222ad8,8,FUN_00222ad8,audio?,not started
0x222ae0,48,FUN_00222ae0,audio?,not started
0x222b10,144,FUN_00222b10,audio?,not started
0x222ba0,144,cMonitor::vf0_222ba0,audio?,not started
0x222c30,32,cMonitor::vf4_222c30,audio?,not started
0x222c50,108,FUN_00222c50,audio?,not started
0x222cc0,212,FUN_00222cc0,audio?,not started
0x222db0,64,FUN_00222db0,audio?,not started
0x222df0,164,FUN_00222df0,audio?,not started
0x222ef8,80,cMonitor::__tf,runtime,host
0x222fb0,56,FUN_00222fb0,audio?,not started
0x222fe8,176,FUN_00222fe8,audio?,not started
0x223098,140,FUN_00223098,audio?,not started
0x223128,44,FUN_00223128,audio?,not started
0x223158,76,FUN_00223158,audio?,not started
0x2231a8,44,FUN_002231a8,audio?,not started
0x2231d8,532,FUN_002231d8,audio?,not started
0x223450,140,FUN_00223450,audio?,not started
0x2234e0,192,FUN_002234e0,audio?,not started
0x2235a0,164,FUN_002235a0,audio?,not started
0x223648,200,FUN_00223648,audio?,not started
0x223710,112,FUN_00223710,audio?,not started
0x223780,464,FUN_00223780,audio?,not started
0x223950,320,FUN_00223950,audio?,not started
0x223a90,48,FUN_00223a90,audio?,not started
0x223ac0,172,FUN_00223ac0,audio?,not started
0x223b70,8,FUN_00223b70,audio?,not started
0x223b78,196,FUN_00223b78,audio?,not started
0x223c40,104,FUN_00223c40,audio?,not started
0x223ca8,184,FUN_00223ca8,audio?,not started
0x223d60,1536,FUN_00223d60,audio?,not started
0x224368,128,FUN_00224368,audio?,not started
0x2243e8,56,FUN_002243e8,audio?,not started
0x224420,56,FUN_00224420,audio?,not started
0x224458,20,FUN_00224458,audio?,not started
0x224470,20,FUN_00224470,audio?,not started
0x224488,8,FUN_00224488,audio?,not started
0x224498,288,FUN_00224498,audio?,not started
0x2245b8,104,FUN_002245b8,audio?,not started
0x224620,52,FUN_00224620,audio?,not started
0x224658,80,FUN_00224658,audio?,not started
0x2246a8,192,FUN_002246a8,audio?,ported
0x224768,36,FUN_00224768,audio?,not started
0x224790,48,FUN_00224790,audio?,not started
0x2247c0,52,FUN_002247c0,audio?,not started
0x2247f8,68,FUN_002247f8,audio?,not started
0x224840,84,FUN_00224840,audio?,not started
0x224898,32,FUN_00224898,audio?,not started
0x2248b8,60,FUN_002248b8,audio?,not started
0x2248f8,28,FUN_002248f8,audio?,not started
0x224918,92,FUN_00224918,audio?,not started
0x224978,68,FUN_00224978,audio?,not started
0x2249c0,144,FUN_002249c0,audio?,not started
0x224a98,496,FUN_00224a98,audio?,not started
0x224c90,100,cMusicSys::vf0_224c90,audio?,not started
0x224cf8,360,FUN_00224cf8,audio?,not started
0x224e68,548,FUN_00224e68,audio?,not started
0x225090,428,FUN_00225090,audio?,not started
0x225240,28,FUN_00225240,frontend?,not started
0x225260,28,FUN_00225260,frontend?,not started
0x225280,148,FUN_00225280,audio?,not started
0x225318,100,Audio_MusicEvent,audio,ported
0x225380,100,FUN_00225380,audio?,not started
0x2253e8,28,Music_SetPathVar,audio,ported
0x225428,28,FUN_00225428,audio?,not started
0x225468,140,FUN_00225468,frontend?,not started
0x225588,52,FUN_00225588,audio?,not started
0x2255c0,84,FUN_002255c0,audio?,not started
0x225618,68,FUN_00225618,audio?,not started
0x225660,64,FUN_00225660,audio?,not started
0x2256a0,28,FUN_002256a0,audio?,not started
0x2256c0,168,FUN_002256c0,audio?,not started
0x225768,112,FUN_00225768,audio?,not started
0x2257d8,120,FUN_002257d8,audio?,not started
0x225850,40,FUN_00225850,audio?,not started
0x225878,208,Music_ScheduleAirLoop,audio,ported
0x225948,12,FUN_00225948,audio?,not started
0x225958,116,FUN_00225958,audio?,not started
0x2259d0,188,FUN_002259d0,audio?,not started
0x225a90,56,FUN_00225a90,audio?,not started
0x225ac8,68,FUN_00225ac8,audio?,not started
0x225b10,68,FUN_00225b10,audio?,not started
0x225b58,68,FUN_00225b58,audio?,not started
0x225ba0,68,FUN_00225ba0,audio?,not started
0x225be8,68,FUN_00225be8,audio?,not started
0x225c40,100,FUN_00225c40,audio?,not started
0x225ca8,56,FUN_00225ca8,audio?,not started
0x225ce0,60,FUN_00225ce0,audio?,not started
0x225d80,124,FUN_00225d80,audio?,not started
0x225e98,48,FUN_00225e98,audio?,not started
0x225ed0,80,cMusicSys::__tf,runtime,host
0x225fa8,48,FUN_00225fa8,audio?,not started
0x225fd8,100,cPS2SoundManager::vf7_225fd8,audio,not started
0x226040,296,cPS2SoundManager::vf0_226040,audio,not started
0x226168,440,cPS2SoundManager::vf1_226168,audio,not started
0x226320,76,cPS2SoundManager::vf2_226320,audio,not started
0x226370,84,FUN_00226370,audio?,not started
0x2263c8,340,cPS2SoundManager::vf3_2263c8,audio,not started
0x226520,296,cPS2SoundManager::vf4_226520,audio,not started
0x226650,36,cPS2SoundManager::vf5_226650,audio,not started
0x226678,48,cPS2SoundManager::vf6_226678,audio,not started
0x2266a8,60,FUN_002266a8,audio?,not started
0x226738,80,cPS2SoundManager::__tf,runtime,host
0x226788,64,cSoundManager::__tf,runtime,host
0x226848,1144,FUN_00226848,audio?,not started
0x226cc0,280,cSndPlayOpts::vf0_226cc0,audio?,not started
0x226dd8,80,FUN_00226dd8,audio?,not started
0x226e58,44,FUN_00226e58,audio?,not started
0x227350,440,FUN_00227350,audio?,not started
0x227508,428,FUN_00227508,audio?,not started
0x227708,24,FUN_00227708,audio?,not started
0x2278d0,80,cSndPlayOpts::__tf,runtime,host
0x227960,100,FUN_00227960,audio?,not started
0x2279c8,128,cSoundSys::vf0_2279c8,audio,not started
0x227a48,44,cSoundSys::vf1_227a48,audio,not started
0x227a80,64,cSoundSys::__tf,runtime,host
0x227b38,228,FUN_00227b38,audio?,not started
0x227c20,28,FUN_00227c20,audio?,not started
0x227c40,100,FUN_00227c40,audio?,not started
0x227ca8,16,FUN_00227ca8,audio?,not started
0x227cb8,184,FUN_00227cb8,audio?,not started
0x227d70,1012,FUN_00227d70,audio?,not started
0x228168,372,FUN_00228168,audio?,not started
0x2282e0,144,FUN_002282e0,audio?,not started
0x228370,56,FUN_00228370,audio?,not started
0x2283a8,88,FUN_002283a8,audio?,not started
0x228400,724,FUN_00228400,audio?,not started
0x2286e8,20,FUN_002286e8,audio?,not started
0x228700,40,FUN_00228700,audio?,not started
0x228728,172,FUN_00228728,audio?,not started
0x2287d8,88,cSpeechSys::vf0_2287d8,render?,not started
0x228830,168,FUN_00228830,audio?,not started
0x2288d8,128,FUN_002288d8,audio?,not started
0x228958,60,FUN_00228958,audio?,not started
0x228998,100,FUN_00228998,frontend?,not started
0x228a00,188,FUN_00228a00,audio?,not started
0x228ac0,40,FUN_00228ac0,audio?,not started
0x228ae8,156,FUN_00228ae8,audio?,not started
0x228b88,48,FUN_00228b88,audio?,not started
0x228bb0,48,FUN_00228bb0,audio?,not started
0x228bd8,168,FUN_00228bd8,audio?,not started
0x228c80,144,FUN_00228c80,frontend?,not started
0x228d10,188,FUN_00228d10,frontend?,not started
0x228dd0,60,FUN_00228dd0,audio?,not started
0x228e10,40,FUN_00228e10,audio?,not started
0x228e38,124,FUN_00228e38,audio?,not started
0x228eb8,80,cSpeechSys::__tf,runtime,host
0x228fb0,668,FUN_00228fb0,audio?,not started
0x229268,128,FUN_00229268,render?,not started
0x2292e8,96,FUN_002292e8,audio?,not started
0x229348,76,FUN_00229348,audio?,not started
0x229398,8,FUN_00229398,audio?,not started
0x2293a0,60,FUN_002293a0,audio?,not started
0x2293e0,176,FUN_002293e0,audio?,not started
0x229490,72,FUN_00229490,audio?,not started
0x2294d8,88,FUN_002294d8,audio?,not started
0x229530,72,FUN_00229530,audio?,not started
0x229578,72,FUN_00229578,audio?,not started
0x2295c0,52,FUN_002295c0,audio?,not started
0x2295f8,44,FUN_002295f8,audio?,not started
0x229628,44,FUN_00229628,audio?,not started
0x229658,40,FUN_00229658,audio?,not started
0x229680,44,FUN_00229680,audio?,not started
0x2296b0,12,FUN_002296b0,audio?,not started
0x2296c0,80,FUN_002296c0,audio?,not started
0x229710,48,FUN_00229710,audio?,not started
0x229740,48,FUN_00229740,audio?,not started
0x229770,128,FUN_00229770,audio?,not started
0x2297f0,116,FUN_002297f0,audio?,not started
0x229868,8,FUN_00229868,audio?,not started
0x229870,32,FUN_00229870,audio?,not started
0x229890,184,FUN_00229890,audio?,not started
0x229948,172,cStreamSys::vf0_229948,render?,not started
0x2299f8,240,FUN_002299f8,audio?,not started
0x229ae8,556,FUN_00229ae8,audio?,not started
0x229d18,40,FUN_00229d18,audio?,not started
0x229d40,84,FUN_00229d40,audio?,not started
0x229d98,104,FUN_00229d98,audio?,not started
0x229e00,104,FUN_00229e00,audio?,not started
0x229e68,104,FUN_00229e68,audio?,not started
0x229ed0,72,FUN_00229ed0,audio?,not started
0x229f18,72,FUN_00229f18,audio?,not started
0x229f60,60,FUN_00229f60,audio?,not started
0x229fa0,40,FUN_00229fa0,audio?,not started
0x229fc8,60,FUN_00229fc8,audio?,not started
0x22a008,60,FUN_0022a008,audio?,not started
0x22a048,60,FUN_0022a048,audio?,not started
0x22a088,60,FUN_0022a088,audio?,not started
0x22a0c8,88,FUN_0022a0c8,audio?,not started
0x22a120,84,FUN_0022a120,audio?,not started
0x22a178,60,FUN_0022a178,audio?,not started
0x22a1e0,40,FUN_0022a1e0,audio?,not started
0x22a228,40,FUN_0022a228,audio?,not started
0x22a278,60,FUN_0022a278,audio?,not started
0x22a2b8,20,FUN_0022a2b8,audio?,not started
0x22a2d0,36,FUN_0022a2d0,,not started
0x22a2f8,80,cStreamSys::__tf,runtime,host
0x22a470,84,FUN_0022a470,render?,not started
0x22a4c8,76,FUN_0022a4c8,render?,not started
0x22a518,108,FUN_0022a518,render?,not started
0x22a588,104,FUN_0022a588,render?,not started
0x22a5f0,228,FUN_0022a5f0,race?,not started
0x22a6d8,968,FUN_0022a6d8,camera?,not started
0x22aaa0,544,FUN_0022aaa0,camera?,not started
0x22acc0,836,FUN_0022acc0,camera?,not started
0x22b008,568,FUN_0022b008,camera?,not started
0x22b240,124,FUN_0022b240,,not started
0x22b370,1928,WorldEmitter_GatherForListener,audio,ported
0x22baf8,324,FUN_0022baf8,audio?,not started
0x22bc40,296,FUN_0022bc40,audio?,not started
0x22bd68,124,FUN_0022bd68,audio?,not started
0x22be18,108,FUN_0022be18,audio?,not started
0x22be88,56,FUN_0022be88,audio?,not started
0x22bec0,76,FUN_0022bec0,audio?,not started
0x22bf30,44,FUN_0022bf30,audio?,not started
0x22bf60,1600,WorldEmitter_Update,audio,ported
0x22c5a0,108,FUN_0022c5a0,frontend?,not started
0x22c610,36,FUN_0022c610,audio?,not started
0x22c638,12,FUN_0022c638,audio?,not started
0x22c648,2616,FUN_0022c648,audio?,not started
0x22d080,24,FUN_0022d080,audio?,not started
0x22d098,204,FUN_0022d098,audio?,not started
0x22d168,28,FUN_0022d168,audio?,not started
0x22d188,48,FUN_0022d188,audio?,not started
0x22d1b8,164,FUN_0022d1b8,audio?,not started
0x22d260,272,FUN_0022d260,audio?,not started
0x22d370,152,FUN_0022d370,audio?,not started
0x22d408,116,FUN_0022d408,frontend?,not started
0x22d480,136,FUN_0022d480,frontend?,not started
0x22d508,928,FUN_0022d508,audio?,not started
0x22d8a8,912,SoundId_ToBankProgram,audio,not started
0x22dc38,80,FUN_0022dc38,audio?,not started
0x22dc88,88,FUN_0022dc88,audio?,not started
0x22dce0,1228,FUN_0022dce0,audio?,not started
0x22e1b8,136,FUN_0022e1b8,audio?,not started
0x22e240,44,FUN_0022e240,audio?,not started
0x22e270,92,FUN_0022e270,audio?,not started
0x22e2d0,100,FUN_0022e2d0,audio?,not started
0x22e338,40,FUN_0022e338,audio?,not started
0x22e360,36,FUN_0022e360,audio?,not started
0x22e388,100,FUN_0022e388,audio?,not started
0x22e3f0,12,FUN_0022e3f0,audio?,not started
0x22e400,32,FUN_0022e400,race?,not started
0x22e420,124,FUN_0022e420,,not started
0x22e4e0,108,FUN_0022e4e0,frontend?,not started
0x22e550,88,FUN_0022e550,frontend?,not started
0x22e5a8,124,FUN_0022e5a8,frontend?,not started
0x22e628,124,FUN_0022e628,,not started
0x22e6a8,208,FUN_0022e6a8,audio?,not started
0x22e778,72,FUN_0022e778,audio?,not started
0x22e7c0,116,FUN_0022e7c0,audio?,not started
0x22e838,136,FUN_0022e838,audio?,not started
0x22e8c0,56,FUN_0022e8c0,audio?,not started
0x22e8f8,136,FUN_0022e8f8,audio?,not started
0x22e980,56,FUN_0022e980,audio?,not started
0x22e9b8,116,FUN_0022e9b8,audio?,not started
0x22ea30,116,FUN_0022ea30,audio?,not started
0x22eaa8,56,FUN_0022eaa8,audio?,not started
0x22eae0,76,FUN_0022eae0,audio?,not started
0x22eb30,56,FUN_0022eb30,audio?,not started
0x22eb68,76,FUN_0022eb68,audio?,not started
0x22ebb8,76,FUN_0022ebb8,audio?,not started
0x22ec08,56,FUN_0022ec08,audio?,not started
0x22ec40,76,FUN_0022ec40,audio?,not started
0x22ec90,76,FUN_0022ec90,audio?,not started
0x22ece0,76,FUN_0022ece0,audio?,not started
0x22ed30,96,FUN_0022ed30,boarder?,not started
0x22ed90,56,FUN_0022ed90,,not started
0x22edc8,56,FUN_0022edc8,audio?,not started
0x22ee00,56,FUN_0022ee00,audio?,not started
0x22ee38,76,FUN_0022ee38,audio?,not started
0x22ee88,76,FUN_0022ee88,audio?,not started
0x22eed8,76,FUN_0022eed8,audio?,not started
0x22ef28,116,FUN_0022ef28,audio?,not started
0x22efa0,116,FUN_0022efa0,audio?,not started
0x22f018,76,FUN_0022f018,audio?,not started
0x22f068,56,FUN_0022f068,audio?,not started
0x22f0a0,56,FUN_0022f0a0,audio?,not started
0x22f0d8,76,FUN_0022f0d8,audio?,not started
0x22f128,56,FUN_0022f128,audio?,not started
0x22f160,76,FUN_0022f160,audio?,not started
0x22f1b0,76,FUN_0022f1b0,audio?,not started
0x22f200,56,FUN_0022f200,audio?,not started
0x22f238,56,FUN_0022f238,audio?,not started
0x22f270,76,FUN_0022f270,audio?,not started
0x22f2c0,56,FUN_0022f2c0,audio?,not started
0x22f2f8,56,FUN_0022f2f8,audio?,not started
0x22f330,96,FUN_0022f330,audio?,not started
0x22f390,96,FUN_0022f390,audio?,not started
0x22f3f0,96,FUN_0022f3f0,audio?,not started
0x22f450,96,FUN_0022f450,audio?,not started
0x22f4b0,96,FUN_0022f4b0,audio?,not started
0x22f510,96,FUN_0022f510,audio?,not started
0x22f570,96,FUN_0022f570,audio?,not started
0x22f5d0,76,FUN_0022f5d0,audio?,not started
0x22f620,96,FUN_0022f620,world?,not started
0x22f680,96,FUN_0022f680,world?,not started
0x22f6e0,76,FUN_0022f6e0,audio?,not started
0x22f730,76,FUN_0022f730,audio?,not started
0x22f780,76,FUN_0022f780,audio?,not started
0x22f7d0,76,FUN_0022f7d0,audio?,not started
0x22f820,76,FUN_0022f820,audio?,not started
0x22f870,96,FUN_0022f870,,not started
0x22f8d0,96,FUN_0022f8d0,,not started
0x22f930,96,FUN_0022f930,,not started
0x22f990,76,FUN_0022f990,,not started
0x22f9e0,76,FUN_0022f9e0,,not started
0x22fa30,96,FUN_0022fa30,world?,not started
0x22fa90,76,FUN_0022fa90,,not started
0x22fae0,84,FUN_0022fae0,,not started
0x22fb38,88,FUN_0022fb38,,not started
0x22fb90,88,FUN_0022fb90,,not started
0x22fbe8,100,FUN_0022fbe8,,not started
0x22fc50,84,FUN_0022fc50,,not started
0x22fca8,88,FUN_0022fca8,,not started
0x22fd00,72,FUN_0022fd00,audio?,not started
0x22fd48,96,FUN_0022fd48,,not started
0x22fda8,92,FUN_0022fda8,race?,not started
0x22fe08,92,FUN_0022fe08,race?,not started
0x22fe68,92,FUN_0022fe68,race?,not started
0x22fec8,92,FUN_0022fec8,race?,not started
0x22ff28,136,FUN_0022ff28,race?,not started
0x22ffb0,156,FUN_0022ffb0,audio?,not started
0x230050,116,FUN_00230050,audio?,not started
0x2300c8,156,FUN_002300c8,audio?,not started
0x230168,96,FUN_00230168,race?,not started
0x2301c8,116,FUN_002301c8,race?,not started
0x230240,136,FUN_00230240,race?,not started
0x2302c8,96,FUN_002302c8,race?,not started
0x230328,96,FUN_00230328,,not started
0x230388,116,FUN_00230388,game?,not started
0x230400,96,FUN_00230400,audio?,not started
0x230460,76,FUN_00230460,,not started
0x2304b0,76,FUN_002304b0,,not started
0x230500,176,FUN_00230500,race?,not started
0x2305b0,96,FUN_002305b0,race?,not started
0x230610,76,FUN_00230610,race?,not started
0x230660,92,FUN_00230660,race?,not started
0x2306c0,96,FUN_002306c0,race?,not started
0x2307f0,140,FUN_002307f0,race?,not started
0x230880,140,FUN_00230880,race?,not started
0x230910,132,FUN_00230910,race?,not started
0x2309a8,88,FUN_002309a8,common?,not started
0x230a00,884,FUN_00230a00,audio?,not started
0x230d78,84,FUN_00230d78,audio?,not started
0x230dd0,268,FUN_00230dd0,race?,not started
0x230ee0,276,FUN_00230ee0,race?,not started
0x230ff8,204,FUN_00230ff8,audio?,not started
0x2310c8,488,FUN_002310c8,race?,not started
0x2312b0,104,FUN_002312b0,audio?,not started
0x231318,128,FUN_00231318,audio?,not started
0x231398,328,FUN_00231398,game?,not started
0x2314e0,104,FUN_002314e0,audio?,not started
0x231548,148,FUN_00231548,race?,not started
0x2315e0,544,FUN_002315e0,race?,not started
0x231800,752,FUN_00231800,audio?,not started
0x231af8,344,FUN_00231af8,race?,not started
0x231c50,936,FUN_00231c50,race?,not started
0x231ff8,584,FUN_00231ff8,frontend?,not started
0x232240,240,FUN_00232240,race?,not started
0x232330,356,FUN_00232330,race?,not started
0x232498,3232,FUN_00232498,audio?,not started
0x233138,232,FUN_00233138,audio?,not started
0x233220,444,FUN_00233220,audio?,not started
0x2333e0,100,FUN_002333e0,audio?,not started
0x233448,100,FUN_00233448,audio?,not started
0x2334b0,520,FUN_002334b0,audio?,not started
0x2336b8,132,FUN_002336b8,audio?,not started
0x233740,136,FUN_00233740,audio?,not started
0x2337c8,144,FUN_002337c8,audio?,not started
0x233858,244,FUN_00233858,audio?,not started
0x233950,200,FUN_00233950,audio?,not started
0x233a18,148,FUN_00233a18,audio?,not started
0x233ab0,56,FUN_00233ab0,audio?,not started
0x233b70,48,FUN_00233b70,audio?,not started
0x233ba0,276,FUN_00233ba0,audio?,not started
0x233cb8,128,FUN_00233cb8,audio?,not started
0x233d38,216,FUN_00233d38,audio?,not started
0x233e10,104,FUN_00233e10,audio?,not started
0x233e78,104,FUN_00233e78,audio?,not started
0x233ee0,272,FUN_00233ee0,boarder?,not started
0x233ff0,100,FUN_00233ff0,audio?,not started
0x234058,92,FUN_00234058,audio?,not started
0x2340b8,592,FUN_002340b8,audio?,not started
0x234308,588,FUN_00234308,audio?,not started
0x234558,180,FUN_00234558,audio?,not started
0x234610,132,FUN_00234610,audio?,not started
0x234698,148,FUN_00234698,audio?,not started
0x234730,148,FUN_00234730,audio?,not started
0x2347c8,1004,FUN_002347c8,audio?,not started
0x234bb8,128,FUN_00234bb8,audio?,not started
0x234c38,200,FUN_00234c38,race?,not started
0x234d00,612,FUN_00234d00,world?,not started
0x234f68,296,FUN_00234f68,audio?,not started
0x235090,220,FUN_00235090,world?,not started
0x235170,296,FUN_00235170,audio?,not started
0x235298,252,FUN_00235298,audio?,not started
0x235398,204,FUN_00235398,audio?,not started
0x235468,192,FUN_00235468,audio?,not started
0x235530,152,FUN_00235530,audio?,not started
0x2355c8,216,FUN_002355c8,audio?,not started
0x2356a0,76,FUN_002356a0,audio?,not started
0x2356f0,32,FUN_002356f0,audio?,not started
0x235710,104,FUN_00235710,audio?,not started
0x235778,8,FUN_00235778,audio?,not started
0x235780,1008,FUN_00235780,audio?,not started
0x235b70,56,FUN_00235b70,frontend?,not started
0x235ba8,432,FUN_00235ba8,audio?,not started
0x235d58,112,FUN_00235d58,audio?,not started
0x235e70,88,FUN_00235e70,render?,not started
0x235fc8,52,FUN_00235fc8,boarder?,not started
0x236000,80,FUN_00236000,world?,not started
0x236050,212,FUN_00236050,boarder?,not started
0x236128,8,FUN_00236128,boarder?,not started
0x236130,96,FUN_00236130,world?,not started
0x236190,28,FUN_00236190,game?,not started
0x2361b0,660,FUN_002361b0,boarder?,not started
0x236448,80,FUN_00236448,,not started
0x236498,152,FUN_00236498,world?,not started
0x236530,548,CollBody_PointMassInertia,wipeout,ported
0x236758,216,FUN_00236758,boarder?,not started
0x236830,460,FUN_00236830,boarder?,not started
0x236a00,440,CollBody_OverlapSpheres,wipeout,not started
0x236bb8,2240,FUN_00236bb8,world?,not started
0x237480,2252,FUN_00237480,world?,not started
0x237d50,2284,FUN_00237d50,world?,not started
0x238640,408,FUN_00238640,world?,not started
0x238980,256,FUN_00238980,,not started
0x238a80,44,FUN_00238a80,,not started
0x238af0,736,FUN_00238af0,render?,not started
0x238dd0,384,FUN_00238dd0,render?,not started
0x238f50,568,FUN_00238f50,render?,not started
0x2391c8,8,FUN_002391c8,world?,not started
0x2391d0,20,bxSphereTree::vf0_2391d0,world?,not started
0x2391e8,344,FUN_002391e8,world?,not started
0x239340,360,FUN_00239340,world?,not started
0x2394a8,280,FUN_002394a8,world?,not started
0x2395c0,308,FUN_002395c0,world?,not started
0x2396f8,84,FUN_002396f8,render?,not started
0x239750,400,FUN_00239750,render?,not started
0x2398e0,80,bxSphereTree::__tf,runtime,host
0x239930,44,FUN_00239930,render?,not started
0x239960,448,FUN_00239960,render?,not started
0x239b20,136,FUN_00239b20,render?,not started
0x239ba8,144,FUN_00239ba8,world?,not started
0x239c38,20,SphereTree::vf0_239c38,world?,not started
0x239c50,72,FUN_00239c50,world?,not started
0x239c98,128,FUN_00239c98,world?,not started
0x239d18,72,FUN_00239d18,world?,not started
0x239d60,548,FUN_00239d60,world?,not started
0x239f88,472,FUN_00239f88,world?,not started
0x23a160,172,FUN_0023a160,world?,not started
0x23a210,172,FUN_0023a210,world?,not started
0x23a2c0,204,FUN_0023a2c0,render?,not started
0x23a390,252,FUN_0023a390,world?,not started
0x23a490,224,FUN_0023a490,world?,not started
0x23a570,440,FUN_0023a570,world?,not started
0x23a728,632,FUN_0023a728,world?,not started
0x23a9a0,468,FUN_0023a9a0,world?,not started
0x23ab78,548,FUN_0023ab78,world?,not started
0x23ada0,1528,FUN_0023ada0,world?,not started
0x23b398,192,FUN_0023b398,,not started
0x23b4c8,84,SphereTree::__tf,runtime,host
0x23b520,36,SphereTreeBufCache::vf0_23b520,render?,not started
0x23b548,64,FUN_0023b548,,not started
0x23b588,44,FUN_0023b588,,not started
0x23b6b0,56,FUN_0023b6b0,world?,not started
0x23b6e8,964,FUN_0023b6e8,world?,not started
0x23bb70,40,FUN_0023bb70,frontend?,not started
0x23bb98,76,FUN_0023bb98,frontend?,not started
0x23bbe8,60,FUN_0023bbe8,frontend?,not started
0x23bc28,152,FUN_0023bc28,frontend?,not started
0x23bcc0,80,FUN_0023bcc0,frontend?,not started
0x23bd10,128,FUN_0023bd10,frontend?,not started
0x23bd90,148,cAsyncBigFile::vf0_23bd90,files,not started
0x23be28,20,FUN_0023be28,files?,not started
0x23be90,8,cAsyncBigFile::vf1_23be90,files,not started
0x23be98,8,cAsyncBigFile::vf3_23be98,files,not started
0x23bea0,8,cAsyncBigFile::vf2_23bea0,files,not started
0x23bea8,8,cAsyncBigFile::vf4_23bea8,files,not started
0x23beb0,100,FUN_0023beb0,files?,not started
0x23bf18,244,FUN_0023bf18,files?,not started
0x23c010,64,cAsyncBigFile::vf8_23c010,files,not started
0x23c050,52,cAsyncBigFile::vf9_23c050,files,not started
0x23c088,264,cAsyncBigFile::vf6_23c088,files,not started
0x23c190,64,cAsyncBigFile::vf7_23c190,files,not started
0x23c1d0,64,cAsyncBigFile::vf14_23c1d0,files,not started
0x23c210,352,cAsyncBigFile::vf15_23c210,files,not started
0x23c370,36,cAsyncBigFile::vf11_23c370,files,not started
0x23c398,548,cAsyncBigFile::vf12_23c398,files,not started
0x23c5c0,516,cAsyncBigFile::vf13_23c5c0,files,not started
0x23c7c8,76,FUN_0023c7c8,files?,not started
0x23c818,184,FUN_0023c818,files?,not started
0x23c8d0,252,cAsyncBigFile::vf10_23c8d0,files,not started
0x23c9d0,56,FUN_0023c9d0,frontend?,not started
0x23ca08,72,cMemoryBigFile::vf0_23ca08,files,not started
0x23ca50,32,cMemoryBigFile::vf7_23ca50,files,not started
0x23ca70,48,cMemoryBigFile::vf1_23ca70,files,not started
0x23caa0,56,cMemoryBigFile::vf2_23caa0,files,not started
0x23cad8,152,cMemoryBigFile::vf10_23cad8,files,not started
0x23cb70,8,cMemoryBigFile::vf6_23cb70,files,not started
0x23cb78,8,cMemoryBigFile::vf11_23cb78,files,not started
0x23cb80,564,cMemoryBigFile::vf12_23cb80,files,not started
0x23cdb8,568,cMemoryBigFile::vf13_23cdb8,files,not started
0x23cff0,80,cMemoryBigFile::__tf,runtime,host
0x23d080,8,cAsyncBigFile::vf5_23d080,files,not started
0x23d088,64,cAsyncBigFile::__tf,runtime,host
0x23d160,520,FUN_0023d160,,not started
0x23d368,68,FUN_0023d368,render?,not started
0x23d3b0,108,FUN_0023d3b0,common?,not started
0x23d420,36,FUN_0023d420,render?,not started
0x23d498,16,FUN_0023d498,render?,not started
0x23d4a8,32,FUN_0023d4a8,world?,not started
0x23d4c8,16,FUN_0023d4c8,world?,not started
0x23d4d8,32,FUN_0023d4d8,world?,not started
0x23d4f8,100,FUN_0023d4f8,world?,not started
0x23d560,76,FUN_0023d560,world?,not started
0x23d5b0,16,FUN_0023d5b0,world?,not started
0x23d5c0,16,FUN_0023d5c0,ai?,not started
0x23d5d0,40,FUN_0023d5d0,common?,not started
0x23d5f8,44,FUN_0023d5f8,,not started
0x23d628,84,FUN_0023d628,save?,not started
0x23d680,88,FUN_0023d680,save?,not started
0x23d6e0,84,FUN_0023d6e0,save?,not started
0x23d738,52,FUN_0023d738,save?,not started
0x23d770,248,FUN_0023d770,save?,not started
0x23d868,160,FUN_0023d868,save?,not started
0x23d908,52,FUN_0023d908,save?,not started
0x23d940,88,cPS2MemCard::vf0_23d940,save,not started
0x23d998,364,cPS2MemCard::vf1_23d998,save,not started
0x23db08,8,cPS2MemCard::vf6_23db08,save,not started
0x23db10,48,cPS2MemCard::vf5_23db10,save,not started
0x23db40,136,FUN_0023db40,save?,not started
0x23dbc8,116,cPS2MemCard::vf12_23dbc8,save,not started
0x23dc40,12,cPS2MemCard::vf61_23dc40,save,not started
0x23dd10,8,cPS2MemCard::vf7_23dd10,save,not started
0x23dd70,12,cPS2MemCard::vf9_23dd70,save,not started
0x23dd80,8,cPS2MemCard::vf14_23dd80,save,not started
0x23dd88,8,cPS2MemCard::vf15_23dd88,save,not started
0x23dd90,104,FUN_0023dd90,save?,not started
0x23ddf8,12,cPS2MemCard::vf4_23ddf8,save,not started
0x23de08,60,cPS2MemCard::vf39_23de08,save,not started
0x23de48,80,cPS2MemCard::vf27_23de48,save,not started
0x23de98,8,cPS2MemCard::vf28_23de98,save,not started
0x23dea0,8,cPS2MemCard::vf30_23dea0,save,not started
0x23dea8,116,cPS2MemCard::vf29_23dea8,save,not started
0x23df20,96,cPS2MemCard::vf31_23df20,save,not started
0x23df80,20,cPS2MemCard::vf33_23df80,save,not started
0x23df98,16,cPS2MemCard::vf34_23df98,save,not started
0x23dfa8,12,cPS2MemCard::vf36_23dfa8,save,not started
0x23dfb8,8,cPS2MemCard::vf35_23dfb8,save,not started
0x23e038,84,cPS2MemCard::vf22_23e038,save,not started
0x23e090,20,cPS2MemCard::vf23_23e090,save,not started
0x23e0a8,16,cPS2MemCard::vf24_23e0a8,save,not started
0x23e0b8,12,cPS2MemCard::vf26_23e0b8,save,not started
0x23e0c8,8,cPS2MemCard::vf25_23e0c8,save,not started
0x23e0d0,2136,FUN_0023e0d0,save?,not started
0x23e928,92,FUN_0023e928,save?,not started
0x23e988,40,cPS2MemCard::vf10_23e988,save,not started
0x23e9b0,104,cPS2MemCard::vf8_23e9b0,save,not started
0x23ea18,96,FUN_0023ea18,save?,not started
0x23ea78,32,cPS2MemCard::vf60_23ea78,save,not started
0x23ea98,40,FUN_0023ea98,save?,not started
0x23eac0,88,FUN_0023eac0,save?,not started
0x23eb18,16,FUN_0023eb18,save?,not started
0x23eb28,32,cPS2MemCard::vf40_23eb28,save,not started
0x23eb48,20,FUN_0023eb48,save?,not started
0x23eb60,28,cPS2MemCard::vf16_23eb60,save,not started
0x23eb80,88,cPS2MemCard::vf44_23eb80,save,not started
0x23ebd8,24,cPS2MemCard::vf47_23ebd8,save,not started
0x23ed08,8,cPS2MemCard::vf37_23ed08,save,not started
0x23ed10,8,cPS2MemCard::vf38_23ed10,save,not started
0x23ed18,44,cPS2MemCard::vf56_23ed18,save,not started
0x23ed48,24,FUN_0023ed48,save?,not started
0x23ed60,24,FUN_0023ed60,save?,not started
0x23ed78,56,cPS2MemCard::vf54_23ed78,save,not started
0x23edb0,24,cPS2MemCard::vf55_23edb0,save,not started
0x23edc8,3752,cPS2MemCard::vf2_23edc8,save,not started
0x23fb60,344,cPS2MemCard::vf13_23fb60,save,not started
0x23fcb8,236,FUN_0023fcb8,save?,not started
0x23fda8,140,cPS2MemCard::vf11_23fda8,save,not started
0x23fe38,12,FUN_0023fe38,save?,not started
0x23fe48,92,cPS2MemCard::vf59_23fe48,save,not started
0x23fea8,24,cPS2MemCard::vf32_23fea8,save,not started
0x23fec0,8,cPS2MemCard::vf48_23fec0,save,not started
0x23fec8,8,cPS2MemCard::vf49_23fec8,save,not started
0x23fed0,8,cPS2MemCard::vf50_23fed0,save,not started
0x23fed8,44,cPS2MemCard::vf51_23fed8,save,not started
0x23ff08,8,cPS2MemCard::vf20_23ff08,save,not started
0x23ff10,8,cPS2MemCard::vf17_23ff10,save,not started
0x23ff18,32,cPS2MemCard::vf18_23ff18,save,not started
0x23ff38,44,cPS2MemCard::vf19_23ff38,save,not started
0x23ff68,8,cPS2MemCard::vf42_23ff68,save,not started
0x23ff70,44,cPS2MemCard::vf43_23ff70,save,not started
0x23ffa0,8,cPS2MemCard::vf21_23ffa0,save,not started
0x23ffb0,28,FUN_0023ffb0,save?,not started
0x23ffd0,8,cPS2MemCard::vf58_23ffd0,save,not started
0x23ffd8,8,cPS2MemCard::vf57_23ffd8,save,not started
0x23ffe0,244,cPS2MemCard::vf53_23ffe0,save,not started
0x23fff0,28,cPS2MemCard::vf52_23fff0,save,not started
0x240010,44,cPS2MemCard::vf46_240010,save,not started
0x240040,44,cPS2MemCard::vf45_240040,save,not started
0x240070,44,cPS2MemCard::vf41_240070,save,not started
0x2400a0,8,cPS2MemCard::vf3_2400a0,save,not started
0x2400a8,80,cPS2MemCard::__tf,runtime,host
0x2400f8,36,cMemCard::vf0_2400f8,save,not started
0x240120,64,cMemCard::__tf,runtime,host
0x2401a0,16,FUN_002401a0,,not started
0x2401b0,20,FUN_002401b0,world?,not started
0x2401c8,20,FUN_002401c8,ai?,not started
0x2401e0,220,FUN_002401e0,world?,not started
0x2402c0,172,FUN_002402c0,world?,not started
0x2403a8,204,FUN_002403a8,render?,not started
0x2408c8,204,FUN_002408c8,render?,not started
0x240a98,480,FUN_00240a98,race?,not started
0x240c78,516,FUN_00240c78,race?,not started
0x240e80,88,FUN_00240e80,frontend?,not started
0x240ed8,32,FUN_00240ed8,frontend?,not started
0x240ef8,3256,FUN_00240ef8,ai?,not started
0x241bb8,308,FUN_00241bb8,ai?,not started
0x241cf0,52,FUN_00241cf0,ai?,not started
0x241d28,172,FUN_00241d28,ai?,not started
0x241dd8,80,FUN_00241dd8,ai?,not started
0x241e28,28,FUN_00241e28,ai?,not started
0x241e48,64,FUN_00241e48,camera?,not started
0x241e88,240,FUN_00241e88,camera?,not started
0x241f78,124,FUN_00241f78,camera?,not started
0x241ff8,532,FUN_00241ff8,camera?,not started
0x242210,268,FUN_00242210,camera?,not started
0x242320,432,FUN_00242320,camera?,not started
0x2424d0,116,FUN_002424d0,camera?,not started
0x242548,48,FUN_00242548,camera?,not started
0x242578,384,FUN_00242578,camera?,not started
0x2426f8,3184,FUN_002426f8,camera?,not started
0x243368,1368,FUN_00243368,camera?,not started
0x2438c0,416,FUN_002438c0,camera?,not started
0x243a60,296,FUN_00243a60,camera?,not started
0x243b88,236,FUN_00243b88,race?,not started
0x243c78,368,FUN_00243c78,frontend?,not started
0x243de8,184,cFlakeSpinnerLoad::vf0_243de8,game,not started
0x243ea0,92,cFlakeSpinnerLoad::vf1_243ea0,game,not started
0x243f00,912,cFlakeSpinnerLoad::vf2_243f00,game,not started
0x244290,160,FUN_00244290,game?,not started
0x244330,124,FUN_00244330,race?,not started
0x2443b0,220,cFlakeSpinnerLoad::vf4_2443b0,game,not started
0x244490,48,cFlakeSpinnerLoad::vf3_244490,game,not started
0x2444c0,124,cFlakeSpinnerLoad::vf5_2444c0,game,not started
0x244540,612,FUN_00244540,game?,not started
0x2447a8,588,FUN_002447a8,game?,not started
0x2449f8,296,FUN_002449f8,game?,not started
0x244b20,964,cFlakeSpinnerLoad::vf6_244b20,game,not started
0x244ee8,220,FUN_00244ee8,game?,not started
0x244fc8,1488,FUN_00244fc8,game?,not started
0x245598,36,FUN_00245598,game?,not started
0x2455c0,164,FUN_002455c0,game?,not started
0x245668,20,cFirstLoad::vf0_245668,game,not started
0x245680,52,cFirstLoad::vf9_245680,game,not started
0x2456b8,168,cFirstLoad::vf10_2456b8,game,not started
0x245760,212,cFirstLoad::vf7_245760,game,not started
0x245838,8,cFirstLoad::vf8_245838,game,not started
0x245840,280,FUN_00245840,frontend?,not started
0x245958,88,c1PTrackLoad::vf0_245958,game,not started
0x2459b0,148,FUN_002459b0,game?,not started
0x245a48,288,FUN_00245a48,game?,not started
0x245b68,336,FUN_00245b68,game?,not started
0x245cb8,520,c1PTrackLoad::vf9_245cb8,game,not started
0x245ec0,2112,c1PTrackLoad::vf10_245ec0,game,not started
0x246700,2072,FUN_00246700,race?,not started
0x246f18,52,c1PTrackLoad::vf4_246f18,game,not started
0x246f50,56,c1PTrackLoad::vf3_246f50,game,not started
0x246f88,88,c1PTrackLoad::vf5_246f88,game,not started
0x246fe0,1016,c1PTrackLoad::vf7_246fe0,game,not started
0x2473d8,1668,c1PTrackLoad::vf8_2473d8,game,not started
0x247a60,280,FUN_00247a60,frontend?,not started
0x247b78,88,c2PTrackLoad::vf0_247b78,race,not started
0x247bd0,388,c2PTrackLoad::vf9_247bd0,race,not started
0x247d58,2208,c2PTrackLoad::vf10_247d58,race,not started
0x2485f8,1128,FUN_002485f8,frontend?,not started
0x248a60,52,c2PTrackLoad::vf4_248a60,race,not started
0x248a98,56,c2PTrackLoad::vf3_248a98,race,not started
0x248ad0,68,c2PTrackLoad::vf5_248ad0,race,not started
0x248b18,1848,c2PTrackLoad::vf7_248b18,race,not started
0x249250,396,FUN_00249250,race?,not started
0x2493e0,888,c2PTrackLoad::vf8_2493e0,race,not started
0x249758,280,FUN_00249758,frontend?,not started
0x249870,88,c1PFELoad::vf0_249870,game,not started
0x2498c8,52,c1PFELoad::vf4_2498c8,game,not started
0x249900,72,c1PFELoad::vf9_249900,game,not started
0x249948,2112,c1PFELoad::vf10_249948,game,not started
0x24a188,1960,FUN_0024a188,race?,not started
0x24a930,88,c1PFELoad::vf5_24a930,game,not started
0x24a988,228,c1PFELoad::vf7_24a988,game,not started
0x24aa70,1464,c1PFELoad::vf8_24aa70,game,not started
0x24b028,280,FUN_0024b028,frontend?,not started
0x24b140,88,c2PFELoad::vf0_24b140,race,not started
0x24b198,388,c2PFELoad::vf9_24b198,race,not started
0x24b320,2112,c2PFELoad::vf10_24b320,race,not started
0x24bb60,52,c2PFELoad::vf4_24bb60,race,not started
0x24bb98,56,c2PFELoad::vf3_24bb98,race,not started
0x24bbd0,1704,FUN_0024bbd0,race?,not started
0x24c278,88,c2PFELoad::vf5_24c278,race,not started
0x24c2d0,340,c2PFELoad::vf7_24c2d0,race,not started
0x24c428,800,c2PFELoad::vf8_24c428,race,not started
0x24c748,300,FUN_0024c748,frontend?,not started
0x24c878,100,cFELoadFromQuit::vf0_24c878,frontend,not started
0x24c8e0,72,cFELoadFromQuit::vf9_24c8e0,frontend,not started
0x24c928,2112,cFELoadFromQuit::vf10_24c928,frontend,not started
0x24d168,52,cFELoadFromQuit::vf4_24d168,frontend,not started
0x24d1a0,496,FUN_0024d1a0,race?,not started
0x24d390,88,cFELoadFromQuit::vf5_24d390,frontend,not started
0x24d3e8,228,cFELoadFromQuit::vf7_24d3e8,frontend,not started
0x24d4d0,804,cFELoadFromQuit::vf8_24d4d0,frontend,not started
0x24d7f8,280,FUN_0024d7f8,frontend?,not started
0x24d910,88,cTrickTutorialLoad::vf0_24d910,game,not started
0x24d968,72,cTrickTutorialLoad::vf9_24d968,game,not started
0x24d9b0,2112,cTrickTutorialLoad::vf10_24d9b0,game,not started
0x24e1f0,52,cTrickTutorialLoad::vf4_24e1f0,game,not started
0x24e228,60,FUN_0024e228,game?,not started
0x24e268,88,cTrickTutorialLoad::vf5_24e268,game,not started
0x24e2c0,228,cTrickTutorialLoad::vf7_24e2c0,game,not started
0x24e3a8,1652,cTrickTutorialLoad::vf8_24e3a8,game,not started
0x24ea20,280,FUN_0024ea20,frontend?,not started
0x24eb38,88,cRiderRankingLoad::vf0_24eb38,game,not started
0x24eb90,276,cRiderRankingLoad::vf9_24eb90,game,not started
0x24eca8,2112,cRiderRankingLoad::vf10_24eca8,game,not started
0x24f4e8,52,cRiderRankingLoad::vf4_24f4e8,game,not started
0x24f520,920,FUN_0024f520,race?,not started
0x24f8c0,88,cRiderRankingLoad::vf5_24f8c0,game,not started
0x24f918,300,cRiderRankingLoad::vf7_24f918,game,not started
0x24fa48,1292,cRiderRankingLoad::vf8_24fa48,game,not started
0x250018,80,cRiderRankingLoad::__tf,runtime,host
0x250068,80,cTrickTutorialLoad::__tf,runtime,host
0x2500b8,80,cFELoadFromQuit::__tf,runtime,host
0x250108,80,c2PFELoad::__tf,runtime,host
0x250158,80,c1PFELoad::__tf,runtime,host
0x2501a8,80,c2PTrackLoad::__tf,runtime,host
0x2501f8,80,c1PTrackLoad::__tf,runtime,host
0x250248,80,cFirstLoad::__tf,runtime,host
0x250298,80,cFlakeSpinnerLoad::__tf,runtime,host
0x250328,64,cLoadModule::__tf,runtime,host
0x250428,200,FUN_00250428,world?,not started
0x2504f0,564,FUN_002504f0,world?,not started
0x250728,400,FUN_00250728,boarder?,not started
0x2508b8,400,Quat_RotateVecToVec,boarder?,not started
0x250a48,452,Quat_Slerp,boarder?,not started
0x250c10,332,FUN_00250c10,common?,not started
0x250d60,308,Math_Sin,common?,not started
0x250e98,312,Math_Cos,boarder?,not started
0x250fd0,296,Math_Asin,boarder?,not started
0x2510f8,320,Math_Atan,boarder?,not started
0x2514c0,72,FUN_002514c0,race?,not started
0x251508,96,FUN_00251508,boarder?,not started
0x251568,96,FUN_00251568,boarder?,not started
0x2515c8,520,FUN_002515c8,boarder?,not started
0x251748,540,FUN_00251748,world?,not started
0x251968,68,FUN_00251968,world?,not started
0x2519b0,120,FUN_002519b0,world?,not started
0x251a28,112,FUN_00251a28,ai?,not started
0x251a98,136,FUN_00251a98,world?,not started
0x251b20,124,FUN_00251b20,,not started
0x251ba0,36,FUN_00251ba0,race?,not started
0x251bc8,88,cBxCache::vf0_251bc8,other,not started
0x251c20,244,FUN_00251c20,render?,not started
0x251d18,88,FUN_00251d18,render?,not started
0x251d70,72,FUN_00251d70,ai?,not started
0x251db8,168,FUN_00251db8,world?,not started
0x251e60,68,FUN_00251e60,world?,not started
0x251ea8,52,FUN_00251ea8,race?,not started
0x251ee0,20,cAIFwdDiffCache::vf0_251ee0,ai,not started
0x251ef8,84,FUN_00251ef8,render?,not started
0x251f50,216,FUN_00251f50,world?,not started
0x252028,120,FUN_00252028,world?,not started
0x2520a0,28,FUN_002520a0,world?,not started
0x2520c8,80,cAIFwdDiffCache::__tf,runtime,host
0x252128,64,cBxCache::__tf,runtime,host
0x2521e8,52,FUN_002521e8,race?,not started
0x252220,88,cCourseResolve_Common::vf0_252220,race,not started
0x252278,40,cCourseResolve_Common::vf1_252278,race,not started
0x2522a0,20,cCourseResolve_Common::vf2_2522a0,race,not started
0x2522b8,40,cCourseResolve_Common::vf3_2522b8,race,not started
0x2522e0,52,FUN_002522e0,race?,not started
0x252318,52,FUN_00252318,race?,not started
0x252350,184,cCourseResolve_Common::vf4_252350,race,not started
0x252408,100,cCourseResolve_Common::vf5_252408,race,not started
0x252470,724,cCourseResolve_Common::vf6_252470,race,not started
0x252748,152,cCourseResolve_Common::vf7_252748,race,not started
0x2527e0,932,cCourseResolve_Common::vf8_2527e0,race,not started
0x252b88,656,cCourseResolve_Common::vf9_252b88,race,not started
0x252e18,1512,cCourseResolve_Common::vf10_252e18,race,not started
0x253400,200,cCourseResolve_Common::vf11_253400,race,not started
0x2534c8,116,cCourseResolve_Common::vf21_2534c8,race,not started
0x253540,112,cCourseResolve_Common::vf12_253540,race,not started
0x2535b0,124,cCourseResolve_Common::vf13_2535b0,race,not started
0x253630,420,cCourseResolve_Common::vf14_253630,race,not started
0x2537d8,472,cCourseResolve_Common::vf15_2537d8,race,not started
0x2539b0,420,cCourseResolve_Common::vf16_2539b0,race,not started
0x253b58,8,cCourseResolve_Common::vf17_253b58,race,not started
0x253b60,112,cCourseResolve_Common::vf22_253b60,race,not started
0x253bd0,124,cCourseResolve_Common::vf23_253bd0,race,not started
0x253c50,220,cCourseResolve_Common::vf24_253c50,race,not started
0x253d30,332,cCourseResolve_Common::vf25_253d30,race,not started
0x253e80,304,cCourseResolve_Common::vf26_253e80,race,not started
0x253fb0,200,cCourseResolve_Common::vf18_253fb0,race,not started
0x254078,164,cCourseResolve_Common::vf19_254078,race,not started
0x254120,60,cCourseResolve_Common::vf20_254120,race,not started
0x254160,132,cCourseResolve_Common::vf27_254160,race,not started
0x2541e8,192,cCourseResolve_Common::vf28_2541e8,race,not started
0x2542a8,112,cCourseResolve_Common::vf29_2542a8,race,not started
0x254318,124,cCourseResolve_Common::vf30_254318,race,not started
0x254398,612,cCourseResolve_Common::vf31_254398,race,not started
0x254600,120,cCourseResolve_Common::vf32_254600,race,not started
0x254678,48,cCourseResolve_Common::vf33_254678,race,not started
0x2546a8,708,cCourseResolve_Common::vf34_2546a8,race,not started
0x2549f8,44,FUN_002549f8,race?,not started
0x254a28,40,FUN_00254a28,common?,not started
0x254a50,44,FUN_00254a50,race?,not started
0x254a80,44,FUN_00254a80,race?,not started
0x254af0,44,FUN_00254af0,race?,not started
0x254b20,44,FUN_00254b20,race?,not started
0x254b50,40,FUN_00254b50,race?,not started
0x254b78,44,FUN_00254b78,race?,not started
0x254ba8,12,FUN_00254ba8,race?,not started
0x254bb8,56,FUN_00254bb8,race?,not started
0x254bf0,56,FUN_00254bf0,race?,not started
0x254c28,56,FUN_00254c28,race?,not started
0x254c60,56,FUN_00254c60,race?,not started
0x254c98,56,FUN_00254c98,race?,not started
0x254cd0,56,FUN_00254cd0,race?,not started
0x254d08,56,FUN_00254d08,race?,not started
0x254d40,56,FUN_00254d40,race?,not started
0x254d78,56,FUN_00254d78,race?,not started
0x254db0,56,FUN_00254db0,race?,not started
0x254de8,56,FUN_00254de8,race?,not started
0x254e20,56,FUN_00254e20,race?,not started
0x254e58,64,FUN_00254e58,race?,not started
0x254e98,64,FUN_00254e98,race?,not started
0x254ed8,84,FUN_00254ed8,race?,not started
0x254f30,136,FUN_00254f30,race?,not started
0x254fb8,136,FUN_00254fb8,race?,not started
0x255040,136,FUN_00255040,race?,not started
0x2550c8,136,FUN_002550c8,race?,not started
0x255150,136,FUN_00255150,race?,not started
0x2551d8,136,FUN_002551d8,race?,not started
0x255260,176,FUN_00255260,race?,not started
0x255310,40,FUN_00255310,race?,not started
0x255568,64,cCourseResolve_Common::__tf,runtime,host
0x2555a8,60,FUN_002555a8,race?,not started
0x2555e8,68,cCourseResolve_PS2::vf0_2555e8,race,not started
0x255630,1516,cCourseResolve_PS2::vf10_255630,race,not started
0x255c20,156,cCourseResolve_PS2::vf17_255c20,race,not started
0x255cc0,304,cCourseResolve_PS2::vf26_255cc0,race,not started
0x255df0,88,FUN_00255df0,race?,not started
0x255e48,112,FUN_00255e48,race?,not started
0x255eb8,80,FUN_00255eb8,race?,not started
0x255f08,232,FUN_00255f08,race?,not started
0x255ff0,144,FUN_00255ff0,race?,not started
0x256080,128,FUN_00256080,race?,not started
0x256100,40,FUN_00256100,,not started
0x256138,80,cCourseResolve_PS2::__tf,runtime,host
0x256188,5156,SurfaceTable_Init,boarder,ported
0x2575b0,8,FUN_002575b0,game?,not started
0x2575b8,116,FUN_002575b8,game?,not started
0x257630,116,FUN_00257630,game?,not started
0x2576a8,96,FUN_002576a8,world?,not started
0x257708,120,FUN_00257708,world?,not started
0x257780,12,FUN_00257780,world?,not started
0x257810,176,cWorldBoarder::cWorldBoarder,world,not started
0x2578c0,88,cWorldBoarder::vf3_2578c0,world,not started
0x257918,92,cWorldBoarder::vf0_257918,world,not started
0x257978,16,cWorldBoarder::vf1_257978,world,not started
0x257988,200,cWorldBoarder::vf4_257988,world,not started
0x257a50,168,cWorldBoarder::vf5_257a50,world,not started
0x257af8,176,cWorldBoarder::vf6_257af8,world,not started
0x257ba8,168,cWorldBoarder::vf7_257ba8,world,not started
0x257c50,44,cWorldBoarder::vf2_257c50,world,not started
0x257ca0,96,cWorldBoarder::vf10_257ca0,world,not started
0x257d00,80,cWorldBoarder::__tf,runtime,host
0x257d50,44,FUN_00257d50,world?,not started
0x257dc0,4712,FUN_00257dc0,world?,not started
0x259028,8,FUN_00259028,world?,not started
0x259030,768,FUN_00259030,world?,not started
0x259330,3320,FUN_00259330,boarder?,not started
0x25a028,312,FUN_0025a028,world?,not started
0x25a160,3600,FUN_0025a160,world?,not started
0x25aff8,2172,World_RayCast,world,ported
0x25b878,1744,World_QueryInstances,world,ported
0x25bf48,1864,World_RayCastInstance,world,ported
0x25c690,188,FUN_0025c690,world?,not started
0x25c750,8,FUN_0025c750,world?,not started
0x25c798,44,FUN_0025c798,world?,not started
0x25c7c8,3084,cWorldIntersectType::vf8_25c7c8,world,not started
0x25d3d8,476,FUN_0025d3d8,world?,not started
0x25d7a0,8,cWorldIntersectType::vf9_25d7a0,world,not started
0x25d7a8,8,cWorldIntersectType::vf3_25d7a8,world,not started
0x25d7b0,64,cWorldIntersectType::__tf,runtime,host
0x25d7f0,344,cWorldLine::cWorldLine,world,not started
0x25d948,124,cWorldLine::vf0_25d948,world,not started
0x25d9c8,24,cWorldLine::vf1_25d9c8,world,not started
0x25d9e0,308,cWorldLine::vf4_25d9e0,world,not started
0x25db18,292,cWorldLine::vf5_25db18,world,not started
0x25dc40,8,cWorldLine::vf6_25dc40,world,not started
0x25dc48,776,cWorldLine::vf7_25dc48,world,not started
0x25df50,3208,cWorldLine::vf9_25df50,world,not started
0x25ebd8,8,cWorldLine::vf2_25ebd8,world,not started
0x25ebe0,80,cWorldLine::__tf,runtime,host
0x25ec30,44,FUN_0025ec30,world?,not started
0x25ec60,40,FUN_0025ec60,world?,not started
0x25ec88,44,FUN_0025ec88,world?,not started
0x25ecb8,16,FUN_0025ecb8,world?,not started
0x25ecc8,28,FUN_0025ecc8,,not started
0x25ece8,136,FUN_0025ece8,race?,not started
0x25ed70,128,FUN_0025ed70,,not started
0x25edf0,1704,FUN_0025edf0,render?,not started
0x25f498,252,FUN_0025f498,render?,not started
0x25f598,1960,FUN_0025f598,render?,not started
0x25fd40,308,FUN_0025fd40,render?,not started
0x25fe78,64,FUN_0025fe78,world?,not started
0x25feb8,20,FUN_0025feb8,world?,not started
0x25fed0,400,World_CellActivate_RunPersistant,world,ported
0x260108,368,FUN_00260108,world?,not started
0x260278,480,FUN_00260278,world?,not started
0x260458,668,FUN_00260458,world?,not started
0x2606f8,412,FUN_002606f8,world?,not started
0x260898,264,FUN_00260898,world?,not started
0x2609b0,28,FUN_002609b0,world?,not started
0x2609d0,328,FUN_002609d0,world?,not started
0x260b18,144,FUN_00260b18,world?,not started
0x260ba8,248,FUN_00260ba8,world?,not started
0x260ca0,24,FUN_00260ca0,world?,not started
0x260cb8,72,FUN_00260cb8,world?,not started
0x260d08,204,FUN_00260d08,world?,not started
0x260dd8,144,FUN_00260dd8,world?,not started
0x260e68,44,FUN_00260e68,world?,not started
0x260f90,8,FUN_00260f90,world?,not started
0x260f98,8,FUN_00260f98,world?,not started
0x260fa0,28,FUN_00260fa0,world?,not started
0x260fc0,28,FUN_00260fc0,world?,not started
0x260fe0,80,cCourseResolve::__tf,runtime,host
0x261060,64,SphereTreeBufCache::__tf,runtime,host
0x2611b0,72,cWorldSphere::vf0_2611b0,world,not started
0x2611f8,16,cWorldSphere::vf1_2611f8,world,not started
0x261208,288,cWorldSphere::vf4_261208,world,not started
0x261328,384,cWorldSphere::vf5_261328,world,not started
0x2614a8,180,cWorldSphere::vf6_2614a8,world,not started
0x261560,44,cWorldSphere::vf7_261560,world,not started
0x261590,40,cWorldSphere::vf2_261590,world,not started
0x2615b8,80,cWorldSphere::__tf,runtime,host
0x261608,44,FUN_00261608,world?,not started
0x261638,196,FUN_00261638,world?,not started
0x261700,92,cWorldSphTree::vf0_261700,world,not started
0x261760,16,cWorldSphTree::vf1_261760,world,not started
0x261770,168,cWorldSphTree::vf4_261770,world,not started
0x261818,168,cWorldSphTree::vf5_261818,world,not started
0x2618c0,168,cWorldSphTree::vf6_2618c0,world,not started
0x261968,168,cWorldSphTree::vf7_261968,world,not started
0x261a10,56,cWorldSphTree::vf2_261a10,world,not started
0x261a48,96,cWorldSphTree::vf10_261a48,world,not started
0x261aa8,80,cWorldSphTree::__tf,runtime,host
0x261b38,864,FUN_00261b38,frontend?,not started
0x261e98,72,FUN_00261e98,frontend?,not started
0x261ee0,64,FUN_00261ee0,frontend?,not started
0x261f20,60,FUN_00261f20,frontend?,not started
0x261f60,60,FUN_00261f60,frontend?,not started
0x261fa0,60,FUN_00261fa0,frontend?,not started
0x261fe0,60,FUN_00261fe0,frontend?,not started
0x262020,60,FUN_00262020,frontend?,not started
0x262060,60,FUN_00262060,frontend?,not started
0x2620a0,60,FUN_002620a0,frontend?,not started
0x2620e0,60,FUN_002620e0,frontend?,not started
0x262120,60,FUN_00262120,frontend?,not started
0x262160,60,FUN_00262160,frontend?,not started
0x2621a0,132,FUN_002621a0,frontend?,not started
0x262228,56,FUN_00262228,frontend?,not started
0x262260,100,FUN_00262260,frontend?,not started
0x2622c8,56,FUN_002622c8,frontend?,not started
0x262300,56,FUN_00262300,frontend?,not started
0x262338,76,FUN_00262338,frontend?,not started
0x262388,76,FUN_00262388,frontend?,not started
0x2623d8,24,FUN_002623d8,frontend?,not started
0x262438,60,FUN_00262438,frontend?,not started
0x2624b8,76,FUN_002624b8,frontend?,not started
0x262508,60,FUN_00262508,frontend?,not started
0x262548,60,FUN_00262548,frontend?,not started
0x262588,60,FUN_00262588,frontend?,not started
0x2625c8,60,FUN_002625c8,frontend?,not started
0x262608,100,FUN_00262608,frontend?,not started
0x262670,60,FUN_00262670,frontend?,not started
0x2626b0,60,FUN_002626b0,frontend?,not started
0x2626f0,60,FUN_002626f0,frontend?,not started
0x262730,60,FUN_00262730,frontend?,not started
0x262770,60,FUN_00262770,frontend?,not started
0x2627b0,60,FUN_002627b0,frontend?,not started
0x2627f0,80,FUN_002627f0,frontend?,not started
0x262840,80,FUN_00262840,frontend?,not started
0x262890,80,FUN_00262890,frontend?,not started
0x2628e0,60,FUN_002628e0,frontend?,not started
0x262920,60,FUN_00262920,frontend?,not started
0x262960,260,FUN_00262960,frontend?,not started
0x262a68,100,FUN_00262a68,frontend?,not started
0x262ad0,164,FUN_00262ad0,frontend?,not started
0x262b78,88,FUN_00262b78,frontend?,not started
0x262bd0,80,FUN_00262bd0,frontend?,not started
0x262c20,60,FUN_00262c20,frontend?,not started
0x262c60,60,FUN_00262c60,frontend?,not started
0x262ca0,56,FUN_00262ca0,frontend?,not started
0x262cd8,112,FUN_00262cd8,frontend?,not started
0x262d48,56,FUN_00262d48,frontend?,not started
0x262d80,452,FUN_00262d80,frontend?,not started
0x262f48,56,FUN_00262f48,frontend?,not started
0x262f80,60,FUN_00262f80,frontend?,not started
0x262fc0,60,FUN_00262fc0,frontend?,not started
0x263000,332,FUN_00263000,frontend?,not started
0x263150,96,FUN_00263150,frontend?,not started
0x2631b0,60,FUN_002631b0,frontend?,not started
0x2631f0,60,FUN_002631f0,frontend?,not started
0x263230,60,FUN_00263230,frontend?,not started
0x263270,12,FUN_00263270,frontend?,not started
0x263280,332,FUN_00263280,frontend?,not started
0x2633d0,672,cFE3D::vf0_2633d0,frontend,not started
0x263670,224,FUN_00263670,frontend?,not started
0x263750,76,cFE3D::vf2_263750,frontend,not started
0x2637a0,908,cFE3D::vf4_2637a0,frontend,not started
0x263b30,5288,cFE3D::vf1_263b30,frontend,not started
0x264fd8,960,cFE3D::vf6_264fd8,frontend,not started
0x265398,956,cFE3D::vf5_265398,frontend,not started
0x265758,44,FUN_00265758,frontend?,not started
0x265788,28,FUN_00265788,frontend?,not started
0x2657a8,200,FUN_002657a8,frontend?,not started
0x265870,120,FUN_00265870,frontend?,not started
0x2658e8,136,FUN_002658e8,frontend?,not started
0x265970,232,FUN_00265970,frontend?,not started
0x265a58,160,FUN_00265a58,frontend?,not started
0x265af8,20,FUN_00265af8,frontend?,not started
0x265bb8,12,FUN_00265bb8,frontend?,not started
0x265bc8,28,FUN_00265bc8,frontend?,not started
0x265c28,36,FUN_00265c28,frontend?,not started
0x265c68,8,cFE3D::vf3_265c68,frontend,not started
0x265ca0,176,FUN_00265ca0,frontend?,not started
0x265d50,80,cFE3D::__tf,runtime,host
0x265da0,28,FUN_00265da0,frontend?,not started
0x265dc0,20,cFE3DScene::vf0_265dc0,frontend,not started
0x265dd8,80,cFE3DScene::__tf,runtime,host
0x265e50,64,cGameModule::__tf,runtime,host
0x265ed8,568,FUN_00265ed8,frontend?,not started
0x266110,124,cFE3DCharacter::vf0_266110,frontend,not started
0x266190,84,FUN_00266190,frontend?,not started
0x2661e8,8,FUN_002661e8,frontend?,not started
0x266208,276,FUN_00266208,race?,not started
0x266320,112,FUN_00266320,frontend?,not started
0x266390,84,FUN_00266390,boarder?,not started
0x2663e8,12,FUN_002663e8,frontend?,not started
0x2663f8,2556,cFE3DCharacter::vf10_2663f8,frontend,not started
0x266df8,680,cFE3DCharacter::vf12_266df8,frontend,not started
0x2670a0,64,FUN_002670a0,game?,not started
0x2670e0,8,FUN_002670e0,frontend?,not started
0x2670e8,784,FUN_002670e8,frontend?,not started
0x2673f8,272,FUN_002673f8,frontend?,not started
0x267508,360,FUN_00267508,frontend?,not started
0x267670,488,FUN_00267670,frontend?,not started
0x267858,180,FUN_00267858,frontend?,not started
0x267910,140,FUN_00267910,frontend?,not started
0x2679a0,376,FUN_002679a0,frontend?,not started
0x267b18,260,FUN_00267b18,frontend?,not started
0x267c20,36,FUN_00267c20,frontend?,not started
0x267c48,36,FUN_00267c48,frontend?,not started
0x267c70,76,FUN_00267c70,frontend?,not started
0x267cc0,200,FUN_00267cc0,frontend?,not started
0x267e50,80,cFE3DCharacter::__tf,runtime,host
0x267ec8,64,cBdrLoad::__tf,runtime,host
0x267f08,12,FUN_00267f08,frontend?,not started
0x267f58,944,FUN_00267f58,frontend?,not started
0x268308,948,FUN_00268308,frontend?,not started
0x2686c0,324,FUN_002686c0,frontend?,not started
0x268808,312,FUN_00268808,frontend?,not started
0x268940,316,cFE3DDialog::vf10_268940,frontend,not started
0x268a80,336,cFE3DDialog::vf11_268a80,frontend,not started
0x268bd0,100,cFE3DDialog::vf12_268bd0,frontend,not started
0x268cf8,8,cFE3DDialog::vf16_268cf8,frontend,not started
0x268dd0,20,cFE3DDialog::vf0_268dd0,frontend,not started
0x268de8,80,cFE3DDialog::__tf,runtime,host
0x268e38,8,cFE3DWGroup::vf21_268e38,frontend,not started
0x268e40,76,cFE3DWGroup::vf8_268e40,frontend,not started
0x268e90,76,cFE3DWGroup::vf7_268e90,frontend,not started
0x268ee0,76,cFE3DWGroup::vf6_268ee0,frontend,not started
0x268f30,96,cFE3DWGroup::vf28_268f30,frontend,not started
0x268f90,96,cFE3DWGroup::vf12_268f90,frontend,not started
0x268ff0,196,cFE3DWGroup::vf11_268ff0,frontend,not started
0x2690b8,212,cFE3DWGroup::vf10_2690b8,frontend,not started
0x269190,56,cFE3DWGroup::vf39_269190,frontend,not started
0x2691c8,44,cFE3DWGroup::vf1_2691c8,frontend,not started
0x2691f8,116,cFE3DWGroup::vf36_2691f8,frontend,not started
0x269270,116,cFE3DWGroup::vf13_269270,frontend,not started
0x2692e8,80,cFE3DWGroup::vf0_2692e8,frontend,not started
0x269338,80,FUN_00269338,frontend?,not started
0x269388,8,cListFE3DGetExtentOp::vf0_269388,frontend?,not started
0x269390,8,cListFE3DOnInputOp::vf0_269390,frontend?,not started
0x269398,8,cListFE3DFormatOp::vf0_269398,frontend?,not started
0x2693a0,8,cListFE3DUpdateActivityOp::vf0_2693a0,frontend?,not started
0x2693a8,8,cListFE3DResetActivityOp::vf0_2693a8,frontend?,not started
0x2693b0,8,cListFE3DSkipActivityOp::vf0_2693b0,frontend?,not started
0x2693b8,8,cListFE3DOffsetOp::vf0_2693b8,frontend?,not started
0x2693c0,44,cListFE3DUpdateOp::vf1_2693c0,frontend?,not started
0x2693f0,80,FUN_002693f0,frontend?,not started
0x269440,8,cListFE3DUpdateOp::vf0_269440,frontend?,not started
0x269448,44,cListFE3DRenderTextOp::vf1_269448,frontend?,not started
0x269478,80,FUN_00269478,frontend?,not started
0x2694c8,8,cListFE3DRenderTextOp::vf0_2694c8,frontend?,not started
0x2694d0,52,cListFE3DRenderOp::vf1_2694d0,frontend?,not started
0x269508,80,FUN_00269508,frontend?,not started
0x269558,8,cListFE3DRenderOp::vf0_269558,frontend?,not started
0x269560,36,cListOperator::vf0_269560,frontend?,not started
0x269588,64,FUN_00269588,frontend?,not started
0x269620,232,cListFE3DGetExtentOp::vf1_269620,frontend?,not started
0x269708,80,FUN_00269708,frontend?,not started
0x269758,64,cListFE3DOnInputOp::vf1_269758,frontend?,not started
0x269798,80,FUN_00269798,frontend?,not started
0x2697e8,44,cListFE3DFormatOp::vf1_2697e8,frontend?,not started
0x269818,80,FUN_00269818,frontend?,not started
0x269868,44,cListFE3DUpdateActivityOp::vf1_269868,frontend?,not started
0x269898,80,FUN_00269898,frontend?,not started
0x2698e8,44,cListFE3DResetActivityOp::vf1_2698e8,frontend?,not started
0x269918,80,FUN_00269918,frontend?,not started
0x269968,44,cListFE3DSkipActivityOp::vf1_269968,frontend?,not started
0x269998,80,FUN_00269998,frontend?,not started
0x2699e8,52,cListFE3DOffsetOp::vf1_2699e8,frontend?,not started
0x269a20,80,FUN_00269a20,frontend?,not started
0x269a70,92,FUN_00269a70,frontend?,not started
0x269ad0,56,FUN_00269ad0,frontend?,not started
0x269b08,224,cFE3DGeometry::vf10_269b08,frontend,not started
0x269be8,64,FUN_00269be8,frontend?,not started
0x269c28,68,cFE3DMovieGeometry::vf0_269c28,frontend,not started
0x269c70,84,FUN_00269c70,frontend?,not started
0x269cc8,72,FUN_00269cc8,frontend?,not started
0x269d10,396,cFE3DMovieGeometry::vf10_269d10,frontend,not started
0x269ed0,20,cFE3DAnim::vf12_269ed0,frontend,not started
0x269ee8,1160,cFE3DAnimRotate::vf10_269ee8,frontend,not started
0x26a370,192,cFE3DAnimRotate::vf12_26a370,frontend,not started
0x26a430,132,cFE3DAnimTranslate::vf10_26a430,frontend,not started
0x26a4b8,276,FUN_0026a4b8,frontend?,not started
0x26a5d0,132,FUN_0026a5d0,camera?,not started
0x26a658,1288,cFE3DCamera::vf10_26a658,camera,not started
0x26ab60,204,FUN_0026ab60,frontend?,not started
0x26ac30,28,FUN_0026ac30,camera?,not started
0x26ac50,72,cFE3DCameraScripted::vf1_26ac50,camera,not started
0x26ac98,1556,cFE3DCameraScripted::vf10_26ac98,camera,not started
0x26b2b0,64,cFE3DCameraScripted::vf12_26b2b0,camera,not started
0x26b2f0,264,FUN_0026b2f0,frontend?,not started
0x26b3f8,88,FUN_0026b3f8,frontend?,not started
0x26b450,44,cFE3DCameraCombined::vf12_26b450,camera,not started
0x26b480,56,cFE3DCameraCombined::vf10_26b480,camera,not started
0x26b4b8,44,cFE3DCameraCombined::vf28_26b4b8,camera,not started
0x26b4e8,632,FUN_0026b4e8,frontend?,not started
0x26b760,328,FUN_0026b760,frontend?,not started
0x26b8a8,328,FUN_0026b8a8,frontend?,not started
0x26b9f0,328,FUN_0026b9f0,frontend?,not started
0x26bb38,384,FUN_0026bb38,frontend?,not started
0x26bcb8,384,FUN_0026bcb8,frontend?,not started
0x26be38,600,FUN_0026be38,frontend?,not started
0x26c090,280,FUN_0026c090,frontend?,not started
0x26c1a8,280,FUN_0026c1a8,frontend?,not started
0x26c2c0,172,FUN_0026c2c0,frontend?,not started
0x26c370,16,FUN_0026c370,frontend?,not started
0x26c430,8,FUN_0026c430,frontend?,not started
0x26c450,80,cFE3DCameraCombined::vf0_26c450,camera,not started
0x26c4a0,80,cFE3DCameraCombined::__tf,runtime,host
0x26c4f0,8,cFE3DCameraScripted::vf28_26c4f0,camera,not started
0x26c500,68,cFE3DCameraScripted::vf0_26c500,camera,not started
0x26c548,80,cFE3DCameraScripted::__tf,runtime,host
0x26c598,8,cFE3DCamera::vf28_26c598,camera,not started
0x26c5d0,68,cFE3DCamera::vf0_26c5d0,camera,not started
0x26c618,80,cFE3DCamera::__tf,runtime,host
0x26c680,20,cFE3DAnimTranslate::vf0_26c680,frontend,not started
0x26c790,80,cFE3DAnimTranslate::__tf,runtime,host
0x26c820,20,cFE3DAnimRotate::vf0_26c820,frontend,not started
0x26c930,80,cFE3DAnimRotate::__tf,runtime,host
0x26c9a0,20,cFE3DAnim::vf0_26c9a0,frontend,not started
0x26cab0,80,cFE3DAnim::__tf,runtime,host
0x26cbf0,80,cFE3DMovieGeometry::__tf,runtime,host
0x26cc40,20,cFE3DGeometry::vf0_26cc40,frontend,not started
0x26cd48,80,cFE3DGeometry::__tf,runtime,host
0x26cd98,44,FUN_0026cd98,frontend?,not started
0x26cdc8,32,FUN_0026cdc8,frontend?,not started
0x26cde8,16,FUN_0026cde8,frontend?,not started
0x26cdf8,16,FUN_0026cdf8,frontend?,not started
0x26ce08,40,FUN_0026ce08,frontend?,not started
0x26ce30,40,FUN_0026ce30,frontend?,not started
0x26ce58,16,FUN_0026ce58,frontend?,not started
0x26ce68,16,FUN_0026ce68,frontend?,not started
0x26ce78,16,FUN_0026ce78,frontend?,not started
0x26ce88,16,FUN_0026ce88,frontend?,not started
0x26ce98,16,FUN_0026ce98,frontend?,not started
0x26cea8,16,FUN_0026cea8,frontend?,not started
0x26cef8,44,FUN_0026cef8,frontend?,not started
0x26cf28,56,FUN_0026cf28,frontend?,not started
0x26cf60,608,cCheatCodes::Update,input,not started
0x26d1c0,8,FUN_0026d1c0,frontend?,not started
0x26d1c8,136,FUN_0026d1c8,frontend?,not started
0x26d3b8,668,FUN_0026d3b8,frontend?,not started
0x26d658,8,cFE3DMenu::vf40_26d658,frontend,not started
0x26d660,612,cFE3DMenu::vf39_26d660,frontend,not started
0x26d8c8,1172,FUN_0026d8c8,frontend?,not started
0x26dd60,500,FUN_0026dd60,frontend?,not started
0x26df58,500,FUN_0026df58,frontend?,not started
0x26e150,996,cFE3DMenu::vf28_26e150,frontend,not started
0x26e538,140,FUN_0026e538,frontend?,not started
0x26e5c8,140,FUN_0026e5c8,frontend?,not started
0x26e658,352,cFE3DMenu::vf41_26e658,frontend,not started
0x26e7b8,352,cFE3DMenu::vf42_26e7b8,frontend,not started
0x26e918,140,cFE3DMenu::vf5_26e918,frontend,not started
0x26e9a8,76,cFE3DMenu::vf7_26e9a8,frontend,not started
0x26e9f8,156,cFE3DMenu::vf1_26e9f8,frontend,not started
0x26ea98,256,cFE3DMenu::vf11_26ea98,frontend,not started
0x26eb98,164,cFE3DMenu::vf12_26eb98,frontend,not started
0x26ec40,920,cFE3DMenu::vf36_26ec40,frontend,not started
0x26efd8,540,cFE3DMenu::vf37_26efd8,frontend,not started
0x26f2a0,464,cListFE3DWMenuFormatOp::vf1_26f2a0,frontend?,not started
0x26f470,80,cListFE3DWMenuFormatOp::__tf,runtime,host
0x26f4c0,8,cListFE3DWMenuFormatOp::vf0_26f4c0,frontend?,not started
0x26f4c8,8,cFE3DMenu::vf18_26f4c8,frontend,not started
0x26f4d0,240,cFE3DMenu::vf29_26f4d0,frontend,not started
0x26f5c0,180,cFE3DMenu::vf13_26f5c0,frontend,not started
0x26f688,12,FUN_0026f688,frontend?,not started
0x26f698,44,FUN_0026f698,frontend?,not started
0x26f7c0,108,FUN_0026f7c0,frontend?,not started
0x26f830,116,FUN_0026f830,frontend?,not started
0x26f8d8,128,cFE3DMenu::vf43_26f8d8,frontend,not started
0x26f970,28,FUN_0026f970,frontend?,not started
0x26f990,28,FUN_0026f990,save?,not started
0x26f9d0,80,cFE3DMenu::vf0_26f9d0,frontend,not started
0x26fa20,80,cFE3DMenu::__tf,runtime,host
0x26fa70,44,FUN_0026fa70,frontend?,not started
0x26faa0,80,FUN_0026faa0,frontend?,not started
0x26faf8,44,cListFE3DSetActiveDefaultStartDataOp::vf1_26faf8,frontend?,not started
0x26fb28,80,cListFE3DSetActiveDefaultStartDataOp::__tf,runtime,host
0x26fb78,8,cListFE3DSetActiveDefaultStartDataOp::vf0_26fb78,frontend?,not started
0x26fbb0,80,FUN_0026fbb0,frontend?,not started
0x26fc40,80,FUN_0026fc40,frontend?,not started
0x26fcc8,80,FUN_0026fcc8,frontend?,not started
0x26fd48,64,FUN_0026fd48,frontend?,not started
0x26fe00,80,FUN_0026fe00,frontend?,not started
0x26fe50,92,FUN_0026fe50,frontend?,not started
0x26feb0,8,thunk_FUN_002ac178,runtime,host
0x26feb8,136,FUN_0026feb8,frontend?,not started
0x26ff40,68,FUN_0026ff40,frontend?,not started
0x26ff88,68,FUN_0026ff88,frontend?,not started
0x270008,44,FUN_00270008,frontend?,not started
0x270038,80,FUN_00270038,frontend?,not started
0x2700c0,80,FUN_002700c0,frontend?,not started
0x270150,80,FUN_00270150,frontend?,not started
0x2701a8,24,cListFE3DFindHashNameOp::vf1_2701a8,frontend?,not started
0x2701c0,80,cListFE3DFindHashNameOp::__tf,runtime,host
0x270210,8,cListFE3DFindHashNameOp::vf0_270210,frontend?,not started
0x270218,28,FUN_00270218,frontend?,not started
0x270260,64,FUN_00270260,frontend?,not started
0x2702e0,68,FUN_002702e0,frontend?,not started
0x270328,76,cFE3DSound::vf0_270328,frontend,not started
0x270378,88,cFE3DSound::vf1_270378,frontend,not started
0x2703d0,68,cFE3DSound::vf2_2703d0,frontend,not started
0x2704c8,40,cFE3DSound::vf3_2704c8,frontend,not started
0x2704f0,68,cFE3DSound::vf4_2704f0,frontend,not started
0x2705d0,56,cFE3DSound::vf5_2705d0,frontend,not started
0x2705e0,12,cFE3DSound::vf6_2705e0,frontend,not started
0x2705f0,12,cFE3DSound::vf7_2705f0,frontend,not started
0x270600,20,cFE3DSound::vf8_270600,frontend,not started
0x270610,48,cFE3DSound::vf9_270610,frontend,not started
0x270770,16,cFE3DSound::vf10_270770,frontend,not started
0x270780,12,cFE3DSound::vf11_270780,frontend,not started
0x270790,80,cFE3DSound::vf12_270790,frontend,not started
0x2707e0,136,cFE3DSound::vf13_2707e0,frontend,not started
0x270860,88,cFE3DSound::vf14_270860,frontend,not started
0x2708b8,128,cFE3DSound::vf15_2708b8,frontend,not started
0x270938,12,cFE3DSound::vf16_270938,frontend,not started
0x270948,12,cFE3DSound::vf17_270948,frontend,not started
0x270958,44,cFE3DSound::vf18_270958,frontend,not started
0x270988,12,cFE3DSound::vf19_270988,frontend,not started
0x270998,12,cFE3DSound::vf20_270998,frontend,not started
0x2709a8,12,cFE3DSound::vf21_2709a8,frontend,not started
0x2709b8,44,cFE3DSound::vf22_2709b8,frontend,not started
0x2709e8,12,cFE3DSound::vf23_2709e8,frontend,not started
0x2709f8,68,cFE3DSound::vf24_2709f8,frontend,not started
0x270a40,12,cFE3DSound::vf25_270a40,frontend,not started
0x270a50,12,cFE3DSound::vf26_270a50,frontend,not started
0x270a60,12,cFE3DSound::vf27_270a60,frontend,not started
0x270a70,60,cFE3DSound::vf28_270a70,frontend,not started
0x270ab0,20,cFE3DSound::vf29_270ab0,frontend,not started
0x270ac0,36,cFE3DSound::vf30_270ac0,frontend,not started
0x270ae8,12,cFE3DSound::vf31_270ae8,frontend,not started
0x270af8,12,cFE3DSound::vf32_270af8,frontend,not started
0x270b08,20,cFE3DSound::vf33_270b08,frontend,not started
0x270b18,204,cFE3DSound::vf34_270b18,frontend,not started
0x270be8,12,cFE3DSound::vf35_270be8,frontend,not started
0x270bf8,36,cFE3DSound::vf36_270bf8,frontend,not started
0x270c20,16,cFE3DSound::vf37_270c20,frontend,not started
0x270c30,892,cFE3DSound::vf38_270c30,frontend,not started
0x270fb0,16,cFE3DSound::vf39_270fb0,frontend,not started
0x270fc0,12,cFE3DSound::vf40_270fc0,frontend,not started
0x270fd0,36,cFE3DSound::vf41_270fd0,frontend,not started
0x270ff8,16,cFE3DSound::vf42_270ff8,frontend,not started
0x271008,36,cFE3DSound::vf43_271008,frontend,not started
0x271030,16,cFE3DSound::vf44_271030,frontend,not started
0x271040,36,cFE3DSound::vf45_271040,frontend,not started
0x271068,16,cFE3DSound::vf46_271068,frontend,not started
0x271078,16,cFE3DSound::vf47_271078,frontend,not started
0x271088,12,cFE3DSound::vf48_271088,frontend,not started
0x271098,36,cFE3DSound::vf49_271098,frontend,not started
0x2710c0,16,cFE3DSound::vf50_2710c0,frontend,not started
0x2710d0,36,cFE3DSound::vf51_2710d0,frontend,not started
0x2710f8,16,cFE3DSound::vf52_2710f8,frontend,not started
0x271108,36,cFE3DSound::vf53_271108,frontend,not started
0x271130,12,cFE3DSound::vf54_271130,frontend,not started
0x2711e8,80,cFE3DSound::__tf,runtime,host
0x271238,36,cFE3DSoundBase::vf0_271238,frontend,not started
0x271260,64,cFE3DSoundBase::__tf,runtime,host
0x2712e0,8,cFE3DSoundBase::vf54_2712e0,frontend,not started
0x2712e8,8,cFE3DSoundBase::vf53_2712e8,frontend,not started
0x2712f0,8,cFE3DSoundBase::vf52_2712f0,frontend,not started
0x2712f8,12,cFE3DSoundBase::vf51_2712f8,frontend,not started
0x271308,8,cFE3DSoundBase::vf50_271308,frontend,not started
0x271310,12,cFE3DSoundBase::vf49_271310,frontend,not started
0x271320,8,cFE3DSoundBase::vf48_271320,frontend,not started
0x271328,12,cFE3DSoundBase::vf47_271328,frontend,not started
0x271338,8,cFE3DSoundBase::vf46_271338,frontend,not started
0x271340,12,cFE3DSoundBase::vf45_271340,frontend,not started
0x271350,8,cFE3DSoundBase::vf44_271350,frontend,not started
0x271358,12,cFE3DSoundBase::vf43_271358,frontend,not started
0x271368,8,cFE3DSoundBase::vf42_271368,frontend,not started
0x271370,12,cFE3DSoundBase::vf41_271370,frontend,not started
0x271380,8,cFE3DSoundBase::vf40_271380,frontend,not started
0x271388,8,cFE3DSoundBase::vf39_271388,frontend,not started
0x271390,8,cFE3DSoundBase::vf38_271390,frontend,not started
0x271398,8,cFE3DSoundBase::vf37_271398,frontend,not started
0x2713a0,8,cFE3DSoundBase::vf36_2713a0,frontend,not started
0x2713a8,8,cFE3DSoundBase::vf35_2713a8,frontend,not started
0x2713b0,8,cFE3DSoundBase::vf34_2713b0,frontend,not started
0x2713b8,8,cFE3DSoundBase::vf33_2713b8,frontend,not started
0x2713c0,8,cFE3DSoundBase::vf32_2713c0,frontend,not started
0x2713c8,8,cFE3DSoundBase::vf31_2713c8,frontend,not started
0x2713d0,8,cFE3DSoundBase::vf30_2713d0,frontend,not started
0x2713d8,8,cFE3DSoundBase::vf29_2713d8,frontend,not started
0x2713e0,8,cFE3DSoundBase::vf28_2713e0,frontend,not started
0x2713e8,8,cFE3DSoundBase::vf27_2713e8,frontend,not started
0x2713f0,8,cFE3DSoundBase::vf26_2713f0,frontend,not started
0x2713f8,8,cFE3DSoundBase::vf25_2713f8,frontend,not started
0x271400,8,cFE3DSoundBase::vf24_271400,frontend,not started
0x271408,8,cFE3DSoundBase::vf23_271408,frontend,not started
0x271410,8,cFE3DSoundBase::vf22_271410,frontend,not started
0x271418,8,cFE3DSoundBase::vf21_271418,frontend,not started
0x271420,8,cFE3DSoundBase::vf20_271420,frontend,not started
0x271428,8,cFE3DSoundBase::vf19_271428,frontend,not started
0x271430,8,cFE3DSoundBase::vf18_271430,frontend,not started
0x271438,8,cFE3DSoundBase::vf17_271438,frontend,not started
0x271440,8,cFE3DSoundBase::vf16_271440,frontend,not started
0x271448,8,cFE3DSoundBase::vf15_271448,frontend,not started
0x271450,8,cFE3DSoundBase::vf14_271450,frontend,not started
0x271458,8,cFE3DSoundBase::vf13_271458,frontend,not started
0x271460,8,cFE3DSoundBase::vf12_271460,frontend,not started
0x271468,8,cFE3DSoundBase::vf11_271468,frontend,not started
0x271470,8,cFE3DSoundBase::vf10_271470,frontend,not started
0x271478,8,cFE3DSoundBase::vf9_271478,frontend,not started
0x271480,8,cFE3DSoundBase::vf8_271480,frontend,not started
0x271488,8,cFE3DSoundBase::vf7_271488,frontend,not started
0x271490,8,cFE3DSoundBase::vf6_271490,frontend,not started
0x271498,8,cFE3DSoundBase::vf5_271498,frontend,not started
0x2714a0,8,cFE3DSoundBase::vf4_2714a0,frontend,not started
0x2714a8,8,cFE3DSoundBase::vf3_2714a8,frontend,not started
0x2714b0,8,cFE3DSoundBase::vf2_2714b0,frontend,not started
0x2714b8,8,cFE3DSoundBase::vf1_2714b8,frontend,not started
0x2715c8,468,FUN_002715c8,frontend?,not started
0x2717a0,68,cFE3DState::vf0_2717a0,frontend,not started
0x2717e8,92,cFE3DState::vf12_2717e8,frontend,not started
0x271848,32,FUN_00271848,frontend?,not started
0x271868,32,FUN_00271868,frontend?,not started
0x271888,52,FUN_00271888,frontend?,not started
0x2718f0,204,FUN_002718f0,frontend?,not started
0x2719c0,1844,FUN_002719c0,frontend?,not started
0x2720f8,7708,FUN_002720f8,frontend?,not started
0x273f18,232,FUN_00273f18,frontend?,not started
0x274000,264,FUN_00274000,frontend?,not started
0x274108,256,FUN_00274108,frontend?,not started
0x274208,112,FUN_00274208,frontend?,not started
0x274278,112,FUN_00274278,frontend?,not started
0x2742e8,1216,FUN_002742e8,frontend?,not started
0x2747b0,200,cFE3DState::vf3_2747b0,frontend,not started
0x274878,376,cFE3DState::vf4_274878,frontend,not started
0x2749f0,340,cFE3DState::vf5_2749f0,frontend,not started
0x274b48,152,cFE3DState::vf7_274b48,frontend,not started
0x274be0,152,cFE3DState::vf8_274be0,frontend,not started
0x274c78,376,cFE3DState::vf9_274c78,frontend,not started
0x274df0,204,cFE3DState::vf14_274df0,frontend,not started
0x274ec0,88,cFE3DState::vf15_274ec0,frontend,not started
0x274f18,556,cFE3DState::vf16_274f18,frontend,not started
0x275148,800,cFE3DState::vf17_275148,frontend,not started
0x275468,108,FUN_00275468,frontend?,not started
0x2754d8,268,FUN_002754d8,frontend?,not started
0x2755e8,372,FUN_002755e8,frontend?,not started
0x275760,296,FUN_00275760,frontend?,not started
0x275888,56,cFE3DState::vf21_275888,frontend,not started
0x2758c0,220,cFE3DState::vf22_2758c0,frontend,not started
0x2759a0,40,cFE3DState::vf26_2759a0,frontend,not started
0x2759c8,36,FUN_002759c8,frontend?,not started
0x2759f0,124,FUN_002759f0,frontend?,not started
0x275a70,80,FUN_00275a70,frontend?,not started
0x275ac8,72,FUN_00275ac8,frontend?,not started
0x275b10,124,FUN_00275b10,frontend?,not started
0x275b90,124,FUN_00275b90,frontend?,not started
0x275c10,76,FUN_00275c10,frontend?,not started
0x275c60,40,FUN_00275c60,frontend?,not started
0x275d30,8,cFE3DTextIcon::vf22_275d30,frontend,not started
0x275d38,8,cFE3DTextIcon::vf42_275d38,frontend,not started
0x275d40,8,cFE3DTextIcon::vf40_275d40,frontend,not started
0x275d48,8,cFE3DTextIcon::vf19_275d48,frontend,not started
0x275d50,20,cFE3DTextIcon::vf0_275d50,frontend,not started
0x275db8,8,cFE3DWTextEntry::vf41_275db8,frontend,not started
0x275dc0,8,cFE3DWTextEntry::vf40_275dc0,frontend,not started
0x275dc8,20,cFE3DWTextEntry::vf0_275dc8,frontend,not started
0x275e38,76,FUN_00275e38,frontend?,not started
0x275e88,76,FUN_00275e88,frontend?,not started
0x275ed8,76,FUN_00275ed8,frontend?,not started
0x275f28,96,FUN_00275f28,frontend?,not started
0x275f88,96,FUN_00275f88,frontend?,not started
0x275fe8,196,FUN_00275fe8,frontend?,not started
0x2760b0,212,FUN_002760b0,frontend?,not started
0x276188,56,FUN_00276188,frontend?,not started
0x2761c0,44,FUN_002761c0,world?,not started
0x276268,116,FUN_00276268,frontend?,not started
0x2762e0,8,FUN_002762e0,frontend?,not started
0x276338,80,FUN_00276338,frontend?,not started
0x2763a0,8,cFE3DState::vf25_2763a0,frontend,not started
0x2763a8,8,cFE3DState::vf24_2763a8,frontend,not started
0x2763b0,8,cFE3DState::vf23_2763b0,frontend,not started
0x2763f0,8,FUN_002763f0,frontend?,not started
0x276418,8,cFE3DState::vf20_276418,frontend,not started
0x276420,8,cFE3DState::vf19_276420,frontend,not started
0x276428,8,cFE3DState::vf18_276428,frontend,not started
0x276430,8,cFE3DState::vf13_276430,frontend,not started
0x276460,8,cFE3DState::vf11_276460,frontend,not started
0x2764a0,8,cFE3DState::vf10_2764a0,frontend,not started
0x2764a8,12,cFE3DState::vf6_2764a8,frontend,not started
0x2764e0,80,cFE3DState::__tf,runtime,host
0x2766b8,80,FUN_002766b8,frontend?,not started
0x276708,64,FUN_00276708,frontend?,not started
0x276748,80,FUN_00276748,frontend?,not started
0x276798,44,FUN_00276798,frontend?,not started
0x2767c8,80,FUN_002767c8,frontend?,not started
0x276818,44,FUN_00276818,frontend?,not started
0x276848,80,FUN_00276848,frontend?,not started
0x276898,44,FUN_00276898,frontend?,not started
0x2768c8,80,FUN_002768c8,frontend?,not started
0x276918,44,FUN_00276918,frontend?,not started
0x276948,80,FUN_00276948,frontend?,not started
0x276998,52,FUN_00276998,frontend?,not started
0x2769d0,80,FUN_002769d0,frontend?,not started
0x276a20,44,FUN_00276a20,frontend?,not started
0x276a50,80,FUN_00276a50,frontend?,not started
0x276aa0,44,FUN_00276aa0,frontend?,not started
0x276ad0,80,FUN_00276ad0,frontend?,not started
0x276b20,52,FUN_00276b20,frontend?,not started
0x276b58,80,FUN_00276b58,frontend?,not started
0x276ba8,64,FUN_00276ba8,frontend?,not started
0x276be8,132,FUN_00276be8,frontend?,not started
0x276c70,260,cFE3DStateCharacterSelect::vf10_276c70,frontend,not started
0x276d78,176,FUN_00276d78,frontend?,not started
0x276e28,6000,cFE3DStateCharacterSelect::vf11_276e28,frontend,not started
0x278598,628,cFE3DStateCharacterSelect::vf14_278598,frontend,not started
0x278810,48,cFE3DStateCharacterSelect::vf16_278810,frontend,not started
0x278840,1820,FUN_00278840,frontend?,not started
0x278f60,612,cFE3DStateCharacterSelect::vf17_278f60,frontend,not started
0x2791c8,36,cFE3DStateCharacterSelect::vf18_2791c8,frontend,not started
0x2791f0,292,cFE3DStateCharacterSelect::vf22_2791f0,frontend,not started
0x279318,336,cFE3DStateCharacterSelect::vf26_279318,frontend,not started
0x279468,1180,cFE3DStateCharacterModify::vf10_279468,frontend,not started
0x279908,376,cFE3DStateCharacterModify::vf11_279908,frontend,not started
0x279a80,396,cFE3DStateCharacterModify::vf14_279a80,frontend,not started
0x279c10,152,cFE3DStateCharacterModify::vf20_279c10,frontend,not started
0x279ca8,364,cFE3DStateCharacterModify::vf22_279ca8,frontend,not started
0x279e18,20,cFE3DStateCharacterModify::vf26_279e18,frontend,not started
0x279e30,140,cFE3DStateCharacterAccept::vf10_279e30,frontend,not started
0x279ec0,316,cFE3DStateCharacterAccept::vf11_279ec0,frontend,not started
0x27a000,156,cFE3DStateCharacterAccept::vf14_27a000,frontend,not started
0x27a0a0,180,cFE3DStateCharacterAccept::vf15_27a0a0,frontend,not started
0x27a158,76,cFE3DStateCharacterAccept::vf22_27a158,frontend,not started
0x27a1a8,148,cFE3DStateCharacterAccept::vf26_27a1a8,frontend,not started
0x27a240,68,FUN_0027a240,frontend?,not started
0x27a288,544,FUN_0027a288,frontend?,not started
0x27a4a8,272,FUN_0027a4a8,frontend?,not started
0x27a5b8,13984,cFE3DStateTrickBook::vf11_27a5b8,frontend,not started
0x27dc58,944,cFE3DStateTrickBook::vf17_27dc58,frontend,not started
0x27e008,668,cFE3DStateTrickBook::vf14_27e008,frontend,not started
0x27e2a8,144,cFE3DStateTrickBook::vf15_27e2a8,frontend,not started
0x27e338,136,cFE3DStateTrickBook::vf21_27e338,frontend,not started
0x27e3c0,524,cFE3DStateTrickBook::vf26_27e3c0,frontend,not started
0x27e5d0,552,cFE3DStateTrickBook::vf22_27e5d0,frontend,not started
0x27e7f8,288,cFE3DStateTrickBook::vf24_27e7f8,frontend,not started
0x27e918,3304,FUN_0027e918,frontend?,not started
0x27f600,14128,FUN_0027f600,frontend?,not started
0x282d30,8000,FUN_00282d30,frontend?,not started
0x284c70,752,FUN_00284c70,frontend?,not started
0x284f60,720,FUN_00284f60,frontend?,not started
0x285230,26424,FUN_00285230,frontend?,not started
0x28b968,1124,cFE3DStateRiderProfile::vf11_28b968,frontend,not started
0x28bdd0,76,cFE3DStateRiderProfile::vf17_28bdd0,frontend,not started
0x28be20,232,cFE3DStateRiderProfile::vf10_28be20,frontend,not started
0x28bf08,544,cFE3DStateRiderProfile::vf14_28bf08,frontend,not started
0x28c128,112,cFE3DStateRiderProfile::vf26_28c128,frontend,not started
0x28c198,32,cFE3DStateRiderProfile::vf21_28c198,frontend,not started
0x28c1b8,936,cFE3DStateRiderProfile::vf22_28c1b8,frontend,not started
0x28c560,296,cFE3DStateHintBook::vf11_28c560,frontend,not started
0x28c688,8,cFE3DStateHintBook::vf26_28c688,frontend,not started
0x28c690,136,FUN_0028c690,frontend?,not started
0x28c718,3388,cFE3DStateCustomBoard::vf11_28c718,frontend,not started
0x28d458,100,cFE3DStateCustomBoard::vf14_28d458,frontend,not started
0x28d4c0,24,cFE3DStateCustomBoard::vf18_28d4c0,frontend,not started
0x28d4d8,152,cFE3DStateCustomBoard::vf21_28d4d8,frontend,not started
0x28d570,92,cFE3DStateCustomBoard::vf22_28d570,frontend,not started
0x28d5d0,152,cFE3DStateCustomBoard::vf26_28d5d0,frontend,not started
0x28d668,856,FUN_0028d668,frontend?,not started
0x28d9c0,500,cFE3DStateCustomBody::vf11_28d9c0,frontend,not started
0x28dbb8,232,cFE3DStateCustomBody::vf14_28dbb8,frontend,not started
0x28dca0,24,cFE3DStateCustomBody::vf18_28dca0,frontend,not started
0x28dcb8,152,cFE3DStateCustomBody::vf21_28dcb8,frontend,not started
0x28dd50,164,cFE3DStateCustomBody::vf22_28dd50,frontend,not started
0x28ddf8,152,cFE3DStateCustomBody::vf26_28ddf8,frontend,not started
0x28de90,196,FUN_0028de90,frontend?,not started
0x28e020,8,FUN_0028e020,frontend?,not started
0x28e040,80,cFE3DTextIcon::__tf,runtime,host
0x28e108,20,cFE3DStateCustomBody::vf0_28e108,frontend,not started
0x28e158,80,cFE3DStateCustomBody::__tf,runtime,host
0x28e1a8,20,cFE3DStateCustomBoard::vf0_28e1a8,frontend,not started
0x28e1c0,80,cFE3DStateCustomBoard::__tf,runtime,host
0x28e210,20,cFE3DStateHintBook::vf0_28e210,frontend,not started
0x28e260,80,cFE3DStateHintBook::__tf,runtime,host
0x28e2b0,20,cFE3DStateRiderProfile::vf0_28e2b0,frontend,not started
0x28e308,80,cFE3DStateRiderProfile::__tf,runtime,host
0x28e360,76,cFE3DStateTrickBook::vf0_28e360,frontend,not started
0x28e420,8,cFE3DStateTrickBook::vf13_28e420,frontend,not started
0x28e428,80,cFE3DStateTrickBook::__tf,runtime,host
0x28e478,20,cFE3DStateCharacterAccept::vf0_28e478,frontend,not started
0x28e4c8,8,cFE3DStateCharacterAccept::vf13_28e4c8,frontend,not started
0x28e4d0,80,cFE3DStateCharacterAccept::__tf,runtime,host
0x28e520,20,cFE3DStateCharacterModify::vf0_28e520,frontend,not started
0x28e570,8,cFE3DStateCharacterModify::vf13_28e570,frontend,not started
0x28e578,80,cFE3DStateCharacterModify::__tf,runtime,host
0x28e5c8,20,cFE3DStateCharacterSelect::vf0_28e5c8,frontend,not started
0x28e5e0,8,cFE3DStateCharacterSelect::vf13_28e5e0,frontend,not started
0x28e5e8,80,cFE3DStateCharacterSelect::__tf,runtime,host
0x28e640,76,FUN_0028e640,frontend?,not started
0x28e690,76,FUN_0028e690,frontend?,not started
0x28e6e0,76,FUN_0028e6e0,frontend?,not started
0x28e730,96,FUN_0028e730,frontend?,not started
0x28e790,96,FUN_0028e790,frontend?,not started
0x28e7f0,196,FUN_0028e7f0,frontend?,not started
0x28e8b8,212,FUN_0028e8b8,frontend?,not started
0x28e990,56,FUN_0028e990,frontend?,not started
0x28e9c8,44,FUN_0028e9c8,world?,not started
0x28ea70,116,FUN_0028ea70,frontend?,not started
0x28eb40,80,FUN_0028eb40,frontend?,not started
0x28ed30,80,FUN_0028ed30,frontend?,not started
0x28ed80,64,FUN_0028ed80,frontend?,not started
0x28edc0,80,FUN_0028edc0,frontend?,not started
0x28ee10,44,FUN_0028ee10,frontend?,not started
0x28ee40,80,FUN_0028ee40,frontend?,not started
0x28ee90,44,FUN_0028ee90,frontend?,not started
0x28eec0,80,FUN_0028eec0,frontend?,not started
0x28ef10,44,FUN_0028ef10,frontend?,not started
0x28ef40,80,FUN_0028ef40,frontend?,not started
0x28ef90,44,FUN_0028ef90,frontend?,not started
0x28efc0,80,FUN_0028efc0,frontend?,not started
0x28f010,52,FUN_0028f010,frontend?,not started
0x28f048,80,FUN_0028f048,frontend?,not started
0x28f098,44,FUN_0028f098,frontend?,not started
0x28f0c8,80,FUN_0028f0c8,frontend?,not started
0x28f118,44,FUN_0028f118,frontend?,not started
0x28f148,80,FUN_0028f148,frontend?,not started
0x28f198,52,FUN_0028f198,frontend?,not started
0x28f1d0,80,FUN_0028f1d0,frontend?,not started
0x28f220,64,FUN_0028f220,frontend?,not started
0x28f260,284,FUN_0028f260,frontend?,not started
0x28f380,92,cFEStateMCOverlay::vf0_28f380,save,not started
0x290de0,484,cFEStateMCOverlay::vf2_290de0,save,not started
0x290fd0,8,cFEStateMCOverlay::vf12_290fd0,save,not started
0x291178,28,cFEStateMCOverlay::vf7_291178,save,not started
0x291198,168,cFEStateMCOverlay::vf8_291198,save,not started
0x291240,168,cFEStateMCOverlay::vf9_291240,save,not started
0x2912e8,356,cFEStateMCOverlay::vf10_2912e8,save,not started
0x291450,28,cFEStateMCOverlay::vf11_291450,save,not started
0x291470,36,cFEStateMCOverlay::vf3_291470,save,not started
0x291498,8,cFEStateMCOverlay::vf4_291498,save,not started
0x2914a0,8,cFEStateMCOverlay::vf6_2914a0,save,not started
0x2914a8,36,cFEStateMCOverlay::vf5_2914a8,save,not started
0x2914d0,376,cFEStateMCOverlay::vf44_2914d0,save,not started
0x291648,60,cFEStateMCOverlay::vf47_291648,save,not started
0x291688,60,cFEStateMCOverlay::vf48_291688,save,not started
0x2916c8,232,cFEStateMCOverlay::vf49_2916c8,save,not started
0x2917b0,1528,cFEStateMCOverlay::vf54_2917b0,save,not started
0x291da8,88,FUN_00291da8,save?,not started
0x291e00,1460,FUN_00291e00,save?,not started
0x2923b8,108,FUN_002923b8,save?,not started
0x292428,164,FUN_00292428,save?,not started
0x2924d0,356,FUN_002924d0,save?,not started
0x292638,368,FUN_00292638,save?,not started
0x2927a8,48,FUN_002927a8,save?,not started
0x2927d8,56,FUN_002927d8,save?,not started
0x292810,176,FUN_00292810,save?,not started
0x2928c0,88,FUN_002928c0,save?,not started
0x292918,40,cFEStateMCOverlay::vf50_292918,save,not started
0x292940,40,cFEStateMCOverlay::vf51_292940,save,not started
0x292968,772,FUN_00292968,save?,not started
0x292c70,168,cFEStateMCOverlay::vf1_292c70,save,not started
0x292d40,60,cFEStateMCOverlay::vf55_292d40,save,not started
0x292d80,236,FUN_00292d80,save?,not started
0x292e70,564,FUN_00292e70,save?,not started
0x2930a8,112,FUN_002930a8,save?,not started
0x293120,72,FUN_00293120,frontend?,not started
0x293210,8,cFEStateMCOverlay::vf23_293210,save,not started
0x293218,8,cFEStateMCOverlay::vf26_293218,save,not started
0x293230,92,cFEStateMCOverlay::__tf,runtime,host
0x293290,8,cFE3DIconText::vf22_293290,frontend,not started
0x293298,8,cFE3DIconText::vf41_293298,frontend,not started
0x2932a0,8,cFE3DIconText::vf19_2932a0,frontend,not started
0x2932a8,20,cFE3DIconText::vf0_2932a8,frontend,not started
0x2932c0,80,cFE3DIconText::__tf,runtime,host
0x293310,8,cFE3DIconEntry::vf40_293310,frontend,not started
0x293318,8,cFE3DIconEntry::vf19_293318,frontend,not started
0x293320,20,cFE3DIconEntry::vf0_293320,frontend,not started
0x293338,80,cFE3DIconEntry::__tf,runtime,host
0x293390,60,FUN_00293390,frontend?,not started
0x2933d0,340,cFE3DStateTitle::vf10_2933d0,frontend,not started
0x293528,1040,cFE3DStateTitle::vf11_293528,frontend,not started
0x293938,284,cFE3DStateTitle::vf14_293938,frontend,not started
0x293a58,128,cFE3DStateTitle::vf15_293a58,frontend,not started
0x293ad8,60,cFE3DStateTitle::vf19_293ad8,frontend,not started
0x293b18,104,cFE3DStateTitle::vf20_293b18,frontend,not started
0x293b80,32,cFE3DStateTitle::vf26_293b80,frontend,not started
0x293ba0,128,cFE3DStateTitle::vf16_293ba0,frontend,not started
0x293c20,496,cFE3DStateDVDContent::vf10_293c20,frontend,not started
0x293e10,10848,cFE3DStateDVDContent::vf11_293e10,frontend,not started
0x296870,2192,FUN_00296870,frontend?,not started
0x297178,3624,FUN_00297178,frontend?,not started
0x297fa0,968,FUN_00297fa0,frontend?,not started
0x298368,856,FUN_00298368,frontend?,not started
0x2986c0,2988,cFE3DStateDVDContent::vf17_2986c0,frontend,not started
0x299270,128,cFE3DStateDVDContent::vf14_299270,frontend,not started
0x2992f0,68,cFE3DStateDVDContent::vf15_2992f0,frontend,not started
0x299338,400,FUN_00299338,frontend?,not started
0x2994c8,224,FUN_002994c8,frontend?,not started
0x2995a8,224,FUN_002995a8,frontend?,not started
0x299688,116,FUN_00299688,frontend?,not started
0x299700,1808,cFE3DStateDVDContent::vf22_299700,frontend,not started
0x299e10,480,cFE3DStateDVDContent::vf26_299e10,frontend,not started
0x299ff0,600,cFE3DStateDVDContent::vf21_299ff0,frontend,not started
0x29a248,8,cFE3DStateDVDContent::vf25_29a248,frontend,not started
0x29a250,8,cFE3DStateDVDContent::vf24_29a250,frontend,not started
0x29a258,216,cFE3DStateModeSelect::vf10_29a258,frontend,not started
0x29a330,432,cFE3DStateModeSelect::vf11_29a330,frontend,not started
0x29a4e0,288,cFE3DStateModeSelect::vf14_29a4e0,frontend,not started
0x29a600,20,cFE3DStateModeSelect::vf18_29a600,frontend,not started
0x29a618,20,cFE3DStateModeSelect::vf19_29a618,frontend,not started
0x29a630,128,cFE3DStateModeSelect::vf20_29a630,frontend,not started
0x29a6b0,248,cFE3DStateModeSelect::vf22_29a6b0,frontend,not started
0x29a7a8,88,FUN_0029a7a8,frontend?,not started
0x29a800,196,cFE3DStateModeSelect::vf26_29a800,frontend,not started
0x29a8c8,96,cFE3DStateNumPlayers::vf10_29a8c8,frontend,not started
0x29a928,544,cFE3DStateNumPlayers::vf11_29a928,frontend,not started
0x29ab48,264,cFE3DStateNumPlayers::vf14_29ab48,frontend,not started
0x29ac50,88,cFE3DStateNumPlayers::vf19_29ac50,frontend,not started
0x29ac68,20,cFE3DStateNumPlayers::vf20_29ac68,frontend,not started
0x29ac80,128,cFE3DStateNumPlayers::vf22_29ac80,frontend,not started
0x29ad00,40,cFE3DStateNumPlayers::vf26_29ad00,frontend,not started
0x29ad28,28,FUN_0029ad28,frontend?,not started
0x29ad48,216,cFE3DStateEventSel::vf10_29ad48,frontend,not started
0x29b000,708,cFE3DStateEventSel::vf11_29b000,frontend,not started
0x29b2c8,224,cFE3DStateEventSel::vf14_29b2c8,frontend,not started
0x29b3a8,48,cFE3DStateEventSel::vf18_29b3a8,frontend,not started
0x29b3d8,128,cFE3DStateEventSel::vf20_29b3d8,frontend,not started
0x29b458,248,cFE3DStateEventSel::vf22_29b458,frontend,not started
0x29b550,128,cFE3DStateEventSel::vf26_29b550,frontend,not started
0x29b5d0,112,FUN_0029b5d0,frontend?,not started
0x29b640,100,cFE3DStateDifficultSel::vf10_29b640,frontend,not started
0x29b6a8,544,cFE3DStateDifficultSel::vf11_29b6a8,frontend,not started
0x29b8c8,88,cFE3DStateDifficultSel::vf14_29b8c8,frontend,not started
0x29b920,212,cFE3DStateDifficultSel::vf22_29b920,frontend,not started
0x29b9f8,84,FUN_0029b9f8,frontend?,not started
0x29ba50,76,cFE3DStateVenueSel::vf10_29ba50,frontend,not started
0x29baa0,240,FUN_0029baa0,frontend?,not started
0x29bb90,504,cFE3DStateVenueSel::vf11_29bb90,frontend,not started
0x29bd88,204,cFE3DStateVenueSel::vf14_29bd88,frontend,not started
0x29be58,132,cFE3DStateVenueSel::vf15_29be58,frontend,not started
0x29bee0,44,cFE3DStateVenueSel::vf18_29bee0,frontend,not started
0x29bf10,48,cFE3DStateVenueSel::vf16_29bf10,frontend,not started
0x29bf40,208,cFE3DStateVenueSel::vf22_29bf40,frontend,not started
0x29c010,552,FUN_0029c010,frontend?,not started
0x29c238,160,cFE3DStateVenueSel::vf26_29c238,frontend,not started
0x29c2d8,152,cFE3DStateUserName::vf10_29c2d8,frontend,not started
0x29c370,3932,cFE3DStateUserName::vf11_29c370,frontend,not started
0x29d2d0,280,cFE3DStateUserName::vf14_29d2d0,frontend,not started
0x29d3e8,220,cFE3DStateUserName::vf21_29d3e8,frontend,not started
0x29d4c8,444,cFE3DStateUserName::vf26_29d4c8,frontend,not started
0x29d7b0,20,cFE3DStateUserName::vf0_29d7b0,frontend,not started
0x29d810,8,cFE3DStateUserName::vf13_29d810,frontend,not started
0x29d818,80,cFE3DStateUserName::__tf,runtime,host
0x29d868,20,cFE3DStateVenueSel::vf0_29d868,frontend,not started
0x29d8b8,8,cFE3DStateVenueSel::vf13_29d8b8,frontend,not started
0x29d8c0,80,cFE3DStateVenueSel::__tf,runtime,host
0x29d910,20,cFE3DStateDifficultSel::vf0_29d910,frontend,not started
0x29d960,8,cFE3DStateDifficultSel::vf13_29d960,frontend,not started
0x29d968,80,cFE3DStateDifficultSel::__tf,runtime,host
0x29d9b8,20,cFE3DStateEventSel::vf0_29d9b8,frontend,not started
0x29da08,8,cFE3DStateEventSel::vf13_29da08,frontend,not started
0x29da10,80,cFE3DStateEventSel::__tf,runtime,host
0x29da60,20,cFE3DStateNumPlayers::vf0_29da60,frontend,not started
0x29dab0,8,cFE3DStateNumPlayers::vf13_29dab0,frontend,not started
0x29dab8,80,cFE3DStateNumPlayers::__tf,runtime,host
0x29db08,20,cFE3DStateModeSelect::vf0_29db08,frontend,not started
0x29db58,8,cFE3DStateModeSelect::vf13_29db58,frontend,not started
0x29db60,80,cFE3DStateModeSelect::__tf,runtime,host
0x29dbb0,20,cFE3DStateDVDContent::vf0_29dbb0,frontend,not started
0x29dc30,8,cFE3DStateDVDContent::vf13_29dc30,frontend,not started
0x29dc38,80,cFE3DStateDVDContent::__tf,runtime,host
0x29dc88,20,cFE3DStateTitle::vf0_29dc88,frontend,not started
0x29dca0,8,cFE3DStateTitle::vf13_29dca0,frontend,not started
0x29dca8,80,cFE3DStateTitle::__tf,runtime,host
0x29dd00,76,FUN_0029dd00,frontend?,not started
0x29dd50,76,FUN_0029dd50,frontend?,not started
0x29dda0,76,FUN_0029dda0,frontend?,not started
0x29ddf0,96,FUN_0029ddf0,frontend?,not started
0x29de50,96,FUN_0029de50,frontend?,not started
0x29deb0,196,FUN_0029deb0,frontend?,not started
0x29df78,212,FUN_0029df78,frontend?,not started
0x29e050,56,FUN_0029e050,frontend?,not started
0x29e088,44,FUN_0029e088,world?,not started
0x29e130,116,FUN_0029e130,frontend?,not started
0x29e200,80,FUN_0029e200,frontend?,not started
0x29e3f0,80,FUN_0029e3f0,frontend?,not started
0x29e440,64,FUN_0029e440,frontend?,not started
0x29e480,80,FUN_0029e480,frontend?,not started
0x29e4d0,44,FUN_0029e4d0,frontend?,not started
0x29e500,80,FUN_0029e500,frontend?,not started
0x29e550,44,FUN_0029e550,frontend?,not started
0x29e580,80,FUN_0029e580,frontend?,not started
0x29e5d0,44,FUN_0029e5d0,frontend?,not started
0x29e600,80,FUN_0029e600,frontend?,not started
0x29e650,44,FUN_0029e650,frontend?,not started
0x29e680,80,FUN_0029e680,frontend?,not started
0x29e6d0,52,FUN_0029e6d0,frontend?,not started
0x29e708,80,FUN_0029e708,frontend?,not started
0x29e758,44,FUN_0029e758,frontend?,not started
0x29e788,80,FUN_0029e788,frontend?,not started
0x29e7d8,44,FUN_0029e7d8,frontend?,not started
0x29e808,80,FUN_0029e808,frontend?,not started
0x29e858,52,FUN_0029e858,frontend?,not started
0x29e890,80,FUN_0029e890,frontend?,not started
0x29e8e0,64,FUN_0029e8e0,frontend?,not started
0x29e920,104,FUN_0029e920,frontend?,not started
0x29e988,264,FUN_0029e988,frontend?,not started
0x29ea90,300,FUN_0029ea90,frontend?,not started
0x29ebc0,172,FUN_0029ebc0,frontend?,not started
0x29ec70,220,FUN_0029ec70,frontend?,not started
0x29ed50,224,FUN_0029ed50,frontend?,not started
0x29ee30,284,FUN_0029ee30,frontend?,not started
0x29ef50,548,FUN_0029ef50,frontend?,not started
0x29f178,692,FUN_0029f178,frontend?,not started
0x29f430,216,FUN_0029f430,game?,not started
0x29f508,232,FUN_0029f508,game?,not started
0x29f5f0,304,FUN_0029f5f0,frontend?,not started
0x29f720,1056,FUN_0029f720,frontend?,not started
0x29fb40,48,FUN_0029fb40,frontend?,not started
0x29fb70,15224,FUN_0029fb70,frontend?,not started
0x2a36e8,7400,FUN_002a36e8,frontend?,not started
0x2a53d0,11268,FUN_002a53d0,frontend?,not started
0x2a7fd8,932,FUN_002a7fd8,frontend?,not started
0x2a8380,412,FUN_002a8380,frontend?,not started
0x2a8520,1296,FUN_002a8520,frontend?,not started
0x2a8a30,2004,cFE3DStateOptions::vf11_2a8a30,frontend,not started
0x2a9208,76,cFE3DStateOptions::vf12_2a9208,frontend,not started
0x2a9258,248,cFE3DStateOptions::vf14_2a9258,frontend,not started
0x2a9350,312,FUN_002a9350,frontend?,not started
0x2a9488,664,FUN_002a9488,frontend?,not started
0x2a9720,296,FUN_002a9720,frontend?,not started
0x2a9848,344,FUN_002a9848,frontend?,not started
0x2a99a0,684,FUN_002a99a0,frontend?,not started
0x2a9c50,8,FUN_002a9c50,frontend?,not started
0x2a9c58,224,cFE3DStateOptions::vf10_2a9c58,frontend,not started
0x2a9d38,864,cFE3DStateOptions::vf22_2a9d38,frontend,not started
0x2aa098,352,cFE3DStateOptions::vf23_2aa098,frontend,not started
0x2aa1f8,700,cFE3DStateOptions::vf26_2aa1f8,frontend,not started
0x2aa5c0,608,cFE3DStateOptions::vf21_2aa5c0,frontend,not started
0x2aa820,376,cFE3DStateOptions::vf16_2aa820,frontend,not started
0x2aa998,276,FUN_002aa998,frontend?,not started
0x2aab58,20,cFE3DStateOptions::vf0_2aab58,frontend,not started
0x2aab70,80,cFE3DStateOptions::__tf,runtime,host
0x2aabe8,80,cFE3DWTextEntry::__tf,runtime,host
0x2aac40,76,FUN_002aac40,frontend?,not started
0x2aac90,76,FUN_002aac90,frontend?,not started
0x2aace0,76,FUN_002aace0,frontend?,not started
0x2aad30,96,FUN_002aad30,frontend?,not started
0x2aad90,96,FUN_002aad90,frontend?,not started
0x2aadf0,196,FUN_002aadf0,frontend?,not started
0x2aaeb8,212,FUN_002aaeb8,frontend?,not started
0x2aaf90,56,FUN_002aaf90,frontend?,not started
0x2aafc8,44,FUN_002aafc8,world?,not started
0x2ab070,116,FUN_002ab070,frontend?,not started
0x2ab140,80,cFE3DWGroup::__tf,runtime,host
0x2ab330,80,cListFE3DGetExtentOp::__tf,runtime,host
0x2ab380,64,FUN_002ab380,frontend?,not started
0x2ab3c0,80,cListFE3DOnInputOp::__tf,runtime,host
0x2ab410,44,FUN_002ab410,frontend?,not started
0x2ab440,80,cListFE3DFormatOp::__tf,runtime,host
0x2ab490,44,FUN_002ab490,frontend?,not started
0x2ab4c0,80,cListFE3DUpdateActivityOp::__tf,runtime,host
0x2ab510,44,FUN_002ab510,frontend?,not started
0x2ab540,80,FUN_002ab540,frontend?,not started
0x2ab590,44,FUN_002ab590,frontend?,not started
0x2ab5c0,80,FUN_002ab5c0,frontend?,not started
0x2ab610,52,FUN_002ab610,frontend?,not started
0x2ab648,80,FUN_002ab648,frontend?,not started
0x2ab698,44,FUN_002ab698,frontend?,not started
0x2ab6c8,80,FUN_002ab6c8,frontend?,not started
0x2ab718,44,FUN_002ab718,frontend?,not started
0x2ab748,80,FUN_002ab748,frontend?,not started
0x2ab798,52,FUN_002ab798,frontend?,not started
0x2ab7d0,80,FUN_002ab7d0,frontend?,not started
0x2ab820,64,FUN_002ab820,frontend?,not started
0x2ab860,176,cFE3DStateVideo::vf17_2ab860,frontend,not started
0x2ab910,8,cFE3DStateVideo::vf11_2ab910,frontend,not started
0x2ab918,220,cFE3DStateVideo::vf12_2ab918,frontend,not started
0x2ab9f8,56,cFE3DStateVideo::vf14_2ab9f8,frontend,not started
0x2aba30,60,cFE3DStateVideo::vf15_2aba30,frontend,not started
0x2aba70,8,FUN_002aba70,frontend?,not started
0x2abb20,48,cFE3DStateVideo::vf27_2abb20,frontend,not started
0x2abb58,8,FUN_002abb58,frontend?,not started
0x2abb60,20,cFE3DStateVideo::vf0_2abb60,frontend,not started
0x2abbc0,8,cFE3DStateVideo::vf13_2abbc0,frontend,not started
0x2abbc8,80,cFE3DStateVideo::__tf,runtime,host
0x2abc68,8,FUN_002abc68,frontend?,not started
0x2abc70,44,cFE3DGroup::vf1_2abc70,frontend,not started
0x2abca0,264,cFE3DGroup::vf10_2abca0,frontend,not started
0x2abda8,180,cFE3DGroup::vf11_2abda8,frontend,not started
0x2abe60,96,cFE3DGroup::vf12_2abe60,frontend,not started
0x2abec0,72,FUN_002abec0,frontend?,not started
0x2abf10,36,FUN_002abf10,frontend?,not started
0x2abf38,72,FUN_002abf38,frontend?,not started
0x2abf80,48,cListNode::vf2_2abf80,world,not started
0x2abfb0,100,FUN_002abfb0,frontend?,not started
0x2ac018,20,FUN_002ac018,frontend?,not started
0x2ac030,20,FUN_002ac030,frontend?,not started
0x2ac048,120,FUN_002ac048,frontend?,not started
0x2ac0c0,96,FUN_002ac0c0,save?,not started
0x2ac120,28,FUN_002ac120,frontend?,not started
0x2ac140,32,FUN_002ac140,frontend?,not started
0x2ac160,24,FUN_002ac160,frontend?,not started
0x2ac178,108,FUN_002ac178,frontend?,not started
0x2ac1e8,52,FUN_002ac1e8,frontend?,not started
0x2ac220,104,cList::vf1_2ac220,frontend?,not started
0x2ac288,192,cFE3DThing::vf5_2ac288,frontend,not started
0x2ac348,104,FUN_002ac348,frontend?,not started
0x2ac3b0,120,FUN_002ac3b0,frontend?,not started
0x2ac428,76,cFE3DThing::vf6_2ac428,frontend,not started
0x2ac478,52,cFE3DThing::vf7_2ac478,frontend,not started
0x2ac4b0,36,FUN_002ac4b0,frontend?,not started
0x2ac580,76,cFE3DGroup::vf7_2ac580,frontend,not started
0x2ac5d0,76,cFE3DGroup::vf6_2ac5d0,frontend,not started
0x2ac620,116,cFE3DGroup::vf13_2ac620,frontend,not started
0x2ac698,28,FUN_002ac698,frontend?,not started
0x2ac6b8,80,cFE3DGroup::vf0_2ac6b8,frontend,not started
0x2ac708,260,FUN_002ac708,frontend?,not started
0x2ac810,80,cFE3DGroup::__tf,runtime,host
0x2ac8a8,80,cListFE3DUpdateOp::__tf,runtime,host
0x2ac930,80,cListFE3DRenderTextOp::__tf,runtime,host
0x2ac9c0,80,cListFE3DRenderOp::__tf,runtime,host
0x2aca18,8,cFE3DThing::vf27_2aca18,frontend,not started
0x2aca20,8,cFE3DThing::vf26_2aca20,frontend,not started
0x2aca28,8,cFE3DThing::vf25_2aca28,frontend,not started
0x2aca30,8,cFE3DThing::vf24_2aca30,frontend,not started
0x2aca38,8,cFE3DThing::vf23_2aca38,frontend,not started
0x2aca40,8,cFE3DThing::vf22_2aca40,frontend,not started
0x2aca48,8,cFE3DThing::vf21_2aca48,frontend,not started
0x2aca50,8,cFE3DThing::vf20_2aca50,frontend,not started
0x2aca58,8,cFE3DThing::vf19_2aca58,frontend,not started
0x2aca60,8,cFE3DThing::vf18_2aca60,frontend,not started
0x2aca68,8,cFE3DThing::vf17_2aca68,frontend,not started
0x2aca70,8,cFE3DThing::vf16_2aca70,frontend,not started
0x2aca78,8,cFE3DThing::vf15_2aca78,frontend,not started
0x2aca80,8,cFE3DThing::vf14_2aca80,frontend,not started
0x2aca88,32,FUN_002aca88,frontend?,not started
0x2acaa8,40,FUN_002acaa8,frontend?,not started
0x2acaf8,40,cFE3DThing::vf13_2acaf8,frontend,not started
0x2acb20,80,FUN_002acb20,frontend?,not started
0x2acb70,44,FUN_002acb70,frontend?,not started
0x2acbb8,40,cFE3DThing::vf12_2acbb8,frontend,not started
0x2acbe0,8,cFE3DThing::vf11_2acbe0,frontend,not started
0x2acbe8,8,cFE3DThing::vf10_2acbe8,frontend,not started
0x2acc40,60,FUN_002acc40,frontend?,not started
0x2acc80,40,cFE3DThing::vf9_2acc80,frontend,not started
0x2acca8,8,cFE3DThing::vf8_2acca8,frontend,not started
0x2accf0,8,cFE3DThing::vf4_2accf0,frontend,not started
0x2accf8,8,cFE3DThing::vf3_2accf8,frontend,not started
0x2acd10,20,cFE3DThing::vf0_2acd10,frontend,not started
0x2ace08,80,cFE3DThing::__tf,runtime,host
0x2ace78,108,cList::vf0_2ace78,frontend?,not started
0x2acee8,64,cList::__tf,runtime,host
0x2acf28,8,cListNode::vf1_2acf28,world,not started
0x2acf60,88,cListNode::vf0_2acf60,world,not started
0x2acfe0,64,cListNode::__tf,runtime,host
0x2ad048,64,FUN_002ad048,,not started
0x2ad0f8,80,cListFE3DResetActivityOp::__tf,runtime,host
0x2ad148,44,FUN_002ad148,,not started
0x2ad178,80,cListFE3DSkipActivityOp::__tf,runtime,host
0x2ad1c8,52,FUN_002ad1c8,,not started
0x2ad200,80,FUN_002ad200,frontend?,not started
0x2ad250,108,cFE3DWidget::vf5_2ad250,frontend,not started
0x2ad2c0,188,cFE3DWidget::vf7_2ad2c0,frontend,not started
0x2ad380,936,cFE3DWidget::vf8_2ad380,frontend,not started
0x2ad7d0,8,cFE3DWidget::vf39_2ad7d0,frontend,not started
0x2ad7d8,8,cFE3DWidget::vf15_2ad7d8,frontend,not started
0x2ad7e8,60,FUN_002ad7e8,frontend?,not started
0x2ad828,12,cFE3DWidget::vf38_2ad828,frontend,not started
0x2ad838,12,cFE3DWidget::vf37_2ad838,frontend,not started
0x2ad848,156,cFE3DWidget::vf36_2ad848,frontend,not started
0x2ad8e8,40,cFE3DWidget::vf35_2ad8e8,frontend,not started
0x2ad910,40,cFE3DWidget::vf34_2ad910,frontend,not started
0x2ad938,40,cFE3DWidget::vf33_2ad938,frontend,not started
0x2ad960,40,cFE3DWidget::vf32_2ad960,frontend,not started
0x2ad988,148,FUN_002ad988,frontend?,not started
0x2ada20,8,cFE3DWidget::vf31_2ada20,frontend,not started
0x2ada28,8,cFE3DWidget::vf30_2ada28,frontend,not started
0x2ada30,8,cFE3DWidget::vf29_2ada30,frontend,not started
0x2ada58,68,FUN_002ada58,frontend?,not started
0x2adaa0,8,cFE3DWidget::vf28_2adaa0,frontend,not started
0x2adaa8,20,cFE3DWidget::vf0_2adaa8,frontend,not started
0x2adc68,80,cFE3DWidget::__tf,runtime,host
0x2adcb8,44,FUN_002adcb8,frontend?,not started
0x2adce8,200,cFE3DIcon::vf11_2adce8,frontend,not started
0x2addb0,140,FUN_002addb0,frontend?,not started
0x2ade40,212,FUN_002ade40,frontend?,not started
0x2adf18,24,FUN_002adf18,frontend?,not started
0x2adf30,24,FUN_002adf30,frontend?,not started
0x2adf88,64,FUN_002adf88,frontend?,not started
0x2adfc8,208,cFE3DTiledIcon::vf11_2adfc8,frontend,not started
0x2ae098,408,FUN_002ae098,frontend?,not started
0x2ae230,400,FUN_002ae230,frontend?,not started
0x2ae3c0,928,FUN_002ae3c0,frontend?,not started
0x2ae760,140,FUN_002ae760,frontend?,not started
0x2ae7f0,140,FUN_002ae7f0,frontend?,not started
0x2ae880,1700,cFE3DProgressBar::vf11_2ae880,frontend,not started
0x2aef28,396,cFE3DProgressBar::vf28_2aef28,frontend,not started
0x2af0b8,136,cFE3DWEntry::vf9_2af0b8,frontend,not started
0x2af140,136,cFE3DWEntry::vf32_2af140,frontend,not started
0x2af1c8,136,cFE3DWEntry::vf33_2af1c8,frontend,not started
0x2af250,136,cFE3DWEntry::vf34_2af250,frontend,not started
0x2af2d8,136,cFE3DWEntry::vf35_2af2d8,frontend,not started
0x2af360,104,cFE3DWEntry::vf4_2af360,frontend,not started
0x2af3c8,108,cFE3DWEntry::vf29_2af3c8,frontend,not started
0x2af438,104,cFE3DWEntry::vf3_2af438,frontend,not started
0x2af4a0,108,cFE3DWEntry::vf31_2af4a0,frontend,not started
0x2af510,60,cFE3DWEntry::vf28_2af510,frontend,not started
0x2af550,108,cFE3DWEntry::vf1_2af550,frontend,not started
0x2af5c0,768,cFE3DWEntry::vf36_2af5c0,frontend,not started
0x2af8c0,620,cFE3DWEntry::vf37_2af8c0,frontend,not started
0x2afb30,788,cFE3DWEntry::vf39_2afb30,frontend,not started
0x2afe48,128,cFE3DWEntry::vf13_2afe48,frontend,not started
0x2afec8,200,cFE3DWEntry::vf11_2afec8,frontend,not started
0x2aff90,64,FUN_002aff90,frontend?,not started
0x2affd0,48,FUN_002affd0,frontend?,not started
0x2b0000,288,cFE3DWListBox::vf28_2b0000,frontend,not started
0x2b0120,48,cFE3DWListBox::vf1_2b0120,frontend,not started
0x2b0150,168,cFE3DWListBox::vf11_2b0150,frontend,not started
0x2b01f8,52,cFE3DWListBox::vf37_2b01f8,frontend,not started
0x2b0230,480,FUN_002b0230,frontend?,not started
0x2b0410,24,FUN_002b0410,frontend?,not started
0x2b0428,60,FUN_002b0428,frontend?,not started
0x2b0468,120,cFE3DWNameEntry::vf37_2b0468,frontend,not started
0x2b04e0,68,cFE3DWNameEntry::vf1_2b04e0,frontend,not started
0x2b0528,808,cFE3DWNameEntry::vf11_2b0528,frontend,not started
0x2b0850,832,cFE3DWNameEntry::vf28_2b0850,frontend,not started
0x2b0b90,584,FUN_002b0b90,frontend?,not started
0x2b0dd8,160,cFE3DWText::vf11_2b0dd8,frontend,not started
0x2b0e78,40,cFE3DWText::vf12_2b0e78,frontend,not started
0x2b0ea0,116,cFE3DWText::vf37_2b0ea0,frontend,not started
0x2b0f18,80,FUN_002b0f18,frontend?,not started
0x2b0f68,76,FUN_002b0f68,frontend?,not started
0x2b0fb8,76,FUN_002b0fb8,frontend?,not started
0x2b1008,100,FUN_002b1008,frontend?,not started
0x2b1070,84,FUN_002b1070,frontend?,not started
0x2b10c8,112,FUN_002b10c8,frontend?,not started
0x2b1138,496,FUN_002b1138,frontend?,not started
0x2b1328,20,cFE3DWSingleLineText::vf0_2b1328,frontend,not started
0x2b1340,68,cFE3DWSingleLineText::vf39_2b1340,frontend,not started
0x2b1388,300,cFE3DWSingleLineText::vf11_2b1388,frontend,not started
0x2b14b8,40,cFE3DWSingleLineText::vf12_2b14b8,frontend,not started
0x2b14e0,240,cFE3DWSingleLineText::vf37_2b14e0,frontend,not started
0x2b15d0,24,cFE3DWSingleLineText::vf40_2b15d0,frontend,not started
0x2b15e8,76,cFE3DWSingleLineText::vf41_2b15e8,frontend,not started
0x2b1638,20,cFE3DWSingleLineText::vf42_2b1638,frontend,not started
0x2b1650,60,cFE3DWBufferedSingleLineText::vf40_2b1650,frontend,not started
0x2b1690,12,cFE3DWBufferedSingleLineText::vf41_2b1690,frontend,not started
0x2b16a0,60,cFE3DWBufferedSingleLineText::vf42_2b16a0,frontend,not started
0x2b1758,20,cFE3DWColouredText::vf0_2b1758,frontend,not started
0x2b1770,644,cFE3DWColouredText::vf11_2b1770,frontend,not started
0x2b19f8,8,cFE3DWColouredText::vf12_2b19f8,frontend,not started
0x2b1a00,104,cFE3DWColouredText::vf37_2b1a00,frontend,not started
0x2b1a68,184,FUN_002b1a68,frontend?,not started
0x2b1b20,576,FUN_002b1b20,frontend?,not started
0x2b1d60,64,cFE3DScrollingText::vf39_2b1d60,frontend,not started
0x2b1da0,68,FUN_002b1da0,frontend?,not started
0x2b1de8,108,FUN_002b1de8,frontend?,not started
0x2b1e58,72,FUN_002b1e58,frontend?,not started
0x2b1ea0,68,FUN_002b1ea0,frontend?,not started
0x2b1ee8,188,FUN_002b1ee8,frontend?,not started
0x2b1fa8,68,FUN_002b1fa8,frontend?,not started
0x2b1ff0,84,FUN_002b1ff0,frontend?,not started
0x2b2048,56,cFE3DScrollingText::vf38_2b2048,frontend,not started
0x2b2080,928,cFE3DScrollingText::vf11_2b2080,frontend,not started
0x2b2420,236,cFE3DScrollingText::vf12_2b2420,frontend,not started
0x2b2510,176,cFE3DScrollingText::vf28_2b2510,frontend,not started
0x2b26c8,12,cFE3DScrollingText::vf37_2b26c8,frontend,not started
0x2b2750,20,cFE3DScrollingText::vf0_2b2750,frontend,not started
0x2b2920,80,cFE3DScrollingText::__tf,runtime,host
0x2b2990,8,cFE3DWNameEntry::vf26_2b2990,frontend,not started
0x2b2998,108,cFE3DWNameEntry::vf12_2b2998,frontend,not started
0x2b2a30,68,cFE3DWNameEntry::vf0_2b2a30,frontend,not started
0x2b2c58,80,cFE3DWNameEntry::__tf,runtime,host
0x2b2cb0,80,cFE3DWListBox::vf0_2b2cb0,frontend,not started
0x2b2d00,448,FUN_002b2d00,frontend?,not started
0x2b2ec0,444,FUN_002b2ec0,frontend?,not started
0x2b3080,80,cFE3DWListBox::__tf,runtime,host
0x2b30d0,8,cFE3DWEntry::vf22_2b30d0,frontend,not started
0x2b30d8,128,cFE3DWEntry::vf12_2b30d8,frontend,not started
0x2b32a8,80,FUN_002b32a8,frontend?,not started
0x2b3300,80,FUN_002b3300,frontend?,not started
0x2b3358,68,cFE3DWEntry::vf0_2b3358,frontend,not started
0x2b35d0,436,FUN_002b35d0,frontend?,not started
0x2b3788,80,cFE3DWEntry::__tf,runtime,host
0x2b37d8,8,cFE3DProgressBar::vf23_2b37d8,frontend,not started
0x2b37e0,8,cFE3DProgressBar::vf39_2b37e0,frontend,not started
0x2b3820,64,FUN_002b3820,frontend?,not started
0x2b3860,64,FUN_002b3860,frontend?,not started
0x2b3950,8,FUN_002b3950,frontend?,not started
0x2b39b8,104,cFE3DProgressBar::vf1_2b39b8,frontend,not started
0x2b3a20,68,cFE3DProgressBar::vf0_2b3a20,frontend,not started
0x2b3d10,436,FUN_002b3d10,frontend?,not started
0x2b3ee8,80,cFE3DProgressBar::__tf,runtime,host
0x2b3f38,8,cFE3DTiledIcon::vf20_2b3f38,frontend,not started
0x2b3f60,20,cFE3DTiledIcon::vf0_2b3f60,frontend,not started
0x2b4190,520,FUN_002b4190,frontend?,not started
0x2b4398,80,cFE3DTiledIcon::__tf,runtime,host
0x2b43e8,8,cFE3DIcon::vf19_2b43e8,frontend,not started
0x2b4408,20,cFE3DIcon::vf0_2b4408,frontend,not started
0x2b4620,436,FUN_002b4620,frontend?,not started
0x2b47d8,80,cFE3DIcon::__tf,runtime,host
0x2b4828,8,cFE3DWColouredText::vf25_2b4828,frontend,not started
0x2b4830,40,cFE3DWColouredText::vf39_2b4830,frontend,not started
0x2b4858,76,FUN_002b4858,frontend?,not started
0x2b48b0,64,FUN_002b48b0,frontend?,not started
0x2b48f0,80,cFE3DWColouredText::__tf,runtime,host
0x2b4940,8,cFE3DWBufferedSingleLineText::vf44_2b4940,frontend,not started
0x2b4948,20,cFE3DWBufferedSingleLineText::vf0_2b4948,frontend,not started
0x2b4998,64,FUN_002b4998,frontend?,not started
0x2b49d8,80,cFE3DWBufferedSingleLineText::__tf,runtime,host
0x2b4a28,8,cFE3DWSingleLineText::vf43_2b4a28,frontend,not started
0x2b4ab0,436,FUN_002b4ab0,frontend?,not started
0x2b4c68,80,cFE3DWSingleLineText::__tf,runtime,host
0x2b4cb8,8,cFE3DWText::vf24_2b4cb8,frontend,not started
0x2b4cc0,8,FUN_002b4cc0,frontend?,not started
0x2b4cc8,12,FUN_002b4cc8,frontend?,not started
0x2b4ce8,76,cFE3DWText::vf13_2b4ce8,frontend,not started
0x2b4d38,84,cFE3DWText::vf38_2b4d38,frontend,not started
0x2b4d90,76,cFE3DWText::vf39_2b4d90,frontend,not started
0x2b4df0,108,cFE3DWText::vf9_2b4df0,frontend,not started
0x2b4ed0,76,cFE3DWText::vf0_2b4ed0,frontend,not started
0x2b50e0,80,cFE3DWText::__tf,runtime,host
0x2b51d8,1164,cFE3DWList::vf44_2b51d8,frontend,not started
0x2b5668,748,FUN_002b5668,frontend?,not started
0x2b5958,216,FUN_002b5958,frontend?,not started
0x2b5a30,68,cFE3DWList::vf12_2b5a30,frontend,not started
0x2b5a78,516,cFE3DWList::vf10_2b5a78,frontend,not started
0x2b5c80,448,cFE3DWList::vf11_2b5c80,frontend,not started
0x2b5e40,84,cFE3DWList::vf41_2b5e40,frontend,not started
0x2b5e98,84,cFE3DWList::vf42_2b5e98,frontend,not started
0x2b5ef0,508,cFE3DWList::vf39_2b5ef0,frontend,not started
0x2b60f0,288,cFE3DWList::vf36_2b60f0,frontend,not started
0x2b6210,680,cFE3DWList::vf37_2b6210,frontend,not started
0x2b64b8,164,FUN_002b64b8,frontend?,not started
0x2b6560,8,cFE3DWList::vf17_2b6560,frontend,not started
0x2b6568,276,cFE3DWList::vf43_2b6568,frontend,not started
0x2b6680,88,cFE3DWList::vf1_2b6680,frontend,not started
0x2b66d8,68,cFE3DWList::vf5_2b66d8,frontend,not started
0x2b6720,212,cFE3DWList::vf13_2b6720,frontend,not started
0x2b6838,68,cFE3DWList::vf0_2b6838,frontend,not started
0x2b68e0,72,FUN_002b68e0,frontend?,not started
0x2b6928,80,cFE3DWList::__tf,runtime,host
0x2b6978,52,FUN_002b6978,,not started
0x2b69b0,80,cListFE3DOffsetOp::__tf,runtime,host
0x2b6a30,64,cListOperator::__tf,runtime,host
0x2b6a70,44,FUN_002b6a70,,not started
0x2b6ae0,144,CCommDriver::vf4_2b6ae0,comm,host
0x2b6b70,236,CCommDriver::vf6_2b6b70,comm,host
0x2b6c60,48,CCommDriver::vf3_2b6c60,comm,host
0x2b6c90,188,CCommDriver::vf14_2b6c90,comm,host
0x2b6d50,96,CCommDriver::vf15_2b6d50,comm,host
0x2b6db0,172,CCommDriver::vf13_2b6db0,comm,host
0x2b6e70,16,CCommDriver::vf12_2b6e70,comm,host
0x2b6e80,28,CCommDriver::vf11_2b6e80,comm,host
0x2b6ea0,8,CCommDriver::vf10_2b6ea0,comm,host
0x2b6ea8,12,CCommDriver::vf9_2b6ea8,comm,host
0x2b6eb8,8,CCommDriver::vf8_2b6eb8,comm,host
0x2b6ec0,8,CCommDriver::vf1_2b6ec0,comm,host
0x2b6ec8,264,CCommDriver::vf0_2b6ec8,comm,host
0x2b6fd0,176,FUN_002b6fd0,comm?,host
0x2b7080,64,CCommDriver::__tf,runtime,host
0x2b70c0,88,FUN_002b70c0,comm?,host
0x2b7118,12,FUN_002b7118,comm?,host
0x2b7128,76,FUN_002b7128,comm?,host
0x2b7178,8,FUN_002b7178,comm?,host
0x2b7180,80,FUN_002b7180,comm?,host
0x2b71d0,188,CDeci2CopydataCommDriver::vf1_2b71d0,comm,host
0x2b7290,256,CDeci2CopydataCommDriver::vf2_2b7290,comm,host
0x2b7390,248,CDeci2CopydataCommDriver::vf5_2b7390,comm,host
0x2b7488,160,CDeci2CopydataCommDriver::vf6_2b7488,comm,host
0x2b7528,8,CDeci2CopydataCommDriver::vf7_2b7528,comm,host
0x2b7530,28,FUN_002b7530,comm?,host
0x2b7550,32,FUN_002b7550,comm?,host
0x2b7570,32,FUN_002b7570,comm?,host
0x2b7590,364,FUN_002b7590,comm?,host
0x2b7700,20,FUN_002b7700,comm?,host
0x2b7718,300,FUN_002b7718,comm?,host
0x2b7848,32,FUN_002b7848,comm?,host
0x2b7868,8,CDeci2CopydataCommDriver::vf8_2b7868,comm,host
0x2b7870,20,CDeci2CopydataCommDriver::vf0_2b7870,comm,host
0x2b7950,80,CDeci2CopydataCommDriver::__tf,runtime,host
0x2b79a0,88,FUN_002b79a0,comm?,host
0x2b7b18,84,FUN_002b7b18,comm?,host
0x2b7b78,104,FUN_002b7b78,comm?,host
0x2b7c08,28,FUN_002b7c08,comm?,host
0x2b7c50,220,FUN_002b7c50,comm?,host
0x2b7d30,256,FUN_002b7d30,comm?,host
0x2b7e30,68,FUN_002b7e30,comm?,host
0x2b7e78,116,FUN_002b7e78,comm?,host
0x2b7ef0,20,FUN_002b7ef0,comm?,host
0x2b7f08,80,FUN_002b7f08,comm?,host
0x2b7f58,196,FUN_002b7f58,comm?,host
0x2b8020,120,FUN_002b8020,comm?,host
0x2b8098,164,FUN_002b8098,comm?,host
0x2b8140,128,FUN_002b8140,comm?,host
0x2b81c0,80,FUN_002b81c0,comm?,host
0x2b8210,76,FUN_002b8210,comm?,host
0x2b8260,68,FUN_002b8260,comm?,host
0x2b82a8,164,FUN_002b82a8,comm?,host
0x2b8350,128,FUN_002b8350,comm?,host
0x2b83d0,72,FUN_002b83d0,comm?,host
0x2b8418,148,FUN_002b8418,comm?,host
0x2b84b0,200,FUN_002b84b0,comm?,host
0x2b8578,128,FUN_002b8578,comm?,host
0x2b85f8,96,FUN_002b85f8,comm?,host
0x2b8658,156,FUN_002b8658,comm?,host
0x2b86f8,104,FUN_002b86f8,comm?,host
0x2b8760,200,FUN_002b8760,comm?,host
0x2b8828,36,FUN_002b8828,comm?,host
0x2b8850,32,FUN_002b8850,comm?,host
0x2b8870,32,FUN_002b8870,comm?,host
0x2b8890,184,FUN_002b8890,comm?,host
0x2b8948,8,FUN_002b8948,comm?,host
0x2b8950,112,FUN_002b8950,comm?,host
0x2b89c0,12,FUN_002b89c0,comm?,host
0x2b89d0,60,FUN_002b89d0,comm?,host
0x2b8a10,8,FUN_002b8a10,comm?,host
0x2b8a18,264,FUN_002b8a18,comm?,host
0x2b8b20,224,FUN_002b8b20,comm?,host
0x2b8c00,72,FUN_002b8c00,comm?,host
0x2b8c48,44,FUN_002b8c48,comm?,host
0x2b8c78,56,FUN_002b8c78,comm?,host
0x2b8cb0,156,FUN_002b8cb0,comm?,host
0x2b8d50,188,FUN_002b8d50,comm?,host
0x2b8e10,88,FUN_002b8e10,comm?,host
0x2b8e68,284,FUN_002b8e68,comm?,host
0x2b8f88,116,FUN_002b8f88,comm?,host
0x2b9000,40,FUN_002b9000,comm?,host
0x2b9028,184,FUN_002b9028,comm?,host
0x2b90e0,200,FUN_002b90e0,comm?,host
0x2b91a8,176,FUN_002b91a8,comm?,host
0x2b9258,344,FUN_002b9258,comm?,host
0x2b93b0,76,FUN_002b93b0,comm?,host
0x2b9400,84,FUN_002b9400,comm?,host
0x2b9458,200,FUN_002b9458,render?,not started
0x2b9520,116,FUN_002b9520,comm?,host
0x2b9598,56,FUN_002b9598,comm?,host
0x2b95d0,184,FUN_002b95d0,render?,not started
0x2b9688,112,FUN_002b9688,comm?,host
0x2b96f8,116,FUN_002b96f8,comm?,host
0x2b9770,84,FUN_002b9770,comm?,host
0x2b97e0,236,FUN_002b97e0,comm?,host
0x2b98d0,188,FUN_002b98d0,comm?,host
0x2b9990,104,FUN_002b9990,comm?,host
0x2b99f8,268,FUN_002b99f8,comm?,host
0x2b9b08,736,FUN_002b9b08,comm?,host
0x2b9df0,24,FUN_002b9df0,comm?,host
0x2b9e08,56,FUN_002b9e08,comm?,host
0x2b9e40,48,C8bitBuffer::vf1_2b9e40,comm,host
0x2b9e70,8,C8bitBuffer::vf2_2b9e70,comm,host
0x2b9e78,100,C8bitBuffer::vf0_2b9e78,comm,host
0x2b9ee0,172,C8bitBuffer::vf3_2b9ee0,comm,host
0x2b9f98,64,C8bitBuffer::__tf,runtime,host
0x2b9fd8,188,FUN_002b9fd8,,not started
0x2ba098,248,FUN_002ba098,,not started
0x2ba190,176,cPS2VideoPlayer::vf0_2ba190,render,not started
0x2ba240,80,FUN_002ba240,render?,not started
0x2ba290,372,FUN_002ba290,render?,not started
0x2ba438,296,FUN_002ba438,render?,not started
0x2ba560,684,cPS2VideoPlayer::vf1_2ba560,render,not started
0x2ba810,392,cPS2VideoPlayer::vf3_2ba810,render,not started
0x2ba998,92,FUN_002ba998,render?,not started
0x2ba9f8,248,cPS2VideoPlayer::vf2_2ba9f8,render,not started
0x2baaf8,8,cPS2VideoPlayer::vf4_2baaf8,render,not started
0x2bab00,8,cPS2VideoPlayer::vf5_2bab00,render,not started
0x2bab08,80,cPS2VideoPlayer::__tf,runtime,host
0x2bab58,36,cVideoPlayer::vf0_2bab58,video,not started
0x2bab80,64,cVideoPlayer::__tf,runtime,host
0x2bac00,64,FUN_002bac00,,not started
0x2bac40,56,FUN_002bac40,,not started
0x2bac78,244,FUN_002bac78,audio?,not started
0x2bad70,48,FUN_002bad70,audio?,not started
0x2bada0,28,FUN_002bada0,audio?,not started
0x2badc0,72,FUN_002badc0,audio?,not started
0x2bae08,124,FUN_002bae08,audio?,not started
0x2baeb8,24,FUN_002baeb8,audio?,not started
0x2baed0,24,FUN_002baed0,audio?,not started
0x2baf38,220,FUN_002baf38,audio?,not started
0x2bb018,68,FUN_002bb018,lib-snd?,not started
0x2bb060,20,FUN_002bb060,lib-snd?,not started
0x2bb078,20,FUN_002bb078,lib-snd?,not started
0x2bb090,8,FUN_002bb090,lib-snd?,not started
0x2bb098,56,FUN_002bb098,lib-snd?,not started
0x2bb110,104,FUN_002bb110,lib-snd?,not started
0x2bb180,108,FUN_002bb180,lib-snd?,not started
0x2bb1f0,128,FUN_002bb1f0,lib-snd?,not started
0x2bb270,60,FUN_002bb270,lib-snd?,not started
0x2bb2b0,36,FUN_002bb2b0,lib-snd?,not started
0x2bb2d8,148,FUN_002bb2d8,lib-snd?,not started
0x2bb370,188,FUN_002bb370,lib-snd?,not started
0x2bb430,192,FUN_002bb430,lib-snd?,not started
0x2bb4f0,284,FUN_002bb4f0,lib-snd?,not started
0x2bb610,64,FUN_002bb610,lib-snd?,not started
0x2bb650,92,FUN_002bb650,lib-snd?,not started
0x2bb6b0,80,FUN_002bb6b0,lib-snd?,not started
0x2bb700,76,FUN_002bb700,lib-snd?,not started
0x2bb750,80,FUN_002bb750,lib-snd?,not started
0x2bb7a0,44,FUN_002bb7a0,lib-snd?,not started
0x2bb7d0,60,FUN_002bb7d0,lib-snd?,not started
0x2bb810,196,FUN_002bb810,lib-snd?,not started
0x2bb8d8,376,FUN_002bb8d8,lib-snd?,not started
0x2bba50,44,FUN_002bba50,lib-snd?,not started
0x2bba80,632,FUN_002bba80,lib-snd?,not started
0x2bbcf8,108,FUN_002bbcf8,lib-snd?,not started
0x2bbd68,12,FUN_002bbd68,lib-snd?,not started
0x2bbd78,88,FUN_002bbd78,lib-snd?,not started
0x2bbdd0,632,FUN_002bbdd0,lib-snd?,not started
0x2bc048,292,FUN_002bc048,lib-snd?,not started
0x2bc200,288,FUN_002bc200,lib-snd?,not started
0x2bc320,364,FUN_002bc320,lib-snd?,not started
0x2bc490,44,FUN_002bc490,lib-snd?,not started
0x2bc4c0,132,FUN_002bc4c0,lib-snd?,not started
0x2bc548,140,FUN_002bc548,lib-snd?,not started
0x2bc5e0,288,FUN_002bc5e0,lib-snd?,not started
0x2bc700,28,FUN_002bc700,lib-snd?,not started
0x2bc738,20,FUN_002bc738,lib-snd?,not started
0x2bc750,20,FUN_002bc750,lib-snd?,not started
0x2bc768,32,FUN_002bc768,lib-snd?,not started
0x2bc788,24,FUN_002bc788,lib-snd?,not started
0x2bc7a0,176,FUN_002bc7a0,lib-snd?,not started
0x2bc850,232,FUN_002bc850,lib-snd?,not started
0x2bc938,104,FUN_002bc938,lib-snd?,not started
0x2bc9a0,56,FUN_002bc9a0,lib-snd?,not started
0x2bc9d8,164,FUN_002bc9d8,lib-snd?,not started
0x2bca80,176,FUN_002bca80,lib-snd?,not started
0x2bcb30,412,FUN_002bcb30,lib-snd?,not started
0x2bccd0,52,FUN_002bccd0,lib-snd?,not started
0x2bcd08,168,FUN_002bcd08,lib-snd?,not started
0x2bcdb0,40,FUN_002bcdb0,lib-snd?,not started
0x2bcdd8,364,FUN_002bcdd8,lib-snd?,not started
0x2bcf48,68,FUN_002bcf48,lib-snd?,not started
0x2bcf90,72,FUN_002bcf90,lib-snd?,not started
0x2bcfd8,160,FUN_002bcfd8,lib-snd?,not started
0x2bd078,284,FUN_002bd078,lib-snd?,not started
0x2bd198,128,FUN_002bd198,lib-snd?,not started
0x2bd218,208,FUN_002bd218,lib-snd?,not started
0x2bd2e8,132,FUN_002bd2e8,lib-snd?,not started
0x2bd370,184,FUN_002bd370,lib-snd?,not started
0x2bd430,628,FUN_002bd430,lib-snd?,not started
0x2bd6a8,236,FUN_002bd6a8,lib-snd?,not started
0x2bd798,396,FUN_002bd798,lib-snd?,not started
0x2bd928,420,FUN_002bd928,lib-snd?,not started
0x2bdad0,12,FUN_002bdad0,lib-snd?,not started
0x2bdae0,132,FUN_002bdae0,lib-snd?,not started
0x2bdb68,264,FUN_002bdb68,lib-snd?,not started
0x2bdc70,36,FUN_002bdc70,lib-snd?,not started
0x2bdc98,340,FUN_002bdc98,lib-snd?,not started
0x2bddf0,80,FUN_002bddf0,lib-snd?,not started
0x2bde40,764,FUN_002bde40,lib-snd?,not started
0x2be140,196,FUN_002be140,lib-snd?,not started
0x2be208,12,FUN_002be208,lib-snd?,not started
0x2be218,152,FUN_002be218,lib-snd?,not started
0x2be2b0,92,FUN_002be2b0,lib-snd?,not started
0x2be310,344,FUN_002be310,lib-snd?,not started
0x2be468,484,FUN_002be468,lib-snd?,not started
0x2be650,40,FUN_002be650,lib-snd?,not started
0x2be678,236,FUN_002be678,lib-snd?,not started
0x2be768,108,FUN_002be768,lib-snd?,not started
0x2be7d8,164,FUN_002be7d8,lib-snd?,not started
0x2be880,72,FUN_002be880,lib-snd?,not started
0x2be8c8,64,FUN_002be8c8,lib-snd?,not started
0x2be908,280,FUN_002be908,lib-snd?,not started
0x2bea20,40,FUN_002bea20,lib-snd?,not started
0x2bea48,360,FUN_002bea48,lib-snd?,not started
0x2bebb0,52,FUN_002bebb0,lib-snd?,not started
0x2bebe8,128,FUN_002bebe8,lib-snd?,not started
0x2bec68,56,FUN_002bec68,audio?,not started
0x2beca0,180,FUN_002beca0,audio?,not started
0x2bed58,92,FUN_002bed58,audio?,not started
0x2bedb8,52,FUN_002bedb8,audio?,not started
0x2bedf0,148,FUN_002bedf0,audio?,not started
0x2bee88,128,FUN_002bee88,audio?,not started
0x2bef08,204,FUN_002bef08,audio?,not started
0x2befd8,96,FUN_002befd8,audio?,not started
0x2bf038,200,FUN_002bf038,audio?,not started
0x2bf108,388,FUN_002bf108,audio?,not started
0x2bf290,144,FUN_002bf290,audio?,not started
0x2bf320,364,FUN_002bf320,audio?,not started
0x2bf490,116,FUN_002bf490,audio?,not started
0x2bf508,1388,FUN_002bf508,audio?,not started
0x2bfa78,316,FUN_002bfa78,audio?,not started
0x2bfbb8,620,FUN_002bfbb8,audio?,not started
0x2bfe28,676,FUN_002bfe28,audio?,not started
0x2c00d0,952,FUN_002c00d0,audio?,not started
0x2c0488,1040,FUN_002c0488,audio?,not started
0x2c0898,588,FUN_002c0898,audio?,not started
0x2c0b08,424,FUN_002c0b08,audio?,not started
0x2c0cb0,872,FUN_002c0cb0,audio?,not started
0x2c1018,80,FUN_002c1018,audio?,not started
0x2c1068,200,FUN_002c1068,audio?,not started
0x2c1130,52,FUN_002c1130,audio?,not started
0x2c1168,40,FUN_002c1168,audio?,not started
0x2c1190,244,FUN_002c1190,audio?,not started
0x2c1288,248,FUN_002c1288,audio?,not started
0x2c1380,176,FUN_002c1380,audio?,not started
0x2c1430,208,FUN_002c1430,audio?,not started
0x2c1500,196,FUN_002c1500,audio?,not started
0x2c15c8,708,FUN_002c15c8,audio?,not started
0x2c1890,420,FUN_002c1890,audio?,not started
0x2c1a38,348,FUN_002c1a38,audio?,not started
0x2c1b98,296,FUN_002c1b98,audio?,not started
0x2c1cc0,248,FUN_002c1cc0,audio?,not started
0x2c1db8,340,FUN_002c1db8,audio?,not started
0x2c1f10,304,FUN_002c1f10,audio?,not started
0x2c2040,72,FUN_002c2040,audio?,ported
0x2c2088,652,FUN_002c2088,lib-shape?,not started
0x2c2318,524,FUN_002c2318,lib-shape?,not started
0x2c2528,200,Shape_FindByName,lib-shape?,not started
0x2c25f0,28,FUN_002c25f0,lib-shape?,not started
0x2c2610,80,Shape_GetLongName,lib-shape?,not started
0x2c2660,12,Shape_GetCount,lib-shape?,not started
0x2c266c,40,Shape_GetEntry,lib-shape?,not started
0x2c2694,64,Shape_GetEntryName,lib-shape?,not started
0x2c26d8,240,FUN_002c26d8,lib-shape?,not started
0x2c27c8,948,FUN_002c27c8,lib-compress?,not started
0x2c2bb8,60,FUN_002c2bb8,lib-compress?,not started
0x2c2bf8,288,FUN_002c2bf8,lib-compress?,not started
0x2c2d18,196,FUN_002c2d18,lib-compress?,not started
0x2c2de0,432,Compress_Decode,lib-compress?,not started
0x2c2f90,28,Compress_DecodeApi,lib-compress?,not started
0x2c2fb0,476,Compress_UnpackedSize,lib-compress?,not started
0x2c3190,28,Compress_UnpackedSizeApi,lib-compress?,not started
0x2c31b0,804,RefPack_Decode,lib-compress?,not started
0x2c34d8,104,FUN_002c34d8,lib-compress?,not started
0x2c3540,492,BTree_Decode,lib-compress?,not started
0x2c3730,3396,Huff_Decode,lib-compress?,not started
0x2c4478,96,FUN_002c4478,lib-text?,not started
0x2c44d8,44,FUN_002c44d8,lib-text?,not started
0x2c4508,216,FUN_002c4508,lib-text?,not started
0x2c45e0,772,FUN_002c45e0,lib-text?,not started
0x2c48e8,716,FUN_002c48e8,lib-text?,not started
0x2c4e90,68,FUN_002c4e90,lib-text?,not started
0x2c50b0,172,Loc_MapId,lib-text?,not started
0x2c5160,404,Loc_GetString,lib-text?,not started
0x2c52f8,52,WStr_Len,lib-text?,not started
0x2c5380,148,FUN_002c5380,lib-text?,not started
0x2c5418,32,FUN_002c5418,lib-text?,not started
0x2c5438,96,WStr_NCmp,lib-text?,not started
0x2c5498,32,FUN_002c5498,lib-text?,not started
0x2c54b8,88,WStr_NCopy,lib-text?,not started
0x2c5510,72,WStr_FromAscii,lib-text?,not started
0x2c5558,28,FUN_002c5558,lib-text?,not started
0x2c5578,228,WStr_FormatArgs,lib-text?,not started
0x2c5660,104,FUN_002c5660,lib-file?,host
0x2c56c8,100,FUN_002c56c8,lib-file?,host
0x2c5730,44,FUN_002c5730,lib-file?,host
0x2c5760,68,FUN_002c5760,lib-file?,host
0x2c57a8,96,FUN_002c57a8,lib-file?,host
0x2c5808,144,FUN_002c5808,lib-file?,host
0x2c5898,52,FUN_002c5898,lib-file?,host
0x2c58d0,236,FUN_002c58d0,lib-file?,host
0x2c59c0,212,FUN_002c59c0,lib-file?,host
0x2c5a98,256,FUN_002c5a98,lib-file?,host
0x2c5b98,196,FUN_002c5b98,lib-file?,host
0x2c5c60,208,FUN_002c5c60,lib-file?,host
0x2c5d30,240,FUN_002c5d30,lib-file?,host
0x2c5e20,172,FUN_002c5e20,lib-file?,host
0x2c5ed0,200,FUN_002c5ed0,lib-file?,host
0x2c5f98,216,FUN_002c5f98,lib-file?,host
0x2c6070,148,FUN_002c6070,lib-file?,host
0x2c6108,88,FUN_002c6108,lib-file?,host
0x2c6160,280,FUN_002c6160,lib-file?,host
0x2c6278,220,FUN_002c6278,lib-file?,host
0x2c6358,56,FUN_002c6358,lib-file?,host
0x2c6390,64,FUN_002c6390,lib-file?,host
0x2c63d0,144,FUN_002c63d0,lib-file?,host
0x2c6460,124,FUN_002c6460,lib-file?,host
0x2c64e0,116,FUN_002c64e0,lib-file?,host
0x2c6558,72,FUN_002c6558,lib-file?,host
0x2c65a0,112,FUN_002c65a0,lib-file?,host
0x2c6610,84,FUN_002c6610,lib-file?,host
0x2c6668,548,FUN_002c6668,lib-file?,host
0x2c6890,60,FUN_002c6890,lib-file?,host
0x2c68d0,84,FUN_002c68d0,lib-file?,host
0x2c6928,252,FUN_002c6928,lib-file?,host
0x2c6a28,348,FUN_002c6a28,lib-file?,host
0x2c6b88,704,FUN_002c6b88,lib-file?,host
0x2c6e48,40,FUN_002c6e48,lib-file?,host
0x2c6e70,548,FUN_002c6e70,lib-file?,host
0x2c7098,220,FUN_002c7098,lib-file?,host
0x2c7178,168,FUN_002c7178,lib-file?,host
0x2c7220,76,FUN_002c7220,lib-file?,host
0x2c7270,108,FUN_002c7270,lib-file?,host
0x2c72e0,96,FUN_002c72e0,lib-file?,host
0x2c7340,96,FUN_002c7340,lib-file?,host
0x2c73a0,48,FUN_002c73a0,lib-file?,host
0x2c73d0,248,FUN_002c73d0,lib-file?,host
0x2c74c8,268,FUN_002c74c8,lib-file?,host
0x2c75d8,640,FUN_002c75d8,lib-file?,host
0x2c7858,456,FUN_002c7858,lib-file?,host
0x2c7a28,264,FUN_002c7a28,lib-file?,host
0x2c7b30,224,FUN_002c7b30,lib-file?,host
0x2c7c10,48,FUN_002c7c10,lib-file?,host
0x2c7c40,48,FUN_002c7c40,lib-file?,host
0x2c7c70,72,FUN_002c7c70,lib-file?,host
0x2c7cb8,56,FUN_002c7cb8,lib-file?,host
0x2c7cf0,48,FUN_002c7cf0,lib-file?,host
0x2c7d20,196,FUN_002c7d20,lib-file?,host
0x2c7de8,76,FUN_002c7de8,lib-file?,host
0x2c7e38,32,FUN_002c7e38,lib-file?,host
0x2c7e58,108,FUN_002c7e58,lib-file?,host
0x2c7ec8,76,FUN_002c7ec8,lib-file?,host
0x2c7f18,72,FUN_002c7f18,lib-file?,host
0x2c7f60,180,FUN_002c7f60,lib-file?,host
0x2c8018,80,FUN_002c8018,lib-file?,host
0x2c8068,76,FUN_002c8068,lib-file?,host
0x2c80b8,192,FUN_002c80b8,lib-file?,host
0x2c8178,112,FUN_002c8178,lib-file?,host
0x2c81e8,108,FUN_002c81e8,lib-file?,host
0x2c8258,152,FUN_002c8258,lib-file?,host
0x2c82f0,84,FUN_002c82f0,lib-file?,host
0x2c8348,80,FUN_002c8348,lib-file?,host
0x2c8398,148,FUN_002c8398,lib-file?,host
0x2c8430,108,FUN_002c8430,lib-file?,host
0x2c84a0,104,FUN_002c84a0,lib-file?,host
0x2c8508,352,FUN_002c8508,lib-file?,host
0x2c8668,80,FUN_002c8668,lib-file?,host
0x2c86b8,76,FUN_002c86b8,lib-file?,host
0x2c8708,220,FUN_002c8708,lib-file?,host
0x2c87e8,240,FUN_002c87e8,lib-file?,host
0x2c88d8,56,FUN_002c88d8,lib-file?,host
0x2c8910,40,FUN_002c8910,lib-file?,host
0x2c8938,308,FUN_002c8938,lib-file?,host
0x2c8a70,28,FUN_002c8a70,lib-file?,host
0x2c8a90,312,FUN_002c8a90,lib-file?,host
0x2c8bc8,28,FUN_002c8bc8,lib-file?,host
0x2c8be8,264,FUN_002c8be8,lib-file?,host
0x2c8cf0,164,FUN_002c8cf0,lib-file?,host
0x2c8d98,112,FUN_002c8d98,lib-file?,host
0x2c8e08,32,FUN_002c8e08,lib-file?,host
0x2c8e28,32,FUN_002c8e28,lib-file?,host
0x2c8e48,84,FUN_002c8e48,lib-file?,host
0x2c8ea0,84,FUN_002c8ea0,lib-file?,host
0x2c8ef8,84,FUN_002c8ef8,lib-file?,host
0x2c8f50,112,FUN_002c8f50,lib-file?,host
0x2c8fc0,84,FUN_002c8fc0,lib-file?,host
0x2c9018,84,FUN_002c9018,lib-file?,host
0x2c9070,84,FUN_002c9070,lib-file?,host
0x2c90c8,200,FUN_002c90c8,lib-file?,host
0x2c9190,112,FUN_002c9190,lib-file?,host
0x2c9200,536,FUN_002c9200,lib-file?,host
0x2c9420,32,FUN_002c9420,lib-file?,host
0x2c9440,28,FUN_002c9440,lib-file?,host
0x2c9498,40,FUN_002c9498,lib-file?,host
0x2c94c0,192,FUN_002c94c0,lib-file?,host
0x2c9580,396,FUN_002c9580,lib-file?,host
0x2c9710,540,FUN_002c9710,lib-file?,host
0x2c9930,60,FUN_002c9930,lib-file?,host
0x2c9970,848,FUN_002c9970,lib-file?,host
0x2c9cc0,352,FUN_002c9cc0,lib-file?,host
0x2c9e20,656,FUN_002c9e20,lib-file?,host
0x2ca0b0,108,FUN_002ca0b0,lib-file?,host
0x2ca120,80,FUN_002ca120,lib-file?,host
0x2ca170,148,FUN_002ca170,lib-file?,host
0x2ca208,276,FUN_002ca208,lib-file?,host
0x2ca320,72,FUN_002ca320,lib-file?,host
0x2ca368,72,FUN_002ca368,lib-file?,host
0x2ca3b0,44,FUN_002ca3b0,lib-file?,host
0x2ca3e0,44,FUN_002ca3e0,lib-file?,host
0x2ca410,80,FUN_002ca410,lib-file?,host
0x2ca460,348,FUN_002ca460,lib-file?,host
0x2ca5c0,100,FUN_002ca5c0,lib-file?,host
0x2ca628,204,FUN_002ca628,lib-file?,host
0x2ca6f8,252,FUN_002ca6f8,lib-file?,host
0x2ca7f8,176,FUN_002ca7f8,lib-file?,host
0x2ca8a8,184,FUN_002ca8a8,lib-file?,host
0x2ca960,168,FUN_002ca960,lib-file?,host
0x2caa08,212,FUN_002caa08,lib-file?,host
0x2caae0,192,FUN_002caae0,lib-file?,host
0x2caba0,152,FUN_002caba0,lib-file?,host
0x2cac38,108,FUN_002cac38,lib-file?,host
0x2caca8,280,FUN_002caca8,lib-file?,host
0x2cadc0,172,FUN_002cadc0,lib-file?,host
0x2cae70,308,FUN_002cae70,lib-file?,host
0x2cafa8,44,FUN_002cafa8,lib-file?,host
0x2cafd8,436,FUN_002cafd8,lib-file?,host
0x2cb190,96,FUN_002cb190,lib-file?,host
0x2cb1f0,36,FUN_002cb1f0,lib-file?,host
0x2cb218,228,FUN_002cb218,lib-file?,host
0x2cb300,36,FUN_002cb300,lib-file?,host
0x2cb328,1112,FUN_002cb328,lib-file?,host
0x2cb780,164,FUN_002cb780,lib-file?,host
0x2cb830,408,FUN_002cb830,lib-file?,host
0x2cb9c8,8,FUN_002cb9c8,lib-file?,host
0x2cb9d0,328,FUN_002cb9d0,lib-file?,host
0x2cbb18,80,FUN_002cbb18,lib-file?,host
0x2cbb68,188,FUN_002cbb68,lib-file?,host
0x2cbc28,80,FUN_002cbc28,lib-file?,host
0x2cbc88,128,BIG_Identify,lib-big?,not started
0x2cbd08,184,FUN_002cbd08,lib-big?,not started
0x2cbdc0,588,BIG_Lookup,lib-big?,not started
0x2cc010,28,FUN_002cc010,lib-big?,not started
0x2cc030,48,FUN_002cc030,lib-big?,not started
0x2cc060,72,FUN_002cc060,lib-big?,not started
0x2cc0a8,48,BIG_GetFileData,lib-big?,not started
0x2cc0d8,72,FUN_002cc0d8,lib-big?,not started
0x2cc120,144,FUN_002cc120,lib-big?,not started
0x2cc1b0,184,FUN_002cc1b0,lib-big?,not started
0x2cc268,84,BIG_GetFileName,lib-big?,not started
0x2cc2c0,100,FUN_002cc2c0,lib-file?,host
0x2cc328,28,FUN_002cc328,lib-file?,host
0x2cc348,28,FUN_002cc348,lib-file?,host
0x2cc368,336,FUN_002cc368,lib-file?,host
0x2cc4b8,236,FUN_002cc4b8,lib-file?,host
0x2cc5a8,84,FUN_002cc5a8,lib-file?,host
0x2cc600,124,FUN_002cc600,lib-file?,host
0x2cc680,172,FUN_002cc680,lib-file?,host
0x2cc730,108,FUN_002cc730,lib-file?,host
0x2cc7a0,100,FUN_002cc7a0,lib-file?,host
0x2cc808,300,EAMem_Set,lib-eamem?,host
0x2cc938,32,FUN_002cc938,lib-eamem?,host
0x2cc958,40,FUN_002cc958,lib-eamem?,host
0x2cc980,28,FUN_002cc980,lib-eamem?,host
0x2cc9a0,96,FUN_002cc9a0,lib-eamem?,host
0x2cca00,1344,EAMem_AllocEx,lib-eamem?,host
0x2ccf50,28,FUN_002ccf50,lib-eamem?,host
0x2ccf70,40,EAMem_Alloc,lib-eamem?,host
0x2ccf98,40,FUN_002ccf98,lib-eamem?,host
0x2ccfc0,420,EAMem_Free,lib-eamem?,host
0x2cd168,232,FUN_002cd168,lib-eamem?,host
0x2cd250,40,FUN_002cd250,lib-eamem?,host
0x2cd278,644,FUN_002cd278,lib-eamem?,host
0x2cd500,112,FUN_002cd500,lib-eamem?,host
0x2cd570,104,FUN_002cd570,lib-eamem?,host
0x2cd798,136,FUN_002cd798,lib-eamem?,host
0x2cd820,108,FUN_002cd820,lib-eamem?,host
0x2cd890,28,FUN_002cd890,lib-eamem?,host
0x2cd8b0,224,FUN_002cd8b0,lib-eamem?,host
0x2cd990,32,FUN_002cd990,lib-eamem?,host
0x2cd9b0,8,FUN_002cd9b0,lib-eamem?,host
0x2cd9b8,84,FUN_002cd9b8,lib-eamem?,host
0x2cda18,576,FUN_002cda18,lib-eamem?,host
0x2cdc60,104,FUN_002cdc60,lib-eamem?,host
0x2cdcc8,244,FUN_002cdcc8,lib-eamem?,host
0x2cddc0,176,FUN_002cddc0,lib-eamem?,host
0x2cde70,152,FUN_002cde70,lib-eamem?,host
0x2cdf08,204,FUN_002cdf08,lib-eamem?,host
0x2cdfd8,116,FUN_002cdfd8,lib-eamem?,host
0x2ce04c,200,FUN_002ce04c,lib-eamem?,host
0x2ce114,272,EAMem_Copy,lib-eamem?,host
0x2ce228,112,FUN_002ce228,lib-eamem?,host
0x2ce2c0,8,FUN_002ce2c0,lib-eamem?,host
0x2ce2c8,220,FUN_002ce2c8,lib-eamem?,host
0x2ce3c0,48,FUN_002ce3c0,lib-eamem?,host
0x2ce3f0,208,FUN_002ce3f0,lib-eamem?,host
0x2ce4c0,272,FUN_002ce4c0,lib-eamem?,host
0x2ce5e8,248,FUN_002ce5e8,lib-eamem?,host
0x2ce6e0,104,FUN_002ce6e0,lib-eamem?,host
0x2ce748,76,FUN_002ce748,lib-eamem?,host
0x2ce798,104,FUN_002ce798,lib-eamem?,host
0x2ce800,72,FUN_002ce800,lib-eamem?,host
0x2ce848,72,FUN_002ce848,lib-eamem?,host
0x2ce890,80,FUN_002ce890,lib-eamem?,host
0x2ce8e0,112,FUN_002ce8e0,lib-eamem?,host
0x2ce950,92,FUN_002ce950,lib-eamem?,host
0x2ce9b0,32,FUN_002ce9b0,lib-eamem?,host
0x2ce9d0,120,FUN_002ce9d0,lib-eamem?,host
0x2cea98,68,FUN_002cea98,lib-eamem?,host
0x2ceae0,32,FUN_002ceae0,lib-eamem?,host
0x2ceb00,96,FUN_002ceb00,lib-eamem?,host
0x2ceb60,80,FUN_002ceb60,lib-eamem?,host
0x2cebb0,8,FUN_002cebb0,lib-eamem?,host
0x2cebb8,48,FUN_002cebb8,lib-eamem?,host
0x2cebe8,176,FUN_002cebe8,lib-eamem?,host
0x2cec98,100,FUN_002cec98,lib-eamem?,host
0x2ced00,284,FUN_002ced00,lib-eamem?,host
0x2cee20,96,FUN_002cee20,lib-eamem?,host
0x2cee88,52,FUN_002cee88,lib-eamem?,host
0x2ceec0,56,FUN_002ceec0,lib-eamem?,host
0x2cef30,216,FUN_002cef30,lib-eamem?,host
0x2cf008,92,FUN_002cf008,lib-eamem?,host
0x2cf068,140,FUN_002cf068,lib-eamem?,host
0x2cf0f8,172,FUN_002cf0f8,lib-eamem?,host
0x2cf1a8,88,FUN_002cf1a8,lib-eamem?,host
0x2cf200,80,FUN_002cf200,lib-eamem?,host
0x2cf250,80,FUN_002cf250,lib-eamem?,host
0x2cf2a0,88,FUN_002cf2a0,lib-eamem?,host
0x2cf2f8,32,FUN_002cf2f8,lib-eamem?,host
0x2cf318,60,FUN_002cf318,lib-eamem?,host
0x2cf358,104,FUN_002cf358,lib-eamem?,host
0x2cf3c0,40,FUN_002cf3c0,lib-eamem?,host
0x2cf3e8,28,FUN_002cf3e8,lib-eamem?,host
0x2cf408,28,FUN_002cf408,lib-eamem?,host
0x2cf428,28,FUN_002cf428,lib-eamem?,host
0x2cf448,28,FUN_002cf448,lib-eamem?,host
0x2cf468,68,FUN_002cf468,lib-eamem?,host
0x2cf4b0,28,FUN_002cf4b0,lib-eamem?,host
0x2cf4d0,128,FUN_002cf4d0,lib-eamem?,host
0x2cf550,68,FUN_002cf550,lib-eamem?,host
0x2cf598,108,FUN_002cf598,lib-eamem?,host
0x2cf608,60,FUN_002cf608,lib-eamem?,host
0x2cf648,332,FUN_002cf648,lib-eamem?,host
0x2cf798,68,FUN_002cf798,lib-eamem?,host
0x2cf7e0,264,FUN_002cf7e0,lib-eamem?,host
0x2cf8e8,264,FUN_002cf8e8,lib-snd?,not started
0x2cf9f0,204,FUN_002cf9f0,lib-snd?,not started
0x2cfac0,12,FUN_002cfac0,lib-snd?,not started
0x2cfad0,48,FUN_002cfad0,lib-snd?,not started
0x2cfb18,44,FUN_002cfb18,lib-snd?,not started
0x2cfb48,48,FUN_002cfb48,lib-snd?,not started
0x2cfb80,44,FUN_002cfb80,lib-snd?,not started
0x2cfbb0,72,FUN_002cfbb0,lib-snd?,not started
0x2cfc00,396,FUN_002cfc00,lib-snd?,not started
0x2cfd90,252,FUN_002cfd90,lib-snd?,not started
0x2cfe90,28,FUN_002cfe90,lib-snd?,not started
0x2cfeb0,460,FUN_002cfeb0,lib-snd?,not started
0x2d0080,476,FUN_002d0080,lib-snd?,not started
0x2d0260,464,FUN_002d0260,lib-snd?,not started
0x2d0430,224,FUN_002d0430,lib-snd?,not started
0x2d0520,32,FUN_002d0520,lib-snd?,not started
0x2d0548,88,FUN_002d0548,lib-snd?,not started
0x2d05a0,248,FUN_002d05a0,lib-snd?,not started
0x2d0698,624,FUN_002d0698,lib-snd?,not started
0x2d0908,48,SND_Lock,audio,not started
0x2d0938,48,SND_Unlock,audio,not started
0x2d0968,56,FUN_002d0968,lib-snd?,not started
0x2d09a0,220,FUN_002d09a0,lib-snd?,not started
0x2d0a80,28,FUN_002d0a80,lib-snd?,not started
0x2d0aa0,28,FUN_002d0aa0,lib-snd?,not started
0x2d0ac0,48,FUN_002d0ac0,lib-snd?,not started
0x2d0af0,112,FUN_002d0af0,lib-snd?,not started
0x2d0b60,52,FUN_002d0b60,lib-snd?,not started
0x2d0b98,568,FUN_002d0b98,lib-snd?,not started
0x2d0dd0,200,FUN_002d0dd0,lib-snd?,not started
0x2d0e98,252,FUN_002d0e98,lib-snd?,not started
0x2d0f98,616,FUN_002d0f98,lib-snd?,not started
0x2d1200,472,FUN_002d1200,lib-snd?,not started
0x2d13d8,80,FUN_002d13d8,lib-snd?,not started
0x2d1428,28,FUN_002d1428,lib-snd?,not started
0x2d1448,136,FUN_002d1448,lib-snd?,not started
0x2d14d0,160,FUN_002d14d0,lib-snd?,not started
0x2d1570,268,FUN_002d1570,lib-snd?,not started
0x2d1680,152,FUN_002d1680,lib-snd?,not started
0x2d1718,152,FUN_002d1718,lib-snd?,not started
0x2d17b0,140,FUN_002d17b0,lib-snd?,not started
0x2d1840,136,FUN_002d1840,lib-snd?,not started
0x2d18c8,92,FUN_002d18c8,lib-snd?,not started
0x2d1928,56,FUN_002d1928,lib-snd?,not started
0x2d1960,288,FUN_002d1960,lib-snd?,not started
0x2d1a80,56,FUN_002d1a80,lib-snd?,not started
0x2d1ab8,184,FUN_002d1ab8,lib-snd?,not started
0x2d1b70,700,FUN_002d1b70,lib-snd?,not started
0x2d1e30,88,FUN_002d1e30,lib-snd?,not started
0x2d1e88,520,FUN_002d1e88,lib-snd?,not started
0x2d2090,52,FUN_002d2090,lib-snd?,not started
0x2d20c8,176,FUN_002d20c8,lib-snd?,not started
0x2d2178,248,FUN_002d2178,lib-snd?,not started
0x2d2270,564,FUN_002d2270,lib-snd?,not started
0x2d24a8,56,FUN_002d24a8,lib-snd?,not started
0x2d24e0,584,FUN_002d24e0,lib-snd?,not started
0x2d2728,348,FUN_002d2728,lib-snd?,not started
0x2d2888,32,FUN_002d2888,lib-snd?,not started
0x2d28a8,160,FUN_002d28a8,lib-snd?,not started
0x2d2948,28,FUN_002d2948,lib-snd?,not started
0x2d2968,284,FUN_002d2968,lib-snd?,not started
0x2d2a88,52,FUN_002d2a88,lib-snd?,not started
0x2d2ac0,68,FUN_002d2ac0,lib-snd?,not started
0x2d2b08,264,FUN_002d2b08,lib-snd?,not started
0x2d2c10,320,FUN_002d2c10,lib-snd?,not started
0x2d2d50,96,FUN_002d2d50,lib-snd?,not started
0x2d2db0,36,FUN_002d2db0,lib-snd?,not started
0x2d2dd8,56,FUN_002d2dd8,lib-snd?,not started
0x2d2e10,64,FUN_002d2e10,lib-snd?,not started
0x2d2e50,104,FUN_002d2e50,lib-snd?,not started
0x2d2eb8,84,FUN_002d2eb8,lib-snd?,not started
0x2d2f10,64,FUN_002d2f10,lib-snd?,not started
0x2d2f50,60,FUN_002d2f50,lib-snd?,not started
0x2d2f90,180,FUN_002d2f90,lib-snd?,not started
0x2d3048,188,FUN_002d3048,lib-snd?,not started
0x2d3108,172,FUN_002d3108,lib-snd?,not started
0x2d31b8,164,FUN_002d31b8,lib-snd?,not started
0x2d3260,88,FUN_002d3260,lib-snd?,not started
0x2d32b8,124,FUN_002d32b8,lib-snd?,not started
0x2d3338,32,FUN_002d3338,lib-snd?,not started
0x2d3358,292,FUN_002d3358,lib-snd?,not started
0x2d3480,196,FUN_002d3480,lib-snd?,not started
0x2d3548,176,FUN_002d3548,lib-snd?,not started
0x2d35f8,288,FUN_002d35f8,lib-snd?,not started
0x2d3718,96,FUN_002d3718,lib-snd?,not started
0x2d3780,96,FUN_002d3780,lib-snd?,not started
0x2d37e8,76,FUN_002d37e8,lib-snd?,not started
0x2d3838,252,FUN_002d3838,lib-snd?,not started
0x2d3938,140,FUN_002d3938,lib-snd?,not started
0x2d39c8,452,FUN_002d39c8,lib-snd?,not started
0x2d3b90,160,FUN_002d3b90,lib-snd?,not started
0x2d3c30,488,FUN_002d3c30,lib-snd?,not started
0x2d3e18,228,FUN_002d3e18,lib-snd?,not started
0x2d3f00,520,FUN_002d3f00,lib-snd?,not started
0x2d4108,288,FUN_002d4108,lib-snd?,not started
0x2d4228,160,FUN_002d4228,lib-snd?,not started
0x2d42c8,64,FUN_002d42c8,lib-snd?,not started
0x2d4308,92,FUN_002d4308,lib-snd?,not started
0x2d4368,212,FUN_002d4368,lib-snd?,not started
0x2d4440,356,FUN_002d4440,lib-snd?,not started
0x2d45a8,184,FUN_002d45a8,lib-snd?,not started
0x2d4660,220,FUN_002d4660,lib-snd?,not started
0x2d4740,200,FUN_002d4740,lib-snd?,not started
0x2d4808,124,FUN_002d4808,lib-snd?,not started
0x2d4888,240,FUN_002d4888,lib-snd?,not started
0x2d4978,144,FUN_002d4978,lib-snd?,not started
0x2d4a08,88,FUN_002d4a08,lib-snd?,not started
0x2d4a60,80,FUN_002d4a60,lib-snd?,not started
0x2d4ab0,56,FUN_002d4ab0,lib-snd?,not started
0x2d4ae8,1136,FUN_002d4ae8,lib-snd?,not started
0x2d4f58,404,FUN_002d4f58,lib-snd?,not started
0x2d50f0,88,FUN_002d50f0,lib-snd?,not started
0x2d5148,172,FUN_002d5148,lib-snd?,not started
0x2d51f8,144,FUN_002d51f8,lib-snd?,not started
0x2d5288,196,SNDVoice_CalcPitchMult,audio,ported
0x2d5350,192,FUN_002d5350,lib-snd?,not started
0x2d5410,1356,SND_ParsePTLayer,audio,not started
0x2d5960,116,FUN_002d5960,lib-snd?,not started
0x2d59d8,1084,FUN_002d59d8,lib-snd?,not started
0x2d5e18,664,FUN_002d5e18,lib-snd?,not started
0x2d60b0,1340,FUN_002d60b0,lib-snd?,not started
0x2d65f0,36,FUN_002d65f0,lib-snd?,not started
0x2d6618,652,FUN_002d6618,lib-snd?,not started
0x2d68a8,100,FUN_002d68a8,lib-snd?,not started
0x2d6910,24,FUN_002d6910,lib-snd?,not started
0x2d6928,236,FUN_002d6928,lib-snd?,not started
0x2d6a18,180,FUN_002d6a18,lib-snd?,not started
0x2d6ad0,52,FUN_002d6ad0,lib-snd?,not started
0x2d6b08,128,FUN_002d6b08,lib-snd?,not started
0x2d6b88,128,FUN_002d6b88,lib-snd?,not started
0x2d6c08,180,FUN_002d6c08,lib-snd?,not started
0x2d6cc0,1240,FUN_002d6cc0,lib-snd?,not started
0x2d7198,436,FUN_002d7198,lib-snd?,not started
0x2d7350,892,FUN_002d7350,lib-snd?,not started
0x2d76d0,1056,FUN_002d76d0,lib-snd?,not started
0x2d7af0,1096,FUN_002d7af0,lib-snd?,not started
0x2d7f38,2288,FUN_002d7f38,lib-snd?,not started
0x2d8828,1468,FUN_002d8828,lib-snd?,not started
0x2d9220,752,FUN_002d9220,lib-snd?,not started
0x2d9510,92,FUN_002d9510,lib-snd?,not started
0x2d9570,124,FUN_002d9570,lib-snd?,not started
0x2d95f0,216,FUN_002d95f0,lib-snd?,not started
0x2d96d0,272,FUN_002d96d0,lib-snd?,not started
0x2d97e0,328,FUN_002d97e0,lib-snd?,not started
0x2d9930,208,FUN_002d9930,lib-snd?,not started
0x2d9a00,132,FUN_002d9a00,lib-snd?,not started
0x2d9a90,352,FUN_002d9a90,lib-snd?,not started
0x2d9bf0,204,FUN_002d9bf0,lib-snd?,not started
0x2d9cc0,188,FUN_002d9cc0,lib-snd?,not started
0x2d9d80,268,FUN_002d9d80,lib-snd?,not started
0x2d9e90,276,FUN_002d9e90,lib-snd?,not started
0x2d9fb0,288,FUN_002d9fb0,lib-snd?,not started
0x2da0d0,512,FUN_002da0d0,lib-snd?,not started
0x2da2d0,572,FUN_002da2d0,lib-snd?,not started
0x2da510,260,FUN_002da510,lib-snd?,not started
0x2da694,116,FUN_002da694,lib-snd?,not started
0x2da710,96,FUN_002da710,lib-snd?,not started
0x2da770,112,FUN_002da770,lib-snd?,not started
0x2da7e0,244,FUN_002da7e0,lib-snd?,not started
0x2da8d8,164,FUN_002da8d8,lib-snd?,not started
0x2da980,160,FUN_002da980,lib-snd?,not started
0x2daa20,188,FUN_002daa20,lib-snd?,not started
0x2daae0,168,FUN_002daae0,lib-snd?,not started
0x2dab88,176,FUN_002dab88,lib-snd?,not started
0x2dac38,120,FUN_002dac38,lib-snd?,not started
0x2dacb0,48,FUN_002dacb0,lib-snd?,not started
0x2dace0,120,FUN_002dace0,lib-snd?,not started
0x2dad58,400,FUN_002dad58,lib-snd?,not started
0x2daee8,1228,FUN_002daee8,lib-snd?,not started
0x2db3b8,724,FUN_002db3b8,lib-snd?,not started
0x2db690,96,FUN_002db690,lib-snd?,not started
0x2db6f0,68,FUN_002db6f0,lib-snd?,not started
0x2db738,896,FUN_002db738,lib-snd?,not started
0x2dbab8,344,FUN_002dbab8,lib-snd?,not started
0x2dbc10,1500,FUN_002dbc10,lib-snd?,not started
0x2dc1f0,324,FUN_002dc1f0,lib-snd?,not started
0x2dc338,8,FUN_002dc338,lib-snd?,not started
0x2dc340,420,FUN_002dc340,lib-snd?,not started
0x2dc4e8,520,FUN_002dc4e8,lib-snd?,not started
0x2dc6f0,500,FUN_002dc6f0,lib-snd?,not started
0x2dc8e8,928,FUN_002dc8e8,lib-snd?,not started
0x2dcc88,180,FUN_002dcc88,lib-snd?,not started
0x2dcd40,176,FUN_002dcd40,lib-snd?,not started
0x2dcdf0,224,FUN_002dcdf0,lib-snd?,not started
0x2dced0,176,FUN_002dced0,lib-snd?,not started
0x2dcf80,88,FUN_002dcf80,lib-snd?,not started
0x2dcfd8,40,FUN_002dcfd8,lib-snd?,not started
0x2dd000,96,FUN_002dd000,lib-snd?,not started
0x2dd060,112,FUN_002dd060,lib-snd?,not started
0x2dd0d0,184,FUN_002dd0d0,lib-snd?,not started
0x2dd188,236,FUN_002dd188,lib-snd?,not started
0x2dd278,268,FUN_002dd278,lib-snd?,not started
0x2dd388,100,FUN_002dd388,lib-snd?,not started
0x2dd3f0,24,FUN_002dd3f0,lib-snd?,not started
0x2dd408,344,FUN_002dd408,lib-snd?,not started
0x2dd560,1068,FUN_002dd560,lib-snd?,not started
0x2dd990,56,FUN_002dd990,lib-snd?,not started
0x2dd9c8,1024,FUN_002dd9c8,lib-snd?,not started
0x2dddc8,28,FUN_002dddc8,lib-snd?,not started
0x2ddde8,28,FUN_002ddde8,lib-snd?,not started
0x2dde08,172,FUN_002dde08,lib-snd?,not started
0x2ddeb8,464,FUN_002ddeb8,lib-snd?,not started
0x2de088,124,FUN_002de088,lib-snd?,not started
0x2de108,336,FUN_002de108,lib-snd?,not started
0x2de258,268,FUN_002de258,lib-snd?,not started
0x2de368,80,FUN_002de368,lib-snd?,not started
0x2de3b8,96,FUN_002de3b8,lib-snd?,not started
0x2de418,140,FUN_002de418,lib-snd?,not started
0x2de4c8,128,FUN_002de4c8,lib-snd?,not started
0x2de548,128,FUN_002de548,lib-snd?,not started
0x2de5c8,120,FUN_002de5c8,lib-snd?,not started
0x2de640,516,FUN_002de640,lib-snd?,not started
0x2de848,212,FUN_002de848,lib-snd?,not started
0x2de920,120,FUN_002de920,lib-snd?,not started
0x2de998,416,FUN_002de998,lib-snd?,not started
0x2deb38,192,FUN_002deb38,lib-snd?,not started
0x2debf8,180,FUN_002debf8,lib-snd?,not started
0x2decac,272,FUN_002decac,lib-snd?,not started
0x2dedc0,40,FUN_002dedc0,lib-snd?,not started
0x2dede8,156,FUN_002dede8,lib-snd?,not started
0x2dee88,116,FUN_002dee88,lib-snd?,not started
0x2def00,232,FUN_002def00,lib-snd?,not started
0x2defe8,280,FUN_002defe8,lib-snd?,not started
0x2df100,88,FUN_002df100,lib-snd?,not started
0x2df158,64,FUN_002df158,lib-snd?,not started
0x2df198,60,FUN_002df198,lib-snd?,not started
0x2df1d8,96,FUN_002df1d8,lib-snd?,not started
0x2df238,12,FUN_002df238,lib-snd?,not started
0x2df248,44,FUN_002df248,lib-snd?,not started
0x2df278,312,FUN_002df278,lib-snd?,not started
0x2df3b0,836,FUN_002df3b0,lib-snd?,not started
0x2df6f8,324,FUN_002df6f8,lib-snd?,not started
0x2df840,56,FUN_002df840,lib-snd?,not started
0x2df878,36,FUN_002df878,lib-snd?,not started
0x2df8c0,8,FUN_002df8c0,lib-snd?,not started
0x2df8c8,172,FUN_002df8c8,lib-snd?,not started
0x2df978,60,FUN_002df978,lib-snd?,not started
0x2df9b8,588,FUN_002df9b8,lib-snd?,not started
0x2dfc08,100,FUN_002dfc08,lib-snd?,not started
0x2dfc70,124,FUN_002dfc70,lib-snd?,not started
0x2dfcf0,172,FUN_002dfcf0,lib-snd?,not started
0x2dfda0,216,FUN_002dfda0,lib-snd?,not started
0x2dfe78,120,FUN_002dfe78,lib-snd?,not started
0x2dfef0,156,FUN_002dfef0,lib-snd?,not started
0x2dff90,88,FUN_002dff90,lib-snd?,not started
0x2dffe8,240,FUN_002dffe8,lib-snd?,not started
0x2e00d8,8,FUN_002e00d8,lib-snd?,not started
0x2e00e0,32,FUN_002e00e0,lib-snd?,not started
0x2e0100,584,FUN_002e0100,lib-snd?,not started
0x2e0348,496,FUN_002e0348,lib-snd?,not started
0x2e0538,212,FUN_002e0538,lib-snd?,not started
0x2e0610,32,FUN_002e0610,lib-snd?,not started
0x2e0630,12,FUN_002e0630,lib-snd?,not started
0x2e0640,488,FUN_002e0640,lib-snd?,not started
0x2e0828,128,FUN_002e0828,lib-snd?,not started
0x2e08a8,52,FUN_002e08a8,lib-snd?,not started
0x2e08e0,160,FUN_002e08e0,lib-snd?,not started
0x2e0980,104,FUN_002e0980,lib-snd?,not started
0x2e09e8,552,FUN_002e09e8,lib-snd?,not started
0x2e0c10,48,FUN_002e0c10,lib-snd?,not started
0x2e0c40,76,FUN_002e0c40,lib-snd?,not started
0x2e0c90,864,FUN_002e0c90,lib-snd?,not started
0x2e0ff0,12,FUN_002e0ff0,lib-snd?,not started
0x2e1000,48,FUN_002e1000,lib-snd?,not started
0x2e1030,68,FUN_002e1030,lib-snd?,not started
0x2e1078,184,FUN_002e1078,lib-snd?,not started
0x2e1130,8,FUN_002e1130,lib-snd?,not started
0x2e1138,176,FUN_002e1138,lib-snd?,not started
0x2e11e8,184,FUN_002e11e8,lib-snd?,not started
0x2e12a0,188,FUN_002e12a0,lib-snd?,not started
0x2e1360,148,FUN_002e1360,lib-snd?,not started
0x2e13f8,132,FUN_002e13f8,lib-snd?,not started
0x2e1480,92,FUN_002e1480,lib-snd?,not started
0x2e14e0,76,FUN_002e14e0,lib-snd?,not started
0x2e1530,72,FUN_002e1530,lib-snd?,not started
0x2e1578,72,FUN_002e1578,lib-snd?,not started
0x2e15c0,52,FUN_002e15c0,lib-snd?,not started
0x2e1600,348,FUN_002e1600,lib-snd?,not started
0x2e1760,108,FUN_002e1760,lib-snd?,not started
0x2e17d0,408,FUN_002e17d0,lib-snd?,not started
0x2e1968,120,FUN_002e1968,lib-snd?,not started
0x2e19e8,196,FUN_002e19e8,lib-snd?,not started
0x2e1af0,184,FUN_002e1af0,lib-snd?,not started
0x2e1be8,288,FUN_002e1be8,lib-snd?,not started
0x2e1d08,116,FUN_002e1d08,lib-snd?,not started
0x2e1d80,544,FUN_002e1d80,lib-snd?,not started
0x2e1ff0,652,FUN_002e1ff0,lib-snd?,not started
0x2e2280,560,FUN_002e2280,lib-snd?,not started
0x2e2510,684,FUN_002e2510,lib-snd?,not started
0x2e27c0,132,FUN_002e27c0,lib-snd?,not started
0x2e2848,124,FUN_002e2848,lib-snd?,not started
0x2e28c8,720,FUN_002e28c8,lib-snd?,not started
0x2e2b98,104,FUN_002e2b98,lib-snd?,not started
0x2e2c00,80,FUN_002e2c00,lib-snd?,not started
0x2e2c50,580,FUN_002e2c50,lib-snd?,not started
0x2e2e98,120,FUN_002e2e98,lib-snd?,not started
0x2e2f10,252,FUN_002e2f10,lib-snd?,not started
0x2e3010,96,FUN_002e3010,lib-snd?,not started
0x2e3070,376,FUN_002e3070,lib-snd?,not started
0x2e31e8,1080,FUN_002e31e8,lib-snd?,not started
0x2e3620,940,FUN_002e3620,lib-snd?,not started
0x2e39d0,116,FUN_002e39d0,lib-snd?,not started
0x2e3a48,20,FUN_002e3a48,lib-snd?,not started
0x2e3a5c,208,FUN_002e3a5c,lib-snd?,not started
0x2e3b2c,132,FUN_002e3b2c,lib-snd?,not started
0x2e3c00,144,FUN_002e3c00,lib-snd?,not started
0x2e3c90,44,FUN_002e3c90,lib-snd?,not started
0x2e3cc0,36,FUN_002e3cc0,lib-snd?,not started
0x2e3ce8,288,FUN_002e3ce8,lib-snd?,not started
0x2e3e08,52,FUN_002e3e08,lib-snd?,not started
0x2e3e40,208,FUN_002e3e40,lib-snd?,not started
0x2e3f10,208,FUN_002e3f10,lib-snd?,not started
0x2e3fe0,600,FUN_002e3fe0,lib-snd?,not started
0x2e4238,40,FUN_002e4238,lib-snd?,not started
0x2e4260,28,FUN_002e4260,lib-snd?,not started
0x2e4280,128,FUN_002e4280,lib-snd?,not started
0x2e4300,384,FUN_002e4300,lib-snd?,not started
0x2e4480,124,FUN_002e4480,lib-snd?,not started
0x2e4500,16,FUN_002e4500,lib-snd?,not started
0x2e45a0,296,FUN_002e45a0,lib-snd?,not started
0x2e46c8,32,FUN_002e46c8,lib-snd?,not started
0x2e46e8,912,FUN_002e46e8,lib-snd?,not started
0x2e4a78,128,FUN_002e4a78,lib-snd?,not started
0x2e4bd8,44,FUN_002e4bd8,lib-snd?,not started
0x2e4c08,152,FUN_002e4c08,sdk?,host
0x2e4ca0,540,FUN_002e4ca0,sdk?,host
0x2e4ec0,84,FUN_002e4ec0,sdk?,host
0x2e4f18,124,FUN_002e4f18,sdk?,host
0x2e4f98,636,FUN_002e4f98,sdk?,host
0x2e5218,56,FUN_002e5218,sdk?,host
0x2e5250,124,FUN_002e5250,sdk?,host
0x2e52d0,8,FUN_002e52d0,sdk?,host
0x2e52d8,8,FUN_002e52d8,sdk?,host
0x2e52e0,8,FUN_002e52e0,sdk?,host
0x2e52e8,424,FUN_002e52e8,sdk?,host
0x2e5490,152,FUN_002e5490,sdk?,host
0x2e5528,136,FUN_002e5528,sdk?,host
0x2e55b0,160,FUN_002e55b0,sdk?,host
0x2e56e0,272,FUN_002e56e0,sdk?,host
0x2e57f0,12,FUN_002e57f0,sdk?,host
0x2e5800,52,FUN_002e5800,sdk?,host
0x2e5838,40,FUN_002e5838,sdk?,host
0x2e5860,220,FUN_002e5860,sdk?,host
0x2e5950,472,FUN_002e5950,sdk?,host
0x2e5b88,216,FUN_002e5b88,sdk?,host
0x2e5c60,228,FUN_002e5c60,sdk?,host
0x2e5d48,228,FUN_002e5d48,sdk?,host
0x2e5e30,196,FUN_002e5e30,sdk?,host
0x2e5ef8,236,FUN_002e5ef8,sdk?,host
0x2e5fe8,240,FUN_002e5fe8,sdk?,host
0x2e60d8,196,FUN_002e60d8,sdk?,host
0x2e61a0,208,FUN_002e61a0,sdk?,host
0x2e62b0,20,FUN_002e62b0,sdk?,host
0x2e62c8,20,FUN_002e62c8,sdk?,host
0x2e62e0,96,FUN_002e62e0,sdk?,host
0x2e6340,80,FUN_002e6340,sdk?,host
0x2e6410,64,FUN_002e6410,sdk?,host
0x2e6450,16,FUN_002e6450,sdk?,host
0x2e6460,12,FUN_002e6460,sdk?,host
0x2e6470,224,FUN_002e6470,sdk?,host
0x2e6550,364,FUN_002e6550,sdk?,host
0x2e66c0,44,FUN_002e66c0,sdk?,host
0x2e66f0,64,FUN_002e66f0,sdk?,host
0x2e6730,68,FUN_002e6730,sdk?,host
0x2e6778,20,FUN_002e6778,sdk?,host
0x2e6790,96,FUN_002e6790,sdk?,host
0x2e67f0,80,FUN_002e67f0,sdk?,host
0x2e68c0,72,FUN_002e68c0,sdk?,host
0x2e6908,16,FUN_002e6908,sdk?,host
0x2e6918,36,FUN_002e6918,sdk?,host
0x2e6940,396,FUN_002e6940,sdk?,host
0x2e6ad0,328,FUN_002e6ad0,sdk?,host
0x2e6c18,36,FUN_002e6c18,sdk?,host
0x2e6c40,104,FUN_002e6c40,sdk?,host
0x2e6ca8,60,FUN_002e6ca8,sdk?,host
0x2e6d18,80,FUN_002e6d18,sdk?,host
0x2e6d68,384,FUN_002e6d68,sdk?,host
0x2e6f48,304,FUN_002e6f48,sdk?,host
0x2e7078,312,FUN_002e7078,sdk?,host
0x2e71b8,156,FUN_002e71b8,sdk?,host
0x2e7258,128,FUN_002e7258,sdk?,host
0x2e72d8,484,FUN_002e72d8,sdk?,host
0x2e74c0,184,FUN_002e74c0,sdk?,host
0x2e7578,96,FUN_002e7578,sdk?,host
0x2e7628,124,FUN_002e7628,sdk?,host
0x2e76a8,120,FUN_002e76a8,sdk?,host
0x2e7758,100,FUN_002e7758,sdk?,host
0x2e77c0,80,FUN_002e77c0,sdk?,host
0x2e7848,288,FUN_002e7848,sdk?,host
0x2e7a88,312,FUN_002e7a88,sdk?,host
0x2e7bc0,180,FUN_002e7bc0,sdk?,host
0x2e7c78,184,FUN_002e7c78,sdk?,host
0x2e7d30,216,FUN_002e7d30,sdk?,host
0x2e7e08,180,FUN_002e7e08,sdk?,host
0x2e7ec0,176,FUN_002e7ec0,sdk?,host
0x2e7f70,92,FUN_002e7f70,sdk?,host
0x2e7fd0,84,FUN_002e7fd0,sdk?,host
0x2e8080,204,FUN_002e8080,sdk?,host
0x2e8150,100,FUN_002e8150,sdk?,host
0x2e81b8,104,FUN_002e81b8,sdk?,host
0x2e8220,100,FUN_002e8220,sdk?,host
0x2e8288,104,FUN_002e8288,sdk?,host
0x2e82f0,36,FUN_002e82f0,sdk?,host
0x2e8318,104,FUN_002e8318,sdk?,host
0x2e8380,84,FUN_002e8380,sdk?,host
0x2e83d8,160,FUN_002e83d8,sdk?,host
0x2e8478,188,FUN_002e8478,sdk?,host
0x2e8538,212,FUN_002e8538,sdk?,host
0x2e86b0,148,FUN_002e86b0,sdk?,host
0x2e8748,128,FUN_002e8748,sdk?,host
0x2e87c8,108,FUN_002e87c8,sdk?,host
0x2e8838,60,FUN_002e8838,sdk?,host
0x2e8878,388,FUN_002e8878,sdk?,host
0x2e8a00,764,FUN_002e8a00,sdk?,host
0x2e8d00,364,FUN_002e8d00,sdk?,host
0x2e8e70,152,FUN_002e8e70,sdk?,host
0x2e8f08,160,FUN_002e8f08,sdk?,host
0x2e8fa8,108,FUN_002e8fa8,sdk?,host
0x2e9018,364,FUN_002e9018,sdk?,host
0x2e9188,736,FUN_002e9188,sdk?,host
0x2e9468,500,FUN_002e9468,sdk?,host
0x2e9660,196,FUN_002e9660,sdk?,host
0x2e9728,480,FUN_002e9728,sdk?,host
0x2e9908,656,FUN_002e9908,sdk?,host
0x2e9b98,176,FUN_002e9b98,sdk?,host
0x2e9c48,152,FUN_002e9c48,sdk?,host
0x2e9ce0,152,FUN_002e9ce0,sdk?,host
0x2e9d78,248,FUN_002e9d78,sdk?,host
0x2e9e70,156,FUN_002e9e70,sdk?,host
0x2e9f10,572,FUN_002e9f10,sdk?,host
0x2ea150,8,FUN_002ea150,sdk?,host
0x2ea158,56,FUN_002ea158,sdk?,host
0x2ea190,72,FUN_002ea190,sdk?,host
0x2ea1d8,68,FUN_002ea1d8,sdk?,host
0x2ea220,80,FUN_002ea220,sdk?,host
0x2ea2a8,12,FUN_002ea2a8,sdk?,host
0x2ea2c8,64,FUN_002ea2c8,sdk?,host
0x2ea308,104,FUN_002ea308,sdk?,host
0x2ea370,36,FUN_002ea370,sdk?,host
0x2ea398,80,FUN_002ea398,sdk?,host
0x2ea3e8,36,FUN_002ea3e8,sdk?,host
0x2ea4b8,20,FUN_002ea4b8,sdk?,host
0x2ea4d0,12,FUN_002ea4d0,sdk?,host
0x2ea4e0,12,FUN_002ea4e0,sdk?,host
0x2ea4f0,104,FUN_002ea4f0,sdk?,host
0x2ea570,252,FUN_002ea570,sdk?,host
0x2ea6f8,292,FUN_002ea6f8,sdk?,host
0x2ea820,60,FUN_002ea820,sdk?,host
0x2ea860,368,FUN_002ea860,sdk?,host
0x2ea9d0,112,FUN_002ea9d0,sdk?,host
0x2eaa40,16,FUN_002eaa40,sdk?,host
0x2eaa50,132,FUN_002eaa50,sdk?,host
0x2eaad8,76,FUN_002eaad8,sdk?,host
0x2eab28,196,FUN_002eab28,sdk?,host
0x2eabf0,16,FUN_002eabf0,sdk?,host
0x2eac00,44,FUN_002eac00,sdk?,host
0x2eac30,88,FUN_002eac30,sdk?,host
0x2eac88,212,FUN_002eac88,sdk?,host
0x2ead60,32,FUN_002ead60,sdk?,host
0x2ead80,1176,FUN_002ead80,sdk?,host
0x2eb220,232,FUN_002eb220,sdk?,host
0x2eb308,192,FUN_002eb308,sdk?,host
0x2eb3c8,356,FUN_002eb3c8,sdk?,host
0x2eb530,160,FUN_002eb530,sdk?,host
0x2eb630,820,FUN_002eb630,sdk?,host
0x2eb968,1712,FUN_002eb968,sdk?,host
0x2ec018,1056,FUN_002ec018,sdk?,host
0x2ec438,584,FUN_002ec438,sdk?,host
0x2ed398,40,FUN_002ed398,sdk?,host
0x2ed3c0,484,FUN_002ed3c0,sdk?,host
0x2ed5a8,28,FUN_002ed5a8,sdk?,host
0x2ed5c8,392,FUN_002ed5c8,sdk?,host
0x2ed750,272,FUN_002ed750,sdk?,host
0x2ed860,292,FUN_002ed860,sdk?,host
0x2ed988,292,FUN_002ed988,sdk?,host
0x2edab0,512,FUN_002edab0,sdk?,host
0x2edcb0,204,FUN_002edcb0,sdk?,host
0x2edd80,1316,FUN_002edd80,sdk?,host
0x2ee2a8,136,FUN_002ee2a8,sdk?,host
0x2ee330,380,FUN_002ee330,sdk?,host
0x2ee4b0,316,FUN_002ee4b0,sdk?,host
0x2ee5f0,48,FUN_002ee5f0,sdk?,host
0x2ee620,164,FUN_002ee620,sdk?,host
0x2ee6c8,176,FUN_002ee6c8,sdk?,host
0x2ee778,436,FUN_002ee778,sdk?,host
0x2ee930,308,FUN_002ee930,sdk?,host
0x2eea68,276,FUN_002eea68,sdk?,host
0x2eeb80,360,FUN_002eeb80,sdk?,host
0x2eece8,104,FUN_002eece8,sdk?,host
0x2eed50,108,FUN_002eed50,sdk?,host
0x2eedc0,292,FUN_002eedc0,sdk?,host
0x2eeee8,204,FUN_002eeee8,sdk?,host
0x2eefb8,172,FUN_002eefb8,sdk?,host
0x2ef068,556,FUN_002ef068,sdk?,host
0x2ef298,48,FUN_002ef298,sdk?,host
0x2ef2d0,224,FUN_002ef2d0,sdk?,host
0x2ef3b0,228,FUN_002ef3b0,sdk?,host
0x2ef548,240,FUN_002ef548,sdk?,host
0x2ef638,172,FUN_002ef638,sdk?,host
0x2ef6e8,224,FUN_002ef6e8,sdk?,host
0x2ef7c8,184,FUN_002ef7c8,sdk?,host
0x2ef880,988,FUN_002ef880,sdk?,host
0x2efc60,156,FUN_002efc60,sdk?,host
0x2efd00,492,FUN_002efd00,sdk?,host
0x2eff28,404,FUN_002eff28,sdk?,host
0x2f00c0,336,FUN_002f00c0,sdk?,host
0x2f01d8,448,FUN_002f01d8,sdk?,host
0x2f0398,232,FUN_002f0398,sdk?,host
0x2f05c8,448,FUN_002f05c8,sdk?,host
0x2f0860,596,FUN_002f0860,sdk?,host
0x2f0ab8,100,FUN_002f0ab8,sdk?,host
0x2f0b20,100,FUN_002f0b20,sdk?,host
0x2f0c70,336,FUN_002f0c70,sdk?,host
0x2f0dc0,104,FUN_002f0dc0,sdk?,host
0x2f0e28,100,FUN_002f0e28,sdk?,host
0x2f0e90,568,FUN_002f0e90,sdk?,host
0x2f10c8,432,FUN_002f10c8,sdk?,host
0x2f1280,48,FUN_002f1280,sdk?,host
0x2f12b0,180,FUN_002f12b0,sdk?,host
0x2f1368,192,FUN_002f1368,sdk?,host
0x2f1428,308,FUN_002f1428,sdk?,host
0x2f1560,52,FUN_002f1560,sdk?,host
0x2f1598,180,FUN_002f1598,sdk?,host
0x2f1650,212,FUN_002f1650,sdk?,host
0x2f17b8,284,FUN_002f17b8,sdk?,host
0x2f18d8,380,FUN_002f18d8,sdk?,host
0x2f1a58,36,FUN_002f1a58,sdk?,host
0x2f1a80,68,FUN_002f1a80,sdk?,host
0x2f1ac8,220,FUN_002f1ac8,sdk?,host
0x2f1c00,388,FUN_002f1c00,sdk?,host
0x2f1d88,344,FUN_002f1d88,sdk?,host
0x2f1ee0,132,FUN_002f1ee0,sdk?,host
0x2f1f68,336,FUN_002f1f68,sdk?,host
0x2f20b8,200,FUN_002f20b8,sdk?,host
0x2f2180,296,FUN_002f2180,sdk?,host
0x2f22a8,180,FUN_002f22a8,sdk?,host
0x2f2360,472,FUN_002f2360,sdk?,host
0x2f2538,360,FUN_002f2538,sdk?,host
0x2f26a0,200,FUN_002f26a0,sdk?,host
0x2f2768,280,FUN_002f2768,sdk?,host
0x2f2880,136,FUN_002f2880,libc?,host
0x2f2908,316,FUN_002f2908,libc?,host
0x2f2a48,328,FUN_002f2a48,libc?,host
0x2f2b90,592,FUN_002f2b90,libc?,host
0x2f2de0,804,FUN_002f2de0,libc?,host
0x2f3108,988,FUN_002f3108,libc?,host
0x2f34e8,2380,FUN_002f34e8,libc?,host
0x2f3e38,656,FUN_002f3e38,libc?,host
0x2f40d0,36,FUN_002f40d0,libc?,host
0x2f40f8,28,FUN_002f40f8,libc?,host
0x2f4118,228,FUN_002f4118,libc?,host
0x2f4200,36,FUN_002f4200,libc?,host
0x2f4228,344,FUN_002f4228,libc?,host
0x2f4388,48,FUN_002f4388,libc?,host
0x2f43b8,84,FUN_002f43b8,libc?,host
0x2f4410,176,FUN_002f4410,libc?,host
0x2f44c0,32,FUN_002f44c0,libc?,host
0x2f44e0,16,FUN_002f44e0,libc?,host
0x2f44f0,36,FUN_002f44f0,libc?,host
0x2f4518,44,FUN_002f4518,libc?,host
0x2f4550,84,FUN_002f4550,libc?,host
0x2f45a8,36,FUN_002f45a8,libc?,host
0x2f45d0,40,FUN_002f45d0,libc?,host
0x2f45f8,40,FUN_002f45f8,libc?,host
0x2f4620,104,FUN_002f4620,libc?,host
0x2f4688,40,FUN_002f4688,libc?,host
0x2f46b0,372,FUN_002f46b0,libc?,host
0x2f4998,216,FUN_002f4998,libc?,host
0x2f4a70,324,FUN_002f4a70,libc?,host
0x2f4bb8,136,FUN_002f4bb8,libc?,host
0x2f4c40,124,FUN_002f4c40,libc?,host
0x2f4cc0,140,FUN_002f4cc0,libc?,host
0x2f4d50,8,FUN_002f4d50,libc?,host
0x2f4d58,816,FUN_002f4d58,libc?,host
0x2f5088,468,FUN_002f5088,libc?,host
0x2f5268,476,FUN_002f5268,libc?,host
0x2f5450,48,FUN_002f5450,libc?,host
0x2f5480,96,FUN_002f5480,libc?,host
0x2f54e0,8,cPadDevice::vf8_2f54e0,input,not started
0x2f54e8,1484,FUN_002f54e8,libc?,host
0x2f5ab8,300,FUN_002f5ab8,libc?,host
0x2f5be8,152,FUN_002f5be8,libc?,host
0x2f5c88,576,FUN_002f5c88,libc?,host
0x2f5ec8,88,FUN_002f5ec8,libc?,host
0x2f5f20,100,FUN_002f5f20,libc?,host
0x2f5f88,680,FUN_002f5f88,libc?,host
0x2f6230,356,FUN_002f6230,runtime?,host
0x2f6398,276,FUN_002f6398,runtime?,host
0x2f64b0,76,FUN_002f64b0,runtime?,host
0x2f6500,184,FUN_002f6500,runtime?,host
0x2f65b8,148,FUN_002f65b8,runtime?,host
0x2f6650,160,FUN_002f6650,runtime?,host
0x2f66f0,56,FUN_002f66f0,runtime?,host
0x2f6728,44,FUN_002f6728,runtime?,host
0x2f6758,84,FUN_002f6758,runtime?,host
0x2f67b0,24,FUN_002f67b0,runtime?,host
0x2f67c8,32,FUN_002f67c8,runtime?,host
0x2f67f8,60,FUN_002f67f8,runtime?,host
0x2f6838,32,FUN_002f6838,runtime?,host
0x2f6858,56,FUN_002f6858,runtime?,host
0x2f6890,40,FUN_002f6890,runtime?,host
0x2f68b8,28,FUN_002f68b8,runtime?,host
0x2f68d8,108,FUN_002f68d8,runtime?,host
0x2f6948,144,FUN_002f6948,runtime?,host
0x2f69d8,196,FUN_002f69d8,runtime?,host
0x2f6aa0,48,FUN_002f6aa0,runtime?,host
0x2f6ad0,404,FUN_002f6ad0,runtime?,host
0x2f6dc0,40,exception::vf1_2f6dc0,runtime?,host
0x2f6de8,48,bad_exception::vf0_2f6de8,runtime?,host
0x2f6e30,80,bad_exception::__tf,runtime,host
0x2f6e80,48,exception::vf0_2f6e80,runtime?,host
0x2f6ec8,64,exception::__tf,runtime,host
0x2f6f08,268,FUN_002f6f08,runtime?,host
0x2f7018,144,FUN_002f7018,runtime?,host
0x2f70a8,564,FUN_002f70a8,runtime?,host
0x2f72e0,88,FUN_002f72e0,runtime?,host
0x2f7338,100,FUN_002f7338,runtime?,host
0x2f73a0,500,FUN_002f73a0,runtime?,host
0x2f7598,352,FUN_002f7598,runtime?,host
0x2f76f8,276,FUN_002f76f8,runtime?,host
0x2f7810,76,FUN_002f7810,runtime?,host
0x2f7860,184,FUN_002f7860,runtime?,host
0x2f7918,140,FUN_002f7918,runtime?,host
0x2f79a8,152,FUN_002f79a8,runtime?,host
0x2f7a40,56,FUN_002f7a40,runtime?,host
0x2f7a78,44,FUN_002f7a78,runtime?,host
0x2f7aa8,64,FUN_002f7aa8,runtime?,host
0x2f7ae8,68,FUN_002f7ae8,runtime?,host
0x2f7b30,80,FUN_002f7b30,runtime?,host
0x2f7b80,252,FUN_002f7b80,runtime?,host
0x2f7c80,604,FUN_002f7c80,runtime?,host
0x2f7ee8,68,FUN_002f7ee8,runtime?,host
0x2f7f30,136,FUN_002f7f30,runtime?,host
0x2f7fb8,316,FUN_002f7fb8,runtime?,host
0x2f80f8,228,FUN_002f80f8,runtime?,host
0x2f81e0,260,FUN_002f81e0,runtime?,host
0x2f82e8,920,FUN_002f82e8,runtime?,host
0x2f8680,40,FUN_002f8680,runtime?,host
0x2f86a8,48,FUN_002f86a8,runtime?,host
0x2f86d8,40,FUN_002f86d8,runtime?,host
0x2f8700,48,FUN_002f8700,runtime?,host
0x2f8730,120,FUN_002f8730,runtime?,host
0x2f87a8,32,FUN_002f87a8,runtime?,host
0x2f87c8,472,FUN_002f87c8,runtime?,host
0x2f89a0,372,FUN_002f89a0,runtime?,host
0x2f8b38,12,bad_alloc::vf1_2f8b38,runtime?,host
0x2f8b48,80,bad_alloc::__tf,runtime,host
0x2f8b98,48,bad_alloc::vf0_2f8b98,runtime?,host
0x2f8bc8,196,FUN_002f8bc8,runtime?,host
0x2f8cf0,36,FUN_002f8cf0,runtime?,host
0x2f8d68,48,type_info::vf0_2f8d68,runtime?,host
0x2f8d98,64,FUN_002f8d98,runtime?,host
0x2f8dd8,36,__rtti_user,runtime,host
0x2f8e00,32,__rtti_si,runtime,host
0x2f8e20,28,__rtti_class,runtime,host
0x2f8e40,44,__user_type_info::vf1_2f8e40,runtime,host
0x2f8e70,148,__si_type_info::vf1_2f8e70,runtime,host
0x2f8f08,472,__class_type_info::vf1_2f8f08,runtime,host
0x2f9100,80,__class_type_info::__tf,runtime,host
0x2f9150,28,__class_type_info::vf0_2f9150,runtime,host
0x2f9190,80,__si_type_info::__tf,runtime,host
0x2f91e0,28,__si_type_info::vf0_2f91e0,runtime,host
0x2f9218,80,__user_type_info::__tf,runtime,host
0x2f9268,28,__user_type_info::vf0_2f9268,runtime,host
0x2f9288,48,bad_typeid::vf0_2f9288,runtime?,host
0x2f92d0,80,bad_typeid::__tf,runtime,host
0x2f9320,48,bad_cast::vf0_2f9320,runtime?,host
0x2f9368,80,bad_cast::__tf,runtime,host
0x2f93b8,32,FUN_002f93b8,runtime?,host
0x2f93f8,64,type_info::__tf,runtime,host
0x2f9438,36,FUN_002f9438,runtime?,host
0x2f9460,1220,FUN_002f9460,runtime?,host
0x2f9928,80,FUN_002f9928,runtime?,host
0x2f9a40,172,FUN_002f9a40,runtime?,host
0x2f9af0,52,FUN_002f9af0,runtime?,host
0x2f9ea8,80,__array_type_info::__tf,runtime,host
0x2f9ef8,28,__array_type_info::vf0_2f9ef8,runtime,host
0x2f9f18,80,__ptmd_type_info::__tf,runtime,host
0x2f9f68,28,__ptmd_type_info::vf0_2f9f68,runtime,host
0x2f9f88,80,__ptmf_type_info::__tf,runtime,host
0x2f9fd8,28,__ptmf_type_info::vf0_2f9fd8,runtime,host
0x2f9ff8,80,__func_type_info::__tf,runtime,host
0x2fa048,28,__func_type_info::vf0_2fa048,runtime,host
0x2fa068,80,__builtin_type_info::__tf,runtime,host
0x2fa0b8,28,__builtin_type_info::vf0_2fa0b8,runtime,host
0x2fa0d8,80,__attr_type_info::__tf,runtime,host
0x2fa128,28,__attr_type_info::vf0_2fa128,runtime,host
0x2fa148,80,__pointer_type_info::__tf,runtime,host
0x2fa198,28,__pointer_type_info::vf0_2fa198,runtime,host
0x2fa1b8,32,FUN_002fa1b8,runtime?,host
0x2fa1d8,52,FUN_002fa1d8,runtime?,host
0x2fa210,28,FUN_002fa210,runtime?,host
0x2fa230,40,FUN_002fa230,runtime?,host
0x2fa258,212,bsearch,runtime?,host
0x2fa330,28,FUN_002fa330,runtime?,host
0x2fa350,80,FUN_002fa350,runtime?,host
0x2fa3a0,64,FUN_002fa3a0,runtime?,host
0x2fa3e0,28,FUN_002fa3e0,runtime?,host
0x2fa400,80,FUN_002fa400,runtime?,host
0x2fa450,140,FUN_002fa450,runtime?,host
0x2fa4e0,12,FUN_002fa4e0,runtime?,host
0x2fa4f0,88,FUN_002fa4f0,runtime?,host
0x2fa548,112,FUN_002fa548,runtime?,host
0x2fa5b8,224,FUN_002fa5b8,runtime?,host
0x2fa698,12,FUN_002fa698,runtime?,host
0x2fa6a8,12,FUN_002fa6a8,runtime?,host
0x2fa6b8,140,FUN_002fa6b8,runtime?,host
0x2fa748,52,FUN_002fa748,runtime?,host
0x2fa780,148,FUN_002fa780,runtime?,host
0x2fa818,40,FUN_002fa818,libc?,host
0x2fa840,16,FUN_002fa840,libc?,host
0x2fa850,596,FUN_002fa850,libc?,host
0x2faaa8,1912,FUN_002faaa8,libc?,host
0x2fb220,148,FUN_002fb220,libc?,host
0x2fb2b4,176,memcpy,libc?,host
0x2fb364,260,FUN_002fb364,libc?,host
0x2fb468,192,memset,libc?,host
0x2fb528,8,FUN_002fb528,libc?,host
0x2fb530,8,FUN_002fb530,libc?,host
0x2fb538,60,FUN_002fb538,libc?,host
0x2fb578,80,FUN_002fb578,libc?,host
0x2fb5c8,2584,FUN_002fb5c8,libc?,host
0x2fbff0,44,FUN_002fbff0,libc?,host
0x2fc020,1392,FUN_002fc020,libc?,host
0x2fc590,92,FUN_002fc590,libc?,host
0x2fc5f0,112,FUN_002fc5f0,libc?,host
0x2fc660,140,FUN_002fc660,libc?,host
0x2fc6f0,240,FUN_002fc6f0,libc?,host
0x2fc7e0,184,FUN_002fc7e0,libc?,host
0x2fc898,40,FUN_002fc898,libc?,host
0x2fc8f0,36,FUN_002fc8f0,libc?,host
0x2fc940,92,FUN_002fc940,libc?,host
0x2fc9a0,28,FUN_002fc9a0,libc?,host
0x2fc9c0,104,FUN_002fc9c0,libc?,host
0x2fca28,112,sprintf,libc?,host
0x2fcaa0,136,FUN_002fcaa0,libc?,host
0x2fcb28,100,FUN_002fcb28,libc?,host
0x2fcb90,128,FUN_002fcb90,libc?,host
0x2fcc10,104,FUN_002fcc10,libc?,host
0x2fcc78,32,FUN_002fcc78,libc?,host
0x2fcc98,180,FUN_002fcc98,libc?,host
0x2fcd4c,300,FUN_002fcd4c,libc?,host
0x2fce78,400,FUN_002fce78,libc?,host
0x2fd008,324,FUN_002fd008,libc?,host
0x2fd14c,276,strcpy,libc?,host
0x2fd260,312,strlen,libc?,host
0x2fd398,220,FUN_002fd398,libc?,host
0x2fd478,436,FUN_002fd478,libc?,host
0x2fd630,444,FUN_002fd630,libc?,host
0x2fd7f0,108,FUN_002fd7f0,libc?,host
0x2fd860,3836,FUN_002fd860,libc?,host
0x2fe760,44,FUN_002fe760,libc?,host
0x2fe790,36,FUN_002fe790,libc?,host
0x2fe7b8,568,FUN_002fe7b8,libc?,host
0x2fe9f0,52,FUN_002fe9f0,libc?,host
0x2fea28,68,FUN_002fea28,libc?,host
0x2fea70,180,FUN_002fea70,libc?,host
0x2feb28,120,FUN_002feb28,libc?,host
0x2feba0,3012,FUN_002feba0,libc?,host
0x2ff770,68,FUN_002ff770,libc?,host
0x2ff7b8,180,FUN_002ff7b8,libc?,host
0x2ff870,120,vfprintf,libc?,host
0x2ff8e8,5400,FUN_002ff8e8,libc?,host
0x300e00,432,FUN_00300e00,libc?,host
0x300fb0,224,FUN_00300fb0,libc?,host
0x301090,2824,FUN_00301090,libc?,host
0x301b98,260,FUN_00301b98,libc?,host
0x301ca0,84,FUN_00301ca0,libc?,host
0x301cf8,96,FUN_00301cf8,libc?,host
0x301d58,268,FUN_00301d58,libc?,host
0x301e68,88,FUN_00301e68,libc?,host
0x301ec0,532,FUN_00301ec0,libc?,host
0x3020d8,4536,FUN_003020d8,libc?,host
0x3032a8,432,FUN_003032a8,libc?,host
0x303458,512,FUN_00303458,libc?,host
0x303658,408,FUN_00303658,libc?,host
0x3037f8,340,FUN_003037f8,libc?,host
0x303950,720,FUN_00303950,libc?,host
0x303ce0,260,FUN_00303ce0,libc?,host
0x303de8,284,FUN_00303de8,libc?,host
0x303f08,796,FUN_00303f08,libc?,host
0x304228,364,FUN_00304228,libc?,host
0x304398,984,FUN_00304398,libc?,host
0x304770,132,FUN_00304770,libc?,host
0x3047f8,12,FUN_003047f8,libc?,host
0x304838,36,FUN_00304838,libc?,host
0x304860,96,FUN_00304860,libc?,host
0x3048c0,336,FUN_003048c0,libc?,host
0x304a10,60,FUN_00304a10,libc?,host
0x304a4c,224,FUN_00304a4c,libc?,host
0x304b30,168,FUN_00304b30,libc?,host
0x304bd8,44,FUN_00304bd8,libc?,host
0x304c08,276,FUN_00304c08,libc?,host
0x304d20,328,FUN_00304d20,libc?,host
0x304e68,132,FUN_00304e68,libc?,host
0x304ef0,192,FUN_00304ef0,libc?,host
0x304fb0,56,FUN_00304fb0,libc?,host
0x304fe8,556,FUN_00304fe8,libc?,host
0x305218,252,FUN_00305218,libc?,host
0x305318,376,FUN_00305318,libc?,host
0x305490,104,FUN_00305490,libc?,host
0x3054f8,400,FUN_003054f8,libc?,host
0x305688,152,FUN_00305688,libc?,host
0x305720,380,FUN_00305720,libc?,host
0x3058a0,380,FUN_003058a0,libc?,host
0x305a20,192,FUN_00305a20,libc?,host
0x305ae0,108,FUN_00305ae0,libc?,host
0x305b50,96,FUN_00305b50,libc?,host
0x305bb0,28,FUN_00305bb0,libc?,host
0x305bd0,376,FUN_00305bd0,libc?,host
0x305d48,72,FUN_00305d48,libc?,host
0x305d90,56,FUN_00305d90,libc?,host
0x305dc8,536,FUN_00305dc8,libc?,host
0x305fe8,52,FUN_00305fe8,libc?,host
0x306020,240,FUN_00306020,libc?,host
0x306110,392,FUN_00306110,libc?,host
0x306298,188,FUN_00306298,libc?,host
0x306358,92,FUN_00306358,libc?,host
0x3063e0,16,SetGsCrt,kernel?,host
0x306400,16,_Exit,kernel?,host
0x3064c0,16,AddIntcHandler,kernel?,host
0x3064d0,16,AddIntcHandler,kernel?,host
0x3064e0,16,RemoveIntcHandler,kernel?,host
0x3064f0,16,AddDmacHandler,kernel?,host
0x306500,16,AddDmacHandler,kernel?,host
0x306510,16,RemoveDmacHandler,kernel?,host
0x306520,16,_EnableIntc,kernel?,host
0x306530,16,_DisableIntc,kernel?,host
0x306540,16,_EnableDmac,kernel?,host
0x306550,16,_DisableDmac,kernel?,host
0x306560,16,SetAlarm,kernel?,host
0x306580,16,_iEnableIntc,kernel?,host
0x306590,16,_iDisableIntc,kernel?,host
0x3065a0,16,_iEnableDmac,kernel?,host
0x3065b0,16,_iDisableDmac,kernel?,host
0x3065e0,16,CreateThread,kernel?,host
0x3065f0,16,DeleteThread,kernel?,host
0x306600,16,_StartThread,kernel?,host
0x306620,16,ExitDeleteThread,kernel?,host
0x306630,16,TerminateThread,kernel?,host
0x306670,16,ChangeThreadPriority,kernel?,host
0x306690,16,RotateThreadReadyQueue,kernel?,host
0x3066d0,16,GetThreadId,kernel?,host
0x3066e0,16,ReferThreadStatus,kernel?,host
0x306700,16,SleepThread,kernel?,host
0x306710,16,WakeupThread,kernel?,host
0x306720,16,_iWakeupThread,kernel?,host
0x306750,16,SuspendThread,kernel?,host
0x306760,16,_iSuspendThread,kernel?,host
0x3067c0,16,EndOfHeap,kernel?,host
0x3067e0,16,CreateSema,kernel?,host
0x3067f0,16,DeleteSema,kernel?,host
0x306800,16,SignalSema,kernel?,host
0x306810,16,iSignalSema,kernel?,host
0x306820,16,WaitSema,kernel?,host
0x306830,16,PollSema,kernel?,host
0x306a60,16,FlushCache,kernel?,host
0x306a90,16,iFlushCache,kernel?,host
0x306ab0,16,sceSifStopDma,kernel?,host
0x306b20,16,GsPutIMR,kernel?,host
0x306b50,16,SetVSyncFlag,kernel?,host
0x306b80,16,sceSifDmaStat,kernel?,host
0x306b90,16,isceSifDmaStat,kernel?,host
0x306ba0,16,sceSifSetDma,kernel?,host
0x306bb0,16,isceSifSetDma,kernel?,host
0x306bc0,16,sceSifSetDChain,kernel?,host
0x306bd0,16,isceSifSetDChain,kernel?,host
0x306be0,16,sceSifSetReg,kernel?,host
0x306bf0,16,sceSifGetReg,kernel?,host
0x306c10,16,Deci2Call,kernel?,host
0x306c50,12,FUN_00306c50,kernel?,host
0x306ca0,96,FUN_00306ca0,kernel?,host
0x306d00,124,FUN_00306d00,kernel?,host
0x306d80,116,FUN_00306d80,kernel?,host
0x306df8,40,FUN_00306df8,kernel?,host
0x306e20,8,FUN_00306e20,kernel?,host
0x306e30,8,FUN_00306e30,kernel?,host
0x306e38,172,FUN_00306e38,kernel?,host
0x306ee8,8,FUN_00306ee8,kernel?,host
0x306ef0,20,FUN_00306ef0,kernel?,host
0x306f08,8,FUN_00306f08,kernel?,host
0x306f10,40,FUN_00306f10,kernel?,host
0x306f38,40,FUN_00306f38,kernel?,host
0x306f60,40,FUN_00306f60,kernel?,host
0x306f88,164,FUN_00306f88,kernel?,host
0x307030,124,FUN_00307030,kernel?,host
0x3070c8,164,FUN_003070c8,kernel?,host
0x307170,124,FUN_00307170,kernel?,host
0x307208,104,FUN_00307208,kernel?,host
0x307270,104,FUN_00307270,kernel?,host
0x3072d8,104,FUN_003072d8,kernel?,host
0x307340,104,FUN_00307340,kernel?,host
0x3073a8,32,FUN_003073a8,kernel?,host
0x3073c8,32,FUN_003073c8,kernel?,host
0x3073e8,32,FUN_003073e8,kernel?,host
0x307408,32,FUN_00307408,kernel?,host
0x307428,16,RFU116_SetSyscall,kernel?,host
0x307438,16,FUN_00307438,kernel?,host
0x307480,16,RFU091,kernel?,host
0x307490,212,FUN_00307490,kernel?,host
0x307568,216,FUN_00307568,kernel?,host
0x307640,212,FUN_00307640,kernel?,host
0x307718,148,FUN_00307718,kernel?,host
0x3077b0,124,FUN_003077b0,kernel?,host
0x307830,152,FUN_00307830,sdk?,host
0x3078c8,68,FUN_003078c8,sdk?,host
0x307910,36,FUN_00307910,sdk?,host
0x307938,48,FUN_00307938,sdk?,host
0x307968,36,FUN_00307968,sdk?,host
0x307990,52,FUN_00307990,sdk?,host
0x3079c8,52,FUN_003079c8,sdk?,host
0x307a30,36,FUN_00307a30,sdk?,host
0x307a58,36,FUN_00307a58,sdk?,host
0x307a80,36,FUN_00307a80,sdk?,host
0x307aa8,36,FUN_00307aa8,sdk?,host
0x307ad0,60,FUN_00307ad0,sdk?,host
0x307b10,60,FUN_00307b10,sdk?,host
0x307b50,400,FUN_00307b50,sdk?,host
0x307ce8,336,FUN_00307ce8,sdk?,host
0x307e38,208,FUN_00307e38,sdk?,host
0x307f08,188,FUN_00307f08,sdk?,host
0x307fc8,56,FUN_00307fc8,sdk?,host
0x308000,176,FUN_00308000,sdk?,host
0x3080b0,52,FUN_003080b0,sdk?,host
0x3080e8,144,FUN_003080e8,sdk?,host
0x308178,352,FUN_00308178,sdk?,host
0x3082e0,1476,FUN_003082e0,sdk?,host
0x3088a8,56,FUN_003088a8,sdk?,host
0x3088e0,96,FUN_003088e0,sdk?,host
0x308970,24,FUN_00308970,sdk?,host
0x3089b8,640,FUN_003089b8,sdk?,host
0x308c38,52,FUN_00308c38,sdk?,host
0x308c70,24,FUN_00308c70,sdk?,host
0x308ca0,44,FUN_00308ca0,sdk?,host
0x308cd0,40,FUN_00308cd0,sdk?,host
0x308cf8,308,FUN_00308cf8,sdk?,host
0x308e30,60,FUN_00308e30,sdk?,host
0x308e70,60,FUN_00308e70,sdk?,host
0x308eb0,296,FUN_00308eb0,sdk?,host
0x308fd8,172,FUN_00308fd8,sdk?,host
0x309088,412,FUN_00309088,sdk?,host
0x309228,36,FUN_00309228,sdk?,host
0x309250,168,FUN_00309250,sdk?,host
0x3092f8,28,FUN_003092f8,sdk?,host
0x309318,48,FUN_00309318,sdk?,host
0x309348,64,FUN_00309348,sdk?,host
0x309388,180,FUN_00309388,sdk?,host
0x309440,96,FUN_00309440,sdk?,host
0x3094a0,344,FUN_003094a0,sdk?,host
0x3095f8,76,FUN_003095f8,sdk?,host
0x309648,176,FUN_00309648,sdk?,host
0x3096f8,320,FUN_003096f8,sdk?,host
0x3098c8,492,FUN_003098c8,sdk?,host
0x309ab8,60,FUN_00309ab8,sdk?,host
0x309af8,148,FUN_00309af8,sdk?,host
0x309c60,148,FUN_00309c60,sdk?,host
0x309cf8,144,FUN_00309cf8,sdk?,host
0x309d88,88,FUN_00309d88,sdk?,host
0x309de0,452,FUN_00309de0,sdk?,host
0x309fa8,60,FUN_00309fa8,sdk?,host
0x309fe8,92,FUN_00309fe8,sdk?,host
0x30a048,136,FUN_0030a048,sdk?,host
0x30a0d0,108,FUN_0030a0d0,sdk?,host
0x30a140,948,FUN_0030a140,sdk?,host
0x30a4f8,76,FUN_0030a4f8,sdk?,host
0x30a548,44,FUN_0030a548,sdk?,host
0x30a578,12,FUN_0030a578,sdk?,host
0x30a588,416,FUN_0030a588,sdk?,host
0x30a728,140,FUN_0030a728,sdk?,host
0x30a7b8,52,FUN_0030a7b8,sdk?,host
0x30a7f0,644,FUN_0030a7f0,sdk?,host
0x30aa78,380,FUN_0030aa78,sdk?,host
0x30abf8,564,FUN_0030abf8,sdk?,host
0x30ae30,624,FUN_0030ae30,sdk?,host
0x30b0a0,700,FUN_0030b0a0,sdk?,host
0x30b360,844,FUN_0030b360,sdk?,host
0x30b6b0,468,FUN_0030b6b0,sdk?,host
0x30b888,420,FUN_0030b888,sdk?,host
0x30ba30,28,FUN_0030ba30,sdk?,host
0x30ba50,428,FUN_0030ba50,sdk?,host
0x30bc00,28,FUN_0030bc00,sdk?,host
0x30bc20,620,FUN_0030bc20,sdk?,host
0x30be90,288,FUN_0030be90,sdk?,host
0x30bfb0,28,FUN_0030bfb0,sdk?,host
0x30bfd0,156,FUN_0030bfd0,sdk?,host
0x30c070,360,FUN_0030c070,sdk?,host
0x30c1d8,344,FUN_0030c1d8,sdk?,host
0x30c330,416,FUN_0030c330,sdk?,host
0x30c4d0,572,FUN_0030c4d0,sdk?,host
0x30c710,496,FUN_0030c710,sdk?,host
0x30c900,28,FUN_0030c900,sdk?,host
0x30c920,408,FUN_0030c920,sdk?,host
0x30cab8,620,FUN_0030cab8,sdk?,host
0x30cd28,28,FUN_0030cd28,sdk?,host
0x30cd48,564,FUN_0030cd48,sdk?,host
0x30cf80,560,FUN_0030cf80,sdk?,host
0x30d1b0,480,FUN_0030d1b0,sdk?,host
0x30d390,456,FUN_0030d390,sdk?,host
0x30d558,136,FUN_0030d558,sdk?,host
0x30d5e0,112,FUN_0030d5e0,sdk?,host
0x30d650,120,FUN_0030d650,sdk?,host
0x30d6c8,240,FUN_0030d6c8,sdk?,host
0x30d7b8,256,FUN_0030d7b8,sdk?,host
0x30d8b8,140,FUN_0030d8b8,sdk?,host
0x30d948,56,FUN_0030d948,sdk?,host
0x30d980,520,FUN_0030d980,sdk?,host
0x30db88,28,FUN_0030db88,sdk?,host
0x30dba8,28,FUN_0030dba8,sdk?,host
0x30dbc8,548,FUN_0030dbc8,sdk?,host
0x30ddf0,32,FUN_0030ddf0,sdk?,host
0x30de10,28,FUN_0030de10,sdk?,host
0x30de30,260,FUN_0030de30,sdk?,host
0x30df38,28,FUN_0030df38,sdk?,host
0x30df80,236,FUN_0030df80,sdk?,host
0x30e070,220,FUN_0030e070,sdk?,host
0x30e150,304,FUN_0030e150,sdk?,host
0x30e280,40,FUN_0030e280,sdk?,host
0x30e2a8,72,FUN_0030e2a8,sdk?,host
0x30e2f0,272,FUN_0030e2f0,sdk?,host
0x30e400,72,FUN_0030e400,sdk?,host
0x30e448,24,FUN_0030e448,sdk?,host
0x30e460,16,RFU116_SetSyscall,sdk?,host
0x30e470,64,FUN_0030e470,sdk?,host
0x30e4b0,36,FUN_0030e4b0,sdk?,host
0x30e4d8,1772,FUN_0030e4d8,sdk?,host
0x30ebc8,92,FUN_0030ebc8,sdk?,host
0x30ec28,236,FUN_0030ec28,sdk?,host
0x30ed18,152,FUN_0030ed18,sdk?,host
0x30edb0,1628,FUN_0030edb0,sdk?,host
0x30f418,1332,FUN_0030f418,sdk?,host
