address,system,how
0x1000b8,boarder,loose
0x1000e0,boarder,graph
0x100558,world,graph
0x100580,ai,graph
0x100598,boarder,graph
0x102800,boarder,graph
0x1029d0,boarder,graph
0x102dc0,world,graph
0x102de8,ai,graph
0x102e80,boarder,graph
0x102f50,common,common
0x102f80,common,common
0x102fb0,boarder,neighbour
0x102fc8,boarder,graph
0x1033c0,boarder,graph
0x1033d0,boarder,graph
0x103660,boarder,graph
0x103b88,boarder,graph
0x103e78,world,graph
0x103ea0,ai,graph
0x103eb8,boarder,graph
0x104030,boarder,graph
0x104178,boarder,neighbour
0x104190,boarder,neighbour
0x1041b0,boarder,graph
0x104388,boarder,loose
0x1043b8,world,graph
0x1043e0,ai,graph
0x104688,boarder,loose
0x1046b0,boarder,graph
0x104790,boarder,neighbour
0x104800,boarder,graph
0x1049a0,boarder,neighbour
0x1049f8,boarder,graph
0x104e38,boarder,neighbour
0x104e68,boarder,graph
0x105030,world,graph
0x105058,ai,graph
0x105070,boarder,graph
0x1055a8,boarder,graph
0x1055f0,boarder,graph
0x105a60,boarder,loose
0x105ad0,world,graph
0x105af8,ai,graph
0x105bc0,boarder,graph
0x105c60,boarder,graph
0x105d80,race,graph
0x105dc0,boarder,graph
0x105f48,boarder,loose
0x105f58,boarder,loose
0x106140,boarder,loose
0x1061e8,world,graph
0x106210,ai,graph
0x106228,boarder,loose
0x1062b0,boarder,graph
0x106480,boarder,neighbour
0x106500,boarder,graph
0x106548,boarder,neighbour
0x1065c8,boarder,neighbour
0x1065f0,boarder,neighbour
0x106600,boarder,neighbour
0x106a00,world,graph
0x106a28,ai,graph
0x106a48,game,graph
0x106cd8,world,graph
0x106d00,ai,graph
0x106dc0,boarder,graph
0x106dc8,scoring,graph
0x1075f0,boarder,graph
0x107628,boarder,graph
0x107730,boarder,graph
0x107fc8,boarder,loose
0x108050,world,graph
0x108078,ai,graph
0x108110,boarder,loose
0x108280,boarder,graph
0x108310,boarder,graph
0x108368,boarder,neighbour
0x109668,world,graph
0x109690,ai,graph
0x109858,wipeout,loose
0x10aec8,wipeout,loose
0x10aed8,world,graph
0x10af00,ai,graph
0x10b068,wipeout,loose
0x10b090,wipeout,loose
0x10c060,world,graph
0x10c088,ai,graph
0x10c120,boarder,graph
0x10d680,frontend,graph
0x10ebc8,wipeout,loose
0x10ebd0,world,graph
0x10ed68,world,graph
0x1101c0,world,graph
0x110218,ai,graph
0x110260,boarder,loose
0x110290,boarder,graph
0x110770,world,graph
0x110798,ai,graph
0x110838,world,graph
0x110860,world,neighbour
0x110868,world,neighbour
0x110898,world,neighbour
0x1108d0,world,graph
0x110980,race,graph
0x1109b0,race,graph
0x110a40,race,graph
0x110ab8,race,graph
0x110f28,ai,neighbour
0x1117f0,game,graph
0x1125c8,ai,neighbour
0x112848,game,loose
0x1128b8,boarder,loose
0x112920,race,graph
0x112af0,race,neighbour
0x113a88,boarder,loose
0x113bb0,frontend,graph
0x113bc0,race,graph
0x113bd0,race,graph
0x113be0,race,graph
0x113bf0,race,graph
0x113c60,race,graph
0x113ce8,race,graph
0x113d58,race,graph
0x1146b0,boarder,graph
0x114730,boarder,graph
0x1147f8,camera,loose
0x114a68,world,graph
0x114b08,world,graph
0x114c00,frontend,graph
0x114f30,game,neighbour
0x114f70,game,neighbour
0x114f80,game,neighbour
0x115048,game,neighbour
0x1150b0,game,graph
0x115a30,race,loose
0x115a80,boarder,loose
0x115dc0,game,loose
0x115df0,camera,loose
0x1160f8,world,neighbour
0x1162c0,world,neighbour
0x1162f8,world,graph
0x1163a0,world,loose
0x116420,world,loose
0x1165c8,ai,neighbour
0x1166f0,audio,graph
0x116828,boarder,graph
0x116a18,boarder,graph
0x116a68,ai,graph
0x116a88,render,loose
0x1170d0,frontend,graph
0x117170,boarder,graph
0x117180,boarder,neighbour
0x117190,boarder,neighbour
0x117d20,world,graph
0x117ec0,ai,graph
0x118090,boarder,graph
0x118830,boarder,graph
0x118c08,boarder,graph
0x119220,boarder,graph
0x119be0,boarder,graph
0x119c90,boarder,graph
0x119d30,boarder,graph
0x11a020,boarder,graph
0x11a098,boarder,graph
0x11a7a8,boarder,neighbour
0x11a7b0,boarder,neighbour
0x11a7d0,boarder,neighbour
0x11a840,boarder,graph
0x11afa8,boarder,graph
0x11afe8,boarder,graph
0x11b018,boarder,graph
0x11b1f8,boarder,neighbour
0x11b348,boarder,graph
0x11c648,wipeout,graph
0x11c6b0,wipeout,neighbour
0x11c710,wipeout,graph
0x11c770,boarder,graph
0x11c7d8,boarder,graph
0x11c840,boarder,graph
0x11c8e8,boarder,graph
0x11c9a0,boarder,graph
0x11ca88,boarder,neighbour
0x11cae8,boarder,graph
0x11d038,boarder,graph
0x11d368,ai,graph
0x11d3d8,world,loose
0x11d438,ai,loose
0x11d4e8,boarder,graph
0x11d7b0,boarder,graph
0x11d998,boarder,neighbour
0x11d9e0,boarder,neighbour
0x11db00,boarder,graph
0x11e608,boarder,neighbour
0x11e660,boarder,neighbour
0x11e8a0,boarder,neighbour
0x11e910,boarder,neighbour
0x11e930,boarder,neighbour
0x11e958,boarder,neighbour
0x11e988,boarder,neighbour
0x11e9a0,boarder,neighbour
0x11e9d8,boarder,graph
0x11ea00,boarder,loose
0x11ea20,frontend,graph
0x11ea28,frontend,graph
0x11ea70,audio,loose
0x11eaf8,audio,loose
0x11ebf8,audio,loose
0x11ecf8,audio,graph
0x11ef00,audio,loose
0x11efd8,boarder,loose
0x11f050,ai,loose
0x11f118,frontend,graph
0x11f2a0,frontend,graph
0x11f350,frontend,graph
0x11f3b8,boarder,graph
0x11f3f8,boarder,graph
0x11f430,boarder,graph
0x11f440,audio,loose
0x11f468,audio,graph
0x11f488,boarder,loose
0x11f4e8,boarder,neighbour
0x11f608,boarder,graph
0x11f610,boarder,graph
0x11f628,boarder,neighbour
0x11f770,boarder,graph
0x1209f0,boarder,graph
0x120b28,boarder,graph
0x120c60,boarder,graph
0x120d98,boarder,graph
0x120ed8,boarder,graph
0x121018,boarder,graph
0x121158,boarder,graph
0x121298,boarder,graph
0x1213d8,boarder,graph
0x121510,boarder,graph
0x121648,boarder,graph
0x121780,boarder,graph
0x1218c0,boarder,graph
0x121a00,boarder,graph
0x121b38,boarder,graph
0x121c78,boarder,graph
0x121db8,boarder,graph
0x121ef0,boarder,graph
0x122028,boarder,graph
0x122168,boarder,graph
0x1222a8,boarder,graph
0x1223e0,boarder,graph
0x122520,boarder,graph
0x122660,boarder,graph
0x122798,boarder,graph
0x1228d8,boarder,graph
0x122a18,boarder,graph
0x122b58,boarder,graph
0x122f10,boarder,neighbour
0x123060,render,graph
0x123098,world,graph
0x1230a0,game,loose
0x1230c0,game,loose
0x1230e0,boarder,graph
0x1231d8,boarder,neighbour
0x123a48,boarder,neighbour
0x123a88,boarder,graph
0x123ab8,boarder,graph
0x123f00,boarder,graph
0x123f08,world,graph
0x123f30,ai,graph
0x124dd0,boarder,graph
0x1257a0,boarder,graph
0x125c48,boarder,graph
0x126250,boarder,graph
0x126748,boarder,graph
0x1267a0,boarder,graph
0x126888,boarder,neighbour
0x126918,boarder,neighbour
0x126948,boarder,graph
0x126ac8,boarder,neighbour
0x126b38,boarder,graph
0x126c00,boarder,graph
0x126c78,boarder,graph
0x126fc0,boarder,graph
0x127298,boarder,graph
0x1272e8,scoring,graph
0x127918,boarder,graph
0x127d08,boarder,graph
0x127e80,boarder,graph
0x128150,boarder,graph
0x1283f0,boarder,neighbour
0x128470,boarder,graph
0x128a18,boarder,neighbour
0x128ae8,boarder,graph
0x128e20,boarder,graph
0x128e90,boarder,graph
0x129008,boarder,graph
0x129500,boarder,neighbour
0x129628,boarder,graph
0x12ae18,boarder,graph
0x12bee0,boarder,graph
0x12bff0,boarder,neighbour
0x12c088,boarder,neighbour
0x12c0e8,boarder,loose
0x12c178,boarder,loose
0x12c190,world,graph
0x12c4d0,world,neighbour
0x12c7e0,world,graph
0x12d6c0,boarder,loose
0x12d890,boarder,loose
0x12df58,boarder,loose
0x12dfd0,boarder,loose
0x12e008,world,graph
0x12e0e8,boarder,graph
0x12e330,boarder,neighbour
0x12e6e8,boarder,graph
0x12e918,boarder,loose
0x12ec08,game,loose
0x12ec78,game,graph
0x12ec98,game,neighbour
0x12eca8,game,neighbour
0x12f178,game,neighbour
0x12f420,game,neighbour
0x12f490,game,graph
0x12f4c0,world,loose
0x12fb40,boarder,loose
0x12fe48,boarder,loose
0x12fed8,boarder,loose
0x12fef0,world,loose
0x1306b0,world,loose
0x130960,world,graph
0x130b98,boarder,loose
0x131110,boarder,loose
0x131160,boarder,loose
0x132308,boarder,neighbour
0x1324c8,boarder,neighbour
0x132518,boarder,neighbour
0x1325b8,boarder,neighbour
0x1331a8,boarder,neighbour
0x1333c0,boarder,neighbour
0x133808,boarder,neighbour
0x133890,boarder,neighbour
0x133940,boarder,neighbour
0x133c20,boarder,neighbour
0x134288,boarder,neighbour
0x1343d0,boarder,neighbour
0x134830,boarder,neighbour
0x135170,boarder,graph
0x135200,boarder,graph
0x135258,world,graph
0x135268,boarder,graph
0x135278,boarder,graph
0x1355c8,boarder,graph
0x1356f8,boarder,loose
0x135eb8,world,graph
0x136148,render,loose
0x136370,render,loose
0x1364d0,render,graph
0x136c48,render,loose
0x136e38,render,loose
0x136e70,world,loose
0x136e90,boarder,graph
0x136ea0,boarder,graph
0x136f88,game,graph
0x137108,camera,graph
0x137140,camera,graph
0x1371e0,ai,loose
0x1372f8,ai,loose
0x1375c8,ai,graph
0x137858,ai,graph
0x137a18,ai,graph
0x137dc0,boarder,graph
0x138160,boarder,neighbour
0x1381e0,boarder,neighbour
0x138210,boarder,graph
0x1383b0,boarder,graph
0x138438,boarder,graph
0x1384b8,ai,graph
0x138628,ai,loose
0x1387e8,ai,loose
0x1389c0,ai,loose
0x1389c8,boarder,graph
0x138ac0,ai,loose
0x138b60,boarder,loose
0x138bb8,ai,graph
0x139210,ai,neighbour
0x1392a8,ai,graph
0x1393e0,ai,loose
0x1394e0,boarder,graph
0x1396c8,boarder,graph
0x139928,boarder,neighbour
0x1399a8,boarder,graph
0x139a30,boarder,graph
0x139ab8,boarder,graph
0x139f60,ai,neighbour
0x13a028,ai,neighbour
0x13a220,ai,loose
0x13a2b0,boarder,loose
0x13a460,world,graph
0x13a628,boarder,graph
0x13a840,world,graph
0x13a888,world,graph
0x13a9f8,world,graph
0x13aab0,world,graph
0x13aad0,world,graph
0x13aaf8,world,graph
0x13abf0,world,graph
0x13ac88,world,graph
0x13af38,world,graph
0x13aff8,world,graph
0x13b078,world,graph
0x13b0b8,world,graph
0x13b128,ai,graph
0x13b880,world,neighbour
0x13b8c0,world,graph
0x13b978,world,graph
0x13ba30,world,graph
0x13bad8,frontend,graph
0x13bbc0,ai,graph
0x13bc78,world,graph
0x13be78,world,graph
0x13c5d0,world,graph
0x13d0b8,world,neighbour
0x13d130,world,neighbour
0x13d2f8,world,graph
0x13d4b8,world,neighbour
0x13d538,world,graph
0x13d680,world,neighbour
0x13d6c0,world,graph
0x13dbe8,world,neighbour
0x13dd40,world,neighbour
0x13dee8,world,graph
0x13e140,world,graph
0x13e6a0,world,graph
0x13ed30,world,neighbour
0x13eda8,world,graph
0x13f330,world,graph
0x13f448,world,graph
0x13f5c8,world,graph
0x13fbf0,world,graph
0x13fc58,ai,graph
0x13fdd0,world,graph
0x13fe50,ai,graph
0x1400d8,world,graph
0x1401a0,ai,graph
0x1403c0,world,graph
0x140400,world,graph
0x140498,world,graph
0x140590,ai,graph
0x140948,world,graph
0x140a98,ai,graph
0x141208,world,graph
0x1412e8,ai,graph
0x141688,world,graph
0x141800,ai,graph
0x141af0,world,graph
0x141be0,ai,graph
0x1420b8,world,neighbour
0x1421a8,world,neighbour
0x142220,world,graph
0x1427b8,world,neighbour
0x142ac8,world,graph
0x142af0,world,graph
0x142c78,world,graph
0x142d40,world,graph
0x142da8,world,graph
0x143040,ai,graph
0x143550,world,graph
0x143740,world,graph
0x143870,ai,graph
0x143928,world,graph
0x143b08,world,graph
0x143cd0,world,graph
0x143ff8,world,graph
0x1444d0,world,graph
0x144778,world,graph
0x144810,world,graph
0x145458,world,graph
0x145528,ai,graph
0x145ae8,world,neighbour
0x145b28,world,graph
0x145ba8,world,graph
0x1460f0,world,graph
0x146258,ai,graph
0x1462d0,world,graph
0x146660,world,graph
0x1466b8,world,graph
0x146e10,ai,graph
0x146f40,world,graph
0x1478f0,world,graph
0x1479d0,ai,graph
0x147cf8,world,loose
0x147d78,ai,graph
0x147f88,world,graph
0x148028,world,neighbour
0x148218,frontend,graph
0x1482c0,frontend,graph
0x148350,frontend,graph
0x148478,world,graph
0x148560,world,loose
0x148680,ai,graph
0x148748,world,loose
0x148900,world,neighbour
0x148a70,world,graph
0x148ad0,world,graph
0x148b28,world,graph
0x148dc8,ai,loose
0x148e38,ai,graph
0x148ed8,world,graph
0x149030,world,graph
0x149448,world,neighbour
0x149868,world,neighbour
0x14a040,render,graph
0x14aaa0,frontend,graph
0x14b5a8,game,graph
0x14b638,game,graph
0x14b768,game,graph
0x14b7c8,boarder,loose
0x14b8a8,boarder,loose
0x14b958,boarder,loose
0x14baa8,game,graph
0x14bb08,tutorial,loose
0x14bd98,game,loose
0x14c098,debugmenu,graph
0x14c2a8,scoring,loose
0x14c2d0,frontend,graph
0x14cf38,frontend,neighbour
0x14cfb0,frontend,graph
0x14d138,frontend,graph
0x14d320,frontend,graph
0x14d5e0,frontend,graph
0x14d6e0,game,graph
0x14d7d0,game,graph
0x14d898,game,graph
0x14d928,game,neighbour
0x14d930,game,neighbour
0x14d948,game,neighbour
0x14d9c8,game,neighbour
0x14da38,game,neighbour
0x14daa8,game,graph
0x14ed88,game,neighbour
0x14edb0,game,neighbour
0x14eed0,game,graph
0x14eee8,game,neighbour
0x14f390,frontend,graph
0x14f510,game,neighbour
0x14f550,game,loose
0x14f608,render,loose
0x14f6c8,render,graph
0x14f720,render,neighbour
0x14f760,render,neighbour
0x14f770,render,neighbour
0x14f780,render,neighbour
0x14f7a8,render,neighbour
0x14f7e0,render,neighbour
0x14f820,render,neighbour
0x14f8c8,render,graph
0x14f920,render,neighbour
0x14f960,render,neighbour
0x14fa00,render,graph
0x14fa70,world,loose
0x14fb38,world,graph
0x14fdb8,render,graph
0x14fe18,camera,graph
0x14fe68,boarder,graph
0x14fec8,render,graph
0x14ffc8,render,graph
0x150248,render,graph
0x1503b0,render,loose
0x1503e0,render,loose
0x150428,camera,loose
0x150670,world,loose
0x1506d8,render,loose
0x1507e8,world,loose
0x150818,world,neighbour
0x150848,world,graph
0x150a70,boarder,loose
0x150a80,boarder,loose
0x150be8,boarder,neighbour
0x150d18,boarder,loose
0x150e38,boarder,graph
0x151080,boarder,graph
0x151250,boarder,neighbour
0x152770,boarder,neighbour
0x153130,boarder,graph
0x1532c0,boarder,graph
0x153390,boarder,graph
0x1533f8,world,graph
0x1537d0,world,graph
0x153808,world,graph
0x153ad8,wipeout,graph
0x154338,world,graph
0x154480,world,graph
0x1544a8,ai,graph
0x154638,frontend,graph
0x1546c8,game,graph
0x154d20,frontend,graph
0x1553a8,scoring,graph
0x155410,scoring,range
0x155440,scoring,range
0x1554c0,scoring,range
0x155538,scoring,range
0x155588,scoring,range
0x155a20,scoring,range
0x155aa8,scoring,range
0x155b10,scoring,range
0x155bb8,scoring,range
0x155c60,scoring,range
0x155ca0,scoring,range
0x155cc8,scoring,range
0x155cd0,scoring,range
0x155d98,scoring,range
0x155dc8,scoring,range
0x155e00,scoring,range
0x155e68,scoring,range
0x155ee8,scoring,range
0x156050,scoring,range
0x156148,scoring,range
0x156568,scoring,range
0x156618,scoring,range
0x1568b0,scoring,range
0x156900,scoring,range
0x156968,scoring,range
0x1569b0,scoring,range
0x156e80,scoring,range
0x157008,scoring,range
0x157088,scoring,range
0x157198,scoring,range
0x1571e0,scoring,range
0x157268,scoring,range
0x157308,scoring,range
0x157330,scoring,range
0x157980,world,graph
0x1579a8,scoring,graph
0x1579e0,scoring,graph
0x157c18,scoring,neighbour
0x157c50,scoring,graph
0x157d58,frontend,loose
0x157d68,render,graph
0x157da0,files,loose
0x157e10,files,neighbour
0x157e68,files,loose
0x157ea8,files,loose
0x157ed8,animation,loose
0x158030,animation,loose
0x1586c0,animation,loose
0x158798,animation,loose
0x1587e8,animation,graph
0x158818,animation,loose
0x158908,files,loose
0x1589b8,files,loose
0x158a30,files,graph
0x158af0,game,loose
0x158b10,files,loose
0x158c10,files,loose
0x158c38,frontend,graph
0x158cc8,game,graph
0x158d18,files,loose
0x158d68,animation,graph
0x158ea0,files,loose
0x158fc0,files,graph
0x159070,files,loose
0x159140,files,loose
0x159150,files,loose
0x159738,files,loose
0x1597d0,files,loose
0x159820,frontend,graph
0x159910,animation,loose
0x159a80,boarder,graph
0x159b08,render,graph
0x159b50,render,loose
0x159bb8,animation,graph
0x159d88,boarder,loose
0x159e38,animation,loose
0x15a330,animation,loose
0x15a600,boarder,neighbour
0x15a658,boarder,neighbour
0x15a690,boarder,neighbour
0x15a6c8,boarder,graph
0x15a700,render,loose
0x15a760,animation,loose
0x15a798,world,graph
0x15a818,ai,graph
0x15a8c0,files,graph
0x15a980,files,graph
0x15ac48,game,loose
0x15aec0,animation,graph
0x15ed68,render,graph
0x15ee30,boarder,graph
0x15eec0,boarder,graph
0x15eef8,boarder,graph
0x15ef48,boarder,neighbour
0x15ef98,boarder,neighbour
0x15f020,boarder,neighbour
0x15f050,boarder,graph
0x15f060,animation,graph
0x15f300,animation,neighbour
0x15f390,animation,neighbour
0x15f440,animation,graph
0x15f5b8,boarder,graph
0x15f700,boarder,graph
0x15f7c8,animation,loose
0x15fa40,animation,graph
0x15fb08,animation,graph
0x15fbb8,animation,graph
0x15fcf8,boarder,graph
0x15fdd0,boarder,graph
0x15fde0,animation,graph
0x15fe70,boarder,graph
0x15fec8,boarder,neighbour
0x15ff40,boarder,graph
0x15ffb8,boarder,graph
0x160008,boarder,loose
0x160058,world,graph
0x1600d0,ai,graph
0x160140,animation,graph
0x1601d0,boarder,graph
0x1605a0,animation,graph
0x160680,animation,graph
0x160af0,animation,loose
0x160b20,boarder,graph
0x161118,animation,graph
0x161300,animation,neighbour
0x161340,animation,graph
0x161348,animation,graph
0x161350,animation,graph
0x161358,animation,graph
0x161360,boarder,graph
0x1613a0,boarder,graph
0x161400,boarder,graph
0x161528,boarder,graph
0x161568,boarder,graph
0x1615a8,boarder,graph
0x1615e8,boarder,graph
0x161640,boarder,graph
0x161730,race,graph
0x161760,race,neighbour
0x1617a0,race,neighbour
0x161838,race,neighbour
0x161840,race,graph
0x1618a0,race,graph
0x1618c0,race,graph
0x1618e0,race,graph
0x161900,race,graph
0x161928,frontend,graph
0x161a98,save,graph
0x163468,frontend,graph
0x1635b0,race,graph
0x1635b8,frontend,graph
0x1637d0,frontend,graph
0x1637f8,frontend,loose
0x163980,race,loose
0x163ab0,race,graph
0x163b10,frontend,loose
0x163b38,frontend,neighbour
0x163bb8,frontend,graph
0x163d30,frontend,neighbour
0x163d98,frontend,graph
0x163e70,race,graph
0x163f08,game,loose
0x163f10,frontend,loose
0x163f18,frontend,graph
0x163f50,race,loose
0x163f88,race,graph
0x163fe8,race,graph
0x164020,race,graph
0x164060,race,graph
0x1640a8,scoring,loose
0x164108,frontend,graph
0x164110,frontend,graph
0x164178,frontend,graph
0x1641f8,frontend,graph
0x164258,frontend,graph
0x164288,frontend,graph
0x164318,frontend,graph
0x164330,frontend,graph
0x164368,race,graph
0x164398,race,graph
0x1644e8,race,graph
0x164638,race,graph
0x1646b0,race,neighbour
0x164730,race,neighbour
0x164808,race,graph
0x164840,race,loose
0x164918,frontend,graph
0x164950,frontend,graph
0x164968,race,graph
0x164ac8,race,graph
0x164b10,race,graph
0x164b60,race,graph
0x164ba8,race,graph
0x164bf8,race,graph
0x164c40,race,graph
0x164c90,race,graph
0x164cd8,race,graph
0x164d28,race,graph
0x164d70,race,graph
0x164dc0,frontend,graph
0x164df8,race,loose
0x164e40,race,loose
0x164e78,race,loose
0x164ec0,race,graph
0x164ef8,race,graph
0x164f40,race,graph
0x164f78,race,graph
0x164fc0,race,graph
0x165400,race,graph
0x165468,race,graph
0x165558,race,graph
0x165660,race,neighbour
0x165688,race,graph
0x165778,race,graph
0x165a40,race,graph
0x165b98,race,graph
0x165cf0,race,graph
0x166450,race,graph
0x1664b0,race,graph
0x1664e8,race,graph
0x166550,race,graph
0x166580,race,graph
0x166598,race,neighbour
0x166600,race,graph
0x166800,race,neighbour
0x166840,race,neighbour
0x166870,race,neighbour
0x1668a0,race,neighbour
0x1668f0,race,neighbour
0x166968,race,neighbour
0x166a58,race,graph
0x166c70,save,loose
0x166cb0,ai,loose
0x166fa0,race,loose
0x166fe0,race,loose
0x167010,race,loose
0x167038,frontend,loose
0x167060,frontend,graph
0x167170,race,graph
0x167da0,race,graph
0x167dc0,race,graph
0x167de0,race,graph
0x167e00,race,graph
0x167ea0,race,graph
0x168028,race,graph
0x168180,race,graph
0x1682e0,race,neighbour
0x168360,race,graph
0x168688,race,neighbour
0x1686a8,race,graph
0x168720,race,graph
0x1687f0,race,neighbour
0x1688f0,race,neighbour
0x1689e0,race,neighbour
0x168a18,race,neighbour
0x168b80,race,graph
0x168b88,race,graph
0x1691f0,race,neighbour
0x169378,race,graph
0x169640,race,neighbour
0x169668,race,neighbour
0x169688,race,neighbour
0x169698,race,neighbour
0x1699a0,race,graph
0x169b60,race,neighbour
0x169bb8,race,neighbour
0x169be8,race,neighbour
0x169d28,race,neighbour
0x169e38,race,graph
0x16a978,race,neighbour
0x16a998,race,neighbour
0x16a9d8,race,graph
0x16ae68,race,graph
0x16b1d0,race,range
0x16b1f8,race,range
0x16b220,race,range
0x16b248,race,range
0x16b270,race,range
0x16b298,race,range
0x16b330,race,range
0x16b3f8,race,range
0x16b4c0,race,range
0x16b588,race,range
0x16b650,race,range
0x16b6d8,race,range
0x16b7b0,race,range
0x16b860,race,range
0x16b8e0,race,range
0x16ba18,race,range
0x16ba60,race,range
0x16baa8,race,range
0x16bb58,race,range
0x16bb70,race,range
0x16bba0,race,range
0x16bbd0,race,range
0x16bc30,race,range
0x16bc40,race,range
0x16bc50,race,range
0x16bca8,race,range
0x16bcb0,race,range
0x16c008,race,range
0x16c228,race,range
0x16c328,race,range
0x16c3b0,race,range
0x16cfd8,race,range
0x16d0a8,race,range
0x16d0b0,race,range
0x16d1f8,race,range
0x16d230,race,range
0x16d300,race,range
0x16d910,race,neighbour
0x16d990,race,neighbour
0x16d9d0,race,neighbour
0x16da10,race,graph
0x16daa8,boarder,graph
0x16db88,boarder,graph
0x16dc68,camera,graph
0x16dcb8,game,loose
0x16dcc0,game,graph
0x16dce8,camera,graph
0x16dd68,camera,graph
0x16dda8,camera,graph
0x16ddb8,camera,graph
0x16ddd0,camera,neighbour
0x16de00,camera,neighbour
0x16df00,camera,neighbour
0x16df80,camera,neighbour
0x16dfd0,camera,neighbour
0x16dfe0,camera,neighbour
0x16e098,camera,neighbour
0x16e168,camera,neighbour
0x16e1d8,camera,neighbour
0x16e248,camera,neighbour
0x16e318,camera,neighbour
0x16e408,camera,neighbour
0x16e468,camera,neighbour
0x16e4c0,camera,neighbour
0x16e518,camera,neighbour
0x16e588,camera,neighbour
0x16e630,camera,neighbour
0x16e6b0,camera,neighbour
0x16e6f0,camera,neighbour
0x16e7c0,camera,neighbour
0x16e7f0,camera,neighbour
0x16e8f0,camera,neighbour
0x16e900,camera,graph
0x16fb08,world,graph
0x16fe60,world,graph
0x1703b8,camera,loose
0x1703c0,camera,neighbour
0x170440,camera,neighbour
0x170470,camera,graph
0x1704b0,camera,graph
0x170510,camera,graph
0x170610,camera,graph
0x1708e8,camera,graph
0x170ca8,camera,graph
0x171308,camera,neighbour
0x171388,camera,neighbour
0x1713d8,camera,graph
0x171410,camera,neighbour
0x171500,camera,graph
0x171610,camera,graph
0x171e28,camera,graph
0x171f60,camera,neighbour
0x171fb0,camera,neighbour
0x171fe0,camera,neighbour
0x1720c0,camera,neighbour
0x172100,camera,neighbour
0x172168,camera,neighbour
0x1721e8,camera,neighbour
0x172238,camera,neighbour
0x172268,camera,neighbour
0x1722e8,camera,graph
0x1730c0,camera,neighbour
0x1730e0,camera,neighbour
0x1731f8,camera,neighbour
0x173270,camera,graph
0x173820,boarder,loose
0x173a60,camera,loose
0x173a88,boarder,loose
0x173a98,race,loose
0x173c18,race,neighbour
0x173c50,race,neighbour
0x173e08,race,neighbour
0x173e70,race,loose
0x173eb0,race,graph
0x173eb8,race,graph
0x174008,frontend,loose
0x174010,camera,graph
0x1741d0,camera,graph
0x174238,camera,graph
0x174b38,camera,graph
0x174c30,camera,graph
0x174c48,game,graph
0x174c58,camera,graph
0x174c70,camera,graph
0x174c98,camera,graph
0x174d28,camera,graph
0x175450,camera,graph
0x175a08,camera,graph
0x175ba0,camera,graph
0x175c70,race,graph
0x175cb0,camera,graph
0x175de0,race,graph
0x175e50,common,common
0x175e88,race,neighbour
0x175eb8,race,graph
0x175f50,race,neighbour
0x176720,race,neighbour
0x176850,race,neighbour
0x176f38,race,graph
0x177020,boarder,loose
0x1776d0,camera,neighbour
0x1776f0,camera,neighbour
0x177758,camera,graph
0x1777d0,camera,neighbour
0x1779b8,camera,neighbour
0x177db0,camera,graph
0x1781c0,boarder,graph
0x1782a8,boarder,graph
0x1782d0,boarder,graph
0x178310,boarder,neighbour
0x178320,boarder,neighbour
0x178330,boarder,neighbour
0x1783e8,boarder,neighbour
0x1785c0,camera,graph
0x1786c0,camera,graph
0x1786d0,camera,graph
0x178968,camera,graph
0x178a28,camera,graph
0x178be8,camera,graph
0x178dc8,camera,graph
0x179068,game,loose
0x179238,ai,loose
0x179758,boarder,loose
0x179780,boarder,loose
0x1797a8,boarder,loose
0x1797d0,boarder,loose
0x1797f8,boarder,loose
0x179818,boarder,neighbour
0x179838,boarder,neighbour
0x179850,boarder,loose
0x179940,boarder,loose
0x179a88,render,graph
0x179b18,render,neighbour
0x179d98,render,neighbour
0x179e60,render,neighbour
0x179fb0,render,neighbour
0x17a018,render,neighbour
0x17a028,render,neighbour
0x17a038,render,neighbour
0x17a0a0,render,neighbour
0x17a108,render,neighbour
0x17a118,render,neighbour
0x17a128,render,neighbour
0x17a138,render,neighbour
0x17a148,render,neighbour
0x17a1a8,render,neighbour
0x17a208,render,neighbour
0x17a290,render,neighbour
0x17a2f8,render,neighbour
0x17a420,render,neighbour
0x17a5c0,render,graph
0x17a658,render,loose
0x17a668,render,loose
0x17a740,render,loose
0x17a830,common,common
0x17a840,render,neighbour
0x17a898,render,neighbour
0x17a8b0,render,neighbour
0x17aa08,render,loose
0x17ac40,render,loose
0x17ad68,render,neighbour
0x17b748,frontend,graph
0x17b848,frontend,neighbour
0x17b8a8,frontend,neighbour
0x17b938,frontend,neighbour
0x17b970,frontend,graph
0x17b980,frontend,graph
0x17bdf0,game,neighbour
0x17bdf8,game,neighbour
0x17c0a8,game,graph
0x17c118,game,neighbour
0x17c150,game,graph
0x17c1d0,game,loose
0x17c2e0,frontend,loose
0x17c380,game,loose
0x17c3a8,audio,graph
0x17c468,game,neighbour
0x17c530,frontend,loose
0x17c570,render,graph
0x17c6b8,game,graph
0x17c6e8,render,loose
0x17c908,render,loose
0x17c998,render,loose
0x17c9d8,render,loose
0x17cb40,render,loose
0x17cc48,race,loose
0x17cc80,common,common
0x17ccb8,race,graph
0x17cd30,frontend,loose
0x17cdb8,hud,loose
0x17ce00,frontend,loose
0x17ce38,frontend,graph
0x17ce70,frontend,graph
0x17cf50,frontend,graph
0x17cf98,world,loose
0x17d048,frontend,graph
0x17d090,ai,graph
0x17d0e0,ai,graph
0x17d178,ai,graph
0x17d1c8,world,graph
0x17d260,world,loose
0x17d2a0,ai,graph
0x17d4e8,world,graph
0x17d548,world,neighbour
0x17d6e0,world,graph
0x17d710,world,graph
0x17d740,world,graph
0x17d788,world,graph
0x17d860,ai,graph
0x17d888,world,loose
0x17d8b0,ai,loose
0x17d8d8,world,loose
0x17d900,world,loose
0x17d928,world,loose
0x17d950,game,graph
0x17d9d8,ai,loose
0x17da50,ai,graph
0x17dae0,ai,neighbour
0x17db00,ai,graph
0x17de58,world,graph
0x17e0f8,game,graph
0x17ecf8,game,graph
0x17f0f8,debugmenu,graph
0x17f158,frontend,graph
0x17f168,frontend,neighbour
0x17f190,frontend,graph
0x17f1a0,debugmenu,loose
0x17f1f0,camera,loose
0x17f328,camera,graph
0x17f390,game,graph
0x180030,boarder,graph
0x1802b8,game,loose
0x180350,debugmenu,graph
0x180518,game,loose
0x180760,race,loose
0x180848,race,loose
0x180a10,race,loose
0x180b58,game,loose
0x180d08,audio,graph
0x180e00,game,graph
0x1811a0,audio,graph
0x1814a8,common,common
0x1814c0,game,graph
0x1815a0,game,neighbour
0x181878,game,graph
0x181a48,debugmenu,graph
0x181d50,debugmenu,graph
0x181d60,race,graph
0x181e48,game,graph
0x181e70,game,neighbour
0x181ed8,game,neighbour
0x182040,game,neighbour
0x182060,game,neighbour
0x1820b0,frontend,graph
0x182680,render,neighbour
0x182728,render,neighbour
0x182858,render,neighbour
0x182ba8,render,neighbour
0x182c60,render,graph
0x1834a8,game,loose
0x183538,frontend,graph
0x183660,frontend,graph
0x183788,frontend,graph
0x183ae8,hud,graph
0x183c20,hud,graph
0x1842a8,game,loose
0x184318,frontend,graph
0x1843a0,game,loose
0x1844c8,game,neighbour
0x1850e8,game,neighbour
0x1859c0,render,graph
0x185a28,render,graph
0x185a78,render,graph
0x185b18,race,graph
0x185c28,race,graph
0x185d50,render,graph
0x185d68,race,graph
0x185dc8,render,graph
0x185dd0,race,graph
0x186078,game,graph
0x1861f0,frontend,loose
0x186218,game,graph
0x186268,game,loose
0x186348,game,loose
0x186350,audio,graph
0x186368,frontend,loose
0x1863f8,game,loose
0x186440,game,neighbour
0x1864a0,game,loose
0x186bb0,debugmenu,graph
0x186e30,debugmenu,graph
0x187170,debugmenu,graph
0x187cb8,debugmenu,graph
0x187f58,audio,graph
0x188990,audio,graph
0x1889b8,debugmenu,graph
0x188ad8,debugmenu,graph
0x188b10,debugmenu,graph
0x188b48,debugmenu,graph
0x188b68,debugmenu,neighbour
0x188b88,debugmenu,graph
0x188bf8,debugmenu,graph
0x188c50,debugmenu,graph
0x188d20,debugmenu,graph
0x1892e8,debugmenu,graph
0x1893a0,debugmenu,graph
0x189450,debugmenu,graph
0x189478,debugmenu,graph
0x189718,debugmenu,neighbour
0x189720,debugmenu,neighbour
0x189948,debugmenu,graph
0x189c38,debugmenu,graph
0x189c80,debugmenu,graph
0x189cc0,debugmenu,graph
0x18a1d0,debugmenu,graph
0x18a320,debugmenu,graph
0x18a460,debugmenu,graph
0x18a498,debugmenu,graph
0x18a4e0,debugmenu,graph
0x18a6b8,debugmenu,graph
0x18a790,debugmenu,graph
0x18a820,debugmenu,graph
0x18a878,debugmenu,graph
0x18a900,debugmenu,neighbour
0x18ab68,debugmenu,graph
0x18ae80,debugmenu,graph
0x18b198,debugmenu,graph
0x18b1d0,debugmenu,graph
0x18b240,debugmenu,neighbour
0x18b660,debugmenu,graph
0x18b810,debugmenu,neighbour
0x18b840,debugmenu,neighbour
0x18b870,debugmenu,graph
0x18b8f8,debugmenu,graph
0x18b9a0,debugmenu,graph
0x18b9f8,debugmenu,graph
0x18bf50,debugmenu,graph
0x18bfb0,debugmenu,graph
0x18c118,debugmenu,graph
0x18c1c8,debugmenu,graph
0x18c288,debugmenu,neighbour
0x18c318,debugmenu,neighbour
0x18c380,debugmenu,graph
0x18c728,debugmenu,graph
0x18c9d0,debugmenu,graph
0x18cc78,debugmenu,graph
0x18ceb8,debugmenu,graph
0x18d0c8,debugmenu,graph
0x18df38,debugmenu,graph
0x18df60,debugmenu,neighbour
0x18dfd0,debugmenu,graph
0x18e228,debugmenu,neighbour
0x18e850,game,graph
0x18e9e8,game,neighbour
0x18eac8,game,graph
0x18ebc8,game,neighbour
0x18ebd0,game,graph
0x18ee68,camera,loose
0x18eec0,camera,loose
0x18ef20,camera,graph
0x18efa0,camera,graph
0x18f020,camera,neighbour
0x18f0d8,camera,graph
0x18f168,camera,graph
0x18f208,render,graph
0x18f328,ai,graph
0x18f448,ai,graph
0x18f5d0,world,graph
0x18f6c0,ai,graph
0x18f800,ai,graph
0x18f8a8,world,graph
0x190660,world,graph
0x190780,ai,graph
0x190878,camera,graph
0x190c28,frontend,graph
0x190c70,frontend,neighbour
0x190cb8,frontend,graph
0x190d40,camera,graph
0x190d88,camera,neighbour
0x190db0,camera,graph
0x190e78,camera,graph
0x190ee8,camera,graph
0x190f58,camera,graph
0x190ff0,camera,neighbour
0x191038,camera,neighbour
0x191078,camera,neighbour
0x191100,camera,graph
0x191190,camera,graph
0x1911e0,camera,graph
0x191230,camera,neighbour
0x191298,camera,neighbour
0x191728,camera,neighbour
0x191778,camera,neighbour
0x191820,camera,neighbour
0x191830,camera,graph
0x191a18,camera,neighbour
0x191ac0,camera,neighbour
0x191b18,camera,graph
0x191b60,camera,graph
0x191be0,camera,graph
0x191ca0,camera,loose
0x191d30,camera,loose
0x191d88,frontend,graph
0x192058,camera,graph
0x192178,camera,loose
0x1922a8,ai,graph
0x192458,camera,graph
0x1924a0,camera,neighbour
0x1925f8,camera,neighbour
0x1926f0,camera,neighbour
0x192718,camera,neighbour
0x192738,camera,neighbour
0x192758,camera,graph
0x1927d8,boarder,loose
0x192880,boarder,loose
0x1928f0,boarder,loose
0x192998,boarder,loose
0x192a40,world,loose
0x192b20,game,loose
0x192b38,game,loose
0x192ba8,render,graph
0x192bf0,ai,graph
0x192c00,ai,loose
0x192c10,world,graph
0x192ca0,ai,graph
0x192ce8,ai,graph
0x192d20,ai,graph
0x192d60,ai,neighbour
0x192df0,ai,graph
0x192e40,ai,graph
0x192ec0,ai,graph
0x192ef8,ai,graph
0x192f30,world,graph
0x192f78,world,graph
0x192fe8,world,graph
0x193020,world,graph
0x193058,ai,loose
0x193060,ai,neighbour
0x193068,ai,neighbour
0x193088,ai,loose
0x193118,camera,loose
0x193148,camera,loose
0x193198,camera,loose
0x1931d0,camera,graph
0x193250,camera,neighbour
0x1932a8,camera,neighbour
0x1932f0,camera,graph
0x1932f8,camera,graph
0x193370,camera,graph
0x193448,camera,graph
0x1934f0,camera,neighbour
0x1935d8,camera,neighbour
0x1937d0,camera,graph
0x1938a0,camera,graph
0x1938c8,camera,graph
0x1939a0,camera,neighbour
0x193a78,camera,neighbour
0x193aa0,camera,neighbour
0x193ad0,camera,neighbour
0x193ad8,camera,neighbour
0x193b00,camera,graph
0x193bd0,camera,graph
0x193c68,audio,loose
0x193c98,race,graph
0x193ce0,camera,loose
0x193d98,frontend,loose
0x193e78,camera,loose
0x193f10,camera,graph
0x193f70,camera,graph
0x194138,camera,graph
0x1941f8,camera,graph
0x194230,camera,neighbour
0x194268,camera,graph
0x1942b0,camera,neighbour
0x1942f0,camera,graph
0x194400,camera,neighbour
0x194418,camera,graph
0x194518,camera,neighbour
0x194550,camera,graph
0x1946b8,camera,neighbour
0x1946d0,camera,graph
0x194750,camera,neighbour
0x1947a0,camera,graph
0x194808,camera,neighbour
0x194820,camera,graph
0x194870,render,graph
0x1948c0,render,graph
0x194910,world,graph
0x194cc0,game,loose
0x194d18,camera,graph
0x194d78,camera,graph
0x1950b8,camera,graph
0x1951f8,camera,neighbour
0x1952d8,camera,graph
0x195340,camera,neighbour
0x1953a0,camera,neighbour
0x1953c8,camera,graph
0x195428,camera,neighbour
0x195440,camera,graph
0x195460,camera,neighbour
0x195488,camera,neighbour
0x1955a0,camera,graph
0x195690,frontend,graph
0x1956b0,frontend,neighbour
0x1956c8,frontend,neighbour
0x1956f0,frontend,neighbour
0x195710,frontend,neighbour
0x1957b0,frontend,graph
0x1957d8,frontend,graph
0x195a48,hud,graph
0x195c88,frontend,graph
0x195de0,frontend,graph
0x195ee8,game,graph
0x195ff0,frontend,graph
0x196028,frontend,graph
0x196070,frontend,graph
0x196088,frontend,graph
0x196128,frontend,graph
0x1961e8,frontend,graph
0x1961f0,game,graph
0x196218,frontend,graph
0x1964a0,frontend,graph
0x1964d8,frontend,graph
0x196530,frontend,graph
0x196758,boarder,graph
0x196858,boarder,graph
0x196f28,files,loose
0x197130,files,loose
0x197170,files,loose
0x197250,boarder,graph
0x197478,boarder,graph
0x197738,boarder,graph
0x1977f0,boarder,neighbour
0x197830,boarder,graph
0x1979f8,boarder,graph
0x197b50,boarder,graph
0x197e90,render,graph
0x197ef0,common,common
0x197f08,boarder,graph
0x197f28,boarder,graph
0x198110,boarder,neighbour
0x1982d0,boarder,graph
0x1983d0,files,loose
0x198518,files,loose
0x198688,world,loose
0x1986d8,world,loose
0x198720,files,loose
0x198738,files,loose
0x198750,files,loose
0x198b48,ai,graph
0x198da8,world,graph
0x198eb8,world,graph
0x198fc0,boarder,graph
0x199030,animation,loose
0x199058,boarder,loose
0x199258,animation,graph
0x199320,world,graph
0x1998d0,world,graph
0x1998f8,world,graph
0x1999e8,ai,loose
0x199d68,ai,graph
0x199ee0,world,graph
0x199f20,animation,graph
0x19a0a8,ai,graph
0x19a410,world,graph
0x19a478,animation,graph
0x19a5a8,animation,graph
0x19a700,ai,graph
0x19a778,world,graph
0x19a8b0,world,neighbour
0x19a8f0,world,graph
0x19aab0,animation,graph
0x19ac48,render,graph
0x19b108,common,common
0x19b4d8,frontend,loose
0x19b730,frontend,graph
0x19b8c8,boarder,graph
0x19bb48,boarder,graph
0x19bdf8,frontend,graph
0x19bf90,frontend,loose
0x19c1e8,debugmenu,graph
0x19c788,frontend,graph
0x19c7b8,hud,graph
0x19c808,game,graph
0x19c8d0,game,graph
0x19c910,render,loose
0x19cc10,render,graph
0x19cca8,render,graph
0x19d210,race,graph
0x19d278,race,graph
0x19d308,game,graph
0x19d370,game,graph
0x19d3f0,frontend,graph
0x19d6e0,frontend,graph
0x19d770,frontend,loose
0x19d800,hud,graph
0x19d868,hud,neighbour
0x19d8e0,hud,neighbour
0x19d960,hud,graph
0x19d9e0,game,graph
0x19da08,render,graph
0x19da30,frontend,loose
0x19dc78,frontend,graph
0x19dec0,game,graph
0x19ded0,game,graph
0x19def0,race,graph
0x19df90,hud,loose
0x19e380,game,graph
0x19e388,game,graph
0x19e460,hud,loose
0x19e7a0,frontend,graph
0x19e840,frontend,graph
0x19e888,hud,graph
0x1a1968,frontend,graph
0x1a1e50,frontend,graph
0x1a1eb0,frontend,graph
0x1a6860,frontend,graph
0x1a68f8,hud,graph
0x1a6ba0,frontend,neighbour
0x1a6c90,frontend,neighbour
0x1a6d38,frontend,graph
0x1a6fb8,frontend,graph
0x1a77a8,hud,graph
0x1a77f8,common,common
0x1a7848,game,graph
0x1a7860,game,graph
0x1a7b30,frontend,neighbour
0x1a7b88,frontend,neighbour
0x1a7be0,common,common
0x1a7c10,frontend,neighbour
0x1a7c40,frontend,loose
0x1a7c48,game,graph
0x1a7c58,frontend,graph
0x1a7c88,frontend,graph
0x1a7cb8,frontend,neighbour
0x1a7ce8,frontend,neighbour
0x1a7d18,frontend,neighbour
0x1a7d48,frontend,neighbour
0x1a7d78,frontend,graph
0x1a7db8,game,loose
0x1a7f40,frontend,loose
0x1a8110,frontend,loose
0x1a82e8,hud,graph
0x1a8638,audio,loose
0x1a8648,frontend,graph
0x1a8658,frontend,loose
0x1a8668,game,graph
0x1a8678,audio,loose
0x1a8688,frontend,graph
0x1a87a0,frontend,neighbour
0x1a8900,frontend,graph
0x1a89b0,frontend,neighbour
0x1a8ad8,frontend,neighbour
0x1a8b70,frontend,neighbour
0x1a8c50,frontend,loose
0x1a8e10,frontend,loose
0x1a8f28,frontend,loose
0x1a8fa0,hud,graph
0x1a91c8,hud,graph
0x1a9928,hud,graph
0x1a9bb8,frontend,graph
0x1a9f80,frontend,neighbour
0x1aa090,frontend,graph
0x1aa268,hud,graph
0x1aa630,hud,graph
0x1aac08,frontend,graph
0x1aacb0,frontend,graph
0x1aae10,frontend,neighbour
0x1aae88,frontend,graph
0x1aaec0,hud,graph
0x1ab028,game,graph
0x1ab148,frontend,graph
0x1ab1a0,hud,graph
0x1ab9f8,frontend,graph
0x1abc00,frontend,graph
0x1abe70,hud,graph
0x1ac080,hud,graph
0x1ac130,frontend,graph
0x1ac410,frontend,graph
0x1ac580,frontend,graph
0x1ac678,frontend,neighbour
0x1ac7e0,frontend,graph
0x1ace00,frontend,graph
0x1ad198,frontend,graph
0x1ad628,hud,graph
0x1add28,audio,graph
0x1af470,frontend,graph
0x1af720,frontend,graph
0x1af950,race,graph
0x1b0188,race,graph
0x1b07f8,frontend,loose
0x1b0998,ai,graph
0x1b0bb8,race,graph
0x1b1278,race,graph
0x1b16f0,race,graph
0x1b1aa8,race,neighbour
0x1b1ba8,race,graph
0x1b2158,hud,graph
0x1b2428,ai,graph
0x1b32c0,frontend,graph
0x1b38f0,frontend,graph
0x1b3a00,frontend,graph
0x1b3e30,hud,graph
0x1b3ec8,game,loose
0x1b3f50,frontend,graph
0x1b4120,frontend,graph
0x1b4250,frontend,graph
0x1b44c0,frontend,graph
0x1b4890,frontend,loose
0x1b4950,hud,graph
0x1b4d98,hud,graph
0x1b5878,frontend,graph
0x1b58c0,frontend,graph
0x1b5bf8,race,graph
0x1b5ef8,race,graph
0x1b65f0,hud,graph
0x1b6ac0,game,loose
0x1b6b90,frontend,graph
0x1b6d60,frontend,graph
0x1b73e0,hud,graph
0x1b7d98,race,graph
0x1b81b8,race,graph
0x1b8568,frontend,graph
0x1b8658,frontend,neighbour
0x1ba300,frontend,neighbour
0x1ba330,frontend,graph
0x1ba788,frontend,graph
0x1bbb30,frontend,graph
0x1bbf20,hud,graph
0x1bc8a0,frontend,graph
0x1bcd28,hud,graph
0x1bd190,frontend,graph
0x1bd2b0,frontend,graph
0x1bd310,frontend,graph
0x1bd358,frontend,graph
0x1bd3b8,hud,graph
0x1bd898,hud,loose
0x1bdc10,frontend,graph
0x1bdf68,frontend,graph
0x1be2c8,frontend,graph
0x1beab8,frontend,graph
0x1becd8,frontend,graph
0x1bef08,frontend,graph
0x1bf130,frontend,graph
0x1bf348,frontend,graph
0x1bf580,frontend,graph
0x1bf918,frontend,graph
0x1bfa08,frontend,graph
0x1bfa30,race,graph
0x1bfa50,race,graph
0x1bfab0,race,neighbour
0x1bfac8,race,graph
0x1bfb10,race,graph
0x1bfb20,race,graph
0x1bfc70,frontend,graph
0x1c0020,frontend,neighbour
0x1c0340,render,loose
0x1c03e8,render,loose
0x1c04f8,render,loose
0x1c0560,render,loose
0x1c05d8,render,loose
0x1c06a0,render,loose
0x1c08a8,render,loose
0x1c08f0,render,loose
0x1c0920,render,loose
0x1c0958,render,loose
0x1c0990,render,loose
0x1c09c8,render,loose
0x1c09d0,render,neighbour
0x1c0b60,render,neighbour
0x1c0c70,render,neighbour
0x1c0cd8,render,graph
0x1c0da8,render,graph
0x1c0e78,render,graph
0x1c0ef8,render,neighbour
0x1c17c0,render,neighbour
0x1c1ab8,render,neighbour
0x1c1bd0,render,neighbour
0x1c1d58,render,graph
0x1c1f50,render,graph
0x1c3348,render,graph
0x1c3480,render,neighbour
0x1c3560,render,graph
0x1c3650,render,neighbour
0x1c3760,render,neighbour
0x1c3818,render,neighbour
0x1c3ba8,render,graph
0x1c3d88,render,neighbour
0x1c3f68,render,neighbour
0x1c4088,render,neighbour
0x1c4158,render,graph
0x1c41a0,render,neighbour
0x1c4220,render,neighbour
0x1c4270,render,neighbour
0x1c42a0,render,neighbour
0x1c4340,render,neighbour
0x1c4468,render,neighbour
0x1c4638,render,neighbour
0x1c4650,render,graph
0x1c4c38,render,graph
0x1c4d30,render,graph
0x1c4d68,render,graph
0x1c4ee8,render,graph
0x1c4f28,render,graph
0x1c4fe0,render,graph
0x1c51f0,render,graph
0x1c5368,render,loose
0x1c5c88,render,loose
0x1c6f98,render,loose
0x1c7068,render,loose
0x1c7088,render,loose
0x1c7290,debugmenu,loose
0x1c72e8,debugmenu,graph
0x1c7900,world,neighbour
0x1c7e90,camera,graph
0x1c8bc8,render,loose
0x1c8c38,boarder,loose
0x1c8c70,boarder,loose
0x1c8ec8,world,graph
0x1c9130,render,loose
0x1c91c0,game,loose
0x1c9218,render,loose
0x1c9310,render,neighbour
0x1c9388,render,neighbour
0x1c9a18,render,neighbour
0x1c9b20,frontend,graph
0x1c9b60,world,graph
0x1c9ba8,world,neighbour
0x1c9cd0,world,neighbour
0x1c9d50,world,neighbour
0x1c9d58,world,graph
0x1ca2c8,render,loose
0x1ca320,render,neighbour
0x1caef8,frontend,loose
0x1cb078,animation,graph
0x1cb0d8,animation,graph
0x1cb150,animation,loose
0x1cb198,world,graph
0x1cb210,ai,graph
0x1cb278,animation,graph
0x1cb658,animation,neighbour
0x1cb718,animation,graph
0x1cb768,animation,graph
0x1cb8b0,animation,graph
0x1cb960,animation,graph
0x1cba68,animation,loose
0x1cbbc8,frontend,graph
0x1cc088,world,loose
0x1cc190,camera,graph
0x1cd040,boarder,loose
0x1ce0f0,render,loose
0x1ce140,common,common
0x1ce278,frontend,graph
0x1ce310,world,graph
0x1ce490,frontend,graph
0x1ce5b0,frontend,graph
0x1ce6b8,frontend,neighbour
0x1ce700,frontend,neighbour
0x1ce730,frontend,neighbour
0x1ce778,frontend,graph
0x1ce880,frontend,neighbour
0x1ce8b0,frontend,graph
0x1ce8f8,frontend,neighbour
0x1cee68,frontend,graph
0x1ceeb0,frontend,graph
0x1ceee0,frontend,graph
0x1cf040,frontend,graph
0x1cf628,hud,graph
0x1cf648,hud,neighbour
0x1cf698,hud,neighbour
0x1cf6e8,hud,loose
0x1cf8d0,frontend,loose
0x1cf918,frontend,loose
0x1cfaa8,frontend,loose
0x1cfbc8,frontend,loose
0x1cfcf8,frontend,loose
0x1cfee0,frontend,loose
0x1d0150,frontend,loose
0x1d0240,frontend,loose
0x1d02e8,frontend,loose
0x1d0358,frontend,loose
0x1d0420,frontend,loose
0x1d04d8,frontend,loose
0x1d05f8,frontend,loose
0x1d06a8,frontend,loose
0x1d0740,frontend,loose
0x1d07d8,frontend,loose
0x1d0870,frontend,loose
0x1d08b8,frontend,graph
0x1d0a38,frontend,neighbour
0x1d0f20,frontend,neighbour
0x1d0ff0,frontend,neighbour
0x1d10b8,frontend,neighbour
0x1d1268,frontend,neighbour
0x1d12f0,frontend,neighbour
0x1d1498,frontend,neighbour
0x1d1720,frontend,neighbour
0x1d17c8,frontend,neighbour
0x1d1978,frontend,neighbour
0x1d1a10,frontend,neighbour
0x1d1ac0,frontend,neighbour
0x1d1bc0,frontend,neighbour
0x1d1c30,frontend,neighbour
0x1d1d80,frontend,graph
0x1d1dd8,frontend,neighbour
0x1d1e30,frontend,neighbour
0x1d1e88,frontend,neighbour
0x1d1eb8,frontend,neighbour
0x1d1f18,frontend,neighbour
0x1d1f60,frontend,neighbour
0x1d1fd0,frontend,neighbour
0x1d2010,frontend,neighbour
0x1d2078,frontend,graph
0x1d2140,frontend,graph
0x1d21a0,frontend,graph
0x1d21c0,frontend,graph
0x1d2d50,frontend,graph
0x1d2f60,frontend,graph
0x1d2fa0,frontend,graph
0x1d2fc8,frontend,graph
0x1d2fe8,frontend,graph
0x1d3818,frontend,loose
0x1d3b88,game,loose
0x1d3b90,game,graph
0x1d3bb0,game,neighbour
0x1d3c00,game,neighbour
0x1d3e40,game,neighbour
0x1d3f30,game,neighbour
0x1d41c0,game,neighbour
0x1d41c8,game,neighbour
0x1d41d0,game,neighbour
0x1d41d8,game,neighbour
0x1d4258,game,graph
0x1d42f0,game,graph
0x1d4338,frontend,graph
0x1d4790,game,loose
0x1d47c0,game,loose
0x1d47f0,game,graph
0x1d4ce0,game,neighbour
0x1d4cf0,game,neighbour
0x1d4d00,game,graph
0x1d4d08,game,graph
0x1d4d78,game,graph
0x1d5180,world,graph
0x1d52e8,world,neighbour
0x1d5300,world,neighbour
0x1d5338,world,neighbour
0x1d5380,world,neighbour
0x1d5418,world,neighbour
0x1d54e0,world,neighbour
0x1d5548,world,neighbour
0x1d5570,world,neighbour
0x1d5790,world,neighbour
0x1d58e0,world,neighbour
0x1d59e0,world,graph
0x1d59f0,world,graph
0x1d5a08,world,neighbour
0x1d5a30,world,graph
0x1d5b60,world,loose
0x1d8488,ai,graph
0x1d8490,world,graph
0x1d8ac8,world,graph
0x1d8b00,world,graph
0x1d8b20,world,graph
0x1d8bc8,world,neighbour
0x1d8d48,world,graph
0x1d8d80,ai,graph
0x1d8e30,frontend,loose
0x1d8fd8,world,loose
0x1d9018,world,loose
0x1d9060,boarder,loose
0x1d9108,boarder,loose
0x1d9138,world,loose
0x1d9208,world,graph
0x1d9700,render,loose
0x1d9a68,render,neighbour
0x1d9b38,render,neighbour
0x1d9be0,render,graph
0x1da5c8,render,graph
0x1db150,render,neighbour
0x1db1c8,render,graph
0x1db1e8,render,graph
0x1db4f8,render,graph
0x1db530,render,neighbour
0x1db640,render,graph
0x1db908,render,neighbour
0x1db9f0,render,neighbour
0x1dba58,render,neighbour
0x1dea88,render,graph
0x1deb40,render,graph
0x1debd0,render,neighbour
0x1dec38,render,graph
0x1e04b8,render,neighbour
0x1e05d0,render,neighbour
0x1e0680,render,neighbour
0x1e06e0,render,graph
0x1e09e0,render,loose
0x1e0fb8,game,graph
0x1e1ec8,render,neighbour
0x1e1f28,render,neighbour
0x1e3fa8,render,neighbour
0x1e3fe0,render,neighbour
0x1e4028,render,neighbour
0x1e4060,render,neighbour
0x1e40a0,render,neighbour
0x1e40f0,render,graph
0x1e4120,render,neighbour
0x1e4140,render,neighbour
0x1e4288,render,neighbour
0x1e4e20,render,graph
0x1e4eb8,render,graph
0x1e50d8,render,neighbour
0x1e64d8,render,neighbour
0x1e6670,render,neighbour
0x1e7298,render,neighbour
0x1e74e8,render,neighbour
0x1e7cf8,render,graph
0x1e7d38,render,graph
0x1e7da0,render,graph
0x1e7e08,render,neighbour
0x1e7fc0,render,neighbour
0x1e80a0,render,graph
0x1e81f8,render,neighbour
0x1e85b0,render,graph
0x1e8838,render,graph
0x1e88c8,render,neighbour
0x1e8ea0,render,neighbour
0x1e9128,render,graph
0x1ea0c0,render,neighbour
0x1ea408,frontend,graph
0x1ea4d0,frontend,graph
0x1eb5d0,frontend,graph
0x1ecea0,frontend,loose
0x1ed490,frontend,loose
0x1edef0,frontend,loose
0x1ee660,frontend,loose
0x1ee6e8,frontend,loose
0x1ee720,hud,graph
0x1eee00,hud,graph
0x1ef610,frontend,graph
0x1ef750,frontend,graph
0x1ef7f0,frontend,graph
0x1ef918,frontend,neighbour
0x1ef990,frontend,loose
0x1efdb0,game,graph
0x1efe38,hud,graph
0x1efef0,frontend,loose
0x1f00c8,frontend,graph
0x1f01e8,hud,graph
0x1f08d0,frontend,neighbour
0x1f0e58,frontend,neighbour
0x1f0e60,frontend,neighbour
0x1f0e80,frontend,neighbour
0x1f0f48,frontend,neighbour
0x1f10c0,frontend,graph
0x1f1128,game,loose
0x1f11c0,race,graph
0x1f12d0,game,graph
0x1f1448,game,graph
0x1f1488,game,graph
0x1f7f28,game,graph
0x1f8c98,hud,loose
0x1f93c8,hud,neighbour
0x1f9550,hud,neighbour
0x1f9608,hud,neighbour
0x1f9660,hud,neighbour
0x1f9798,hud,neighbour
0x1f9970,hud,neighbour
0x1f99f8,hud,graph
0x1f9a80,game,graph
0x1f9b08,hud,loose
0x1f9b90,hud,loose
0x1f9c18,hud,loose
0x1f9ca0,frontend,graph
0x1f9d28,hud,loose
0x1f9e50,common,common
0x1f9ee8,frontend,loose
0x1f9f38,render,loose
0x1fa108,ai,graph
0x1fa480,ai,graph
0x1fa838,boarder,loose
0x1fa8d8,boarder,graph
0x1fb3c8,game,loose
0x1fb600,render,loose
0x1fb690,render,neighbour
0x1fb920,render,loose
0x1fbbb0,render,neighbour
0x1fbe98,render,graph
0x1fc178,frontend,graph
0x1fc330,frontend,neighbour
0x1fc728,frontend,graph
0x1fccc8,frontend,loose
0x1feaf0,boarder,graph
0x1fecc8,game,loose
0x1ff000,debugmenu,loose
0x1ff2b0,race,loose
0x1ff4c8,race,graph
0x1ff648,frontend,graph
0x1ff6a0,race,loose
0x1ff6f0,audio,graph
0x1ff820,audio,neighbour
0x1ff890,audio,graph
0x1ff928,audio,neighbour
0x1ff988,audio,neighbour
0x1ff990,audio,neighbour
0x1ffa10,audio,neighbour
0x1ffa38,audio,neighbour
0x1ffa88,audio,neighbour
0x1ffb80,audio,neighbour
0x1ffbd8,audio,graph
0x1ffd80,frontend,graph
0x1ffe70,audio,loose
0x1fff30,frontend,loose
0x200098,frontend,graph
0x2000f0,audio,graph
0x200148,audio,loose
0x2001a0,frontend,loose
0x2002e8,frontend,loose
0x200390,world,graph
0x200680,world,neighbour
0x2006e8,world,graph
0x2008f8,world,graph
0x2010c8,render,loose
0x201118,render,loose
0x201138,boarder,graph
0x201788,frontend,loose
0x201790,boarder,loose
0x201ad8,frontend,loose
0x201b50,frontend,graph
0x201c20,common,common
0x201e68,boarder,loose
0x2021f8,boarder,graph
0x202520,animation,loose
0x202758,animation,loose
0x2027f0,animation,loose
0x202868,animation,loose
0x202930,animation,loose
0x202990,animation,loose
0x2029d8,animation,loose
0x202b00,animation,loose
0x203ae0,animation,loose
0x203b98,world,loose
0x203bd8,boarder,graph
0x203c20,boarder,graph
0x203d40,render,graph
0x203e88,render,neighbour
0x203e98,render,neighbour
0x203f08,render,graph
0x203f60,render,neighbour
0x203fa0,render,neighbour
0x203fd0,render,neighbour
0x203ff8,render,neighbour
0x204048,render,neighbour
0x204068,render,graph
0x2042a0,boarder,loose
0x2042e8,boarder,loose
0x2043b0,boarder,loose
0x2043f8,boarder,loose
0x2044c0,render,loose
0x204588,boarder,loose
0x204598,render,loose
0x205018,game,graph
0x205080,render,graph
0x2054f0,render,loose
0x2055c0,render,loose
0x205670,render,loose
0x2057a0,boarder,graph
0x2059f8,boarder,neighbour
0x205a78,boarder,graph
0x205e98,boarder,graph
0x206ac0,render,graph
0x206b60,render,neighbour
0x206b88,render,neighbour
0x206c10,render,neighbour
0x206d68,render,neighbour
0x206e30,render,neighbour
0x206ea0,render,neighbour
0x206f10,render,neighbour
0x206f80,render,neighbour
0x207040,render,neighbour
0x2070a8,render,neighbour
0x2070e8,render,neighbour
0x207198,render,neighbour
0x207b58,render,neighbour
0x207c30,render,graph
0x207e50,render,neighbour
0x207f18,render,neighbour
0x208010,render,graph
0x208220,render,loose
0x2082b8,render,loose
0x208328,render,loose
0x208398,boarder,graph
0x2083d8,boarder,graph
0x2083e8,boarder,graph
0x2083f8,boarder,graph
0x208400,boarder,neighbour
0x208468,boarder,loose
0x208488,render,graph
0x2086d8,audio,graph
0x208950,audio,graph
0x208b78,audio,graph
0x208c48,audio,neighbour
0x208cb0,audio,neighbour
0x208ed8,audio,neighbour
0x209088,audio,graph
0x209408,audio,graph
0x209a98,frontend,graph
0x209aa0,audio,graph
0x209b40,audio,neighbour
0x209c18,audio,neighbour
0x209c48,audio,graph
0x209ca8,audio,graph
0x209cf8,audio,graph
0x209f10,audio,graph
0x209f70,audio,neighbour
0x20a038,audio,graph
0x20a0b0,audio,neighbour
0x20a118,audio,neighbour
0x20a170,audio,graph
0x20a1b8,audio,graph
0x20a218,audio,neighbour
0x20a268,audio,neighbour
0x20a2f0,audio,neighbour
0x20a460,audio,graph
0x20a508,audio,graph
0x20a520,audio,graph
0x20a5d0,audio,graph
0x20a5f0,game,graph
0x20a608,audio,graph
0x20a628,audio,graph
0x20a6b0,audio,graph
0x20a6e0,audio,graph
0x20a888,audio,neighbour
0x20a8c0,audio,neighbour
0x20a8e0,audio,graph
0x20a9d8,audio,graph
0x20aa20,audio,graph
0x20aab8,audio,neighbour
0x20ab28,audio,neighbour
0x20ab48,audio,neighbour
0x20aba8,audio,neighbour
0x20abb8,audio,neighbour
0x20abf8,audio,neighbour
0x20ac08,audio,neighbour
0x20ac50,audio,graph
0x20ad38,audio,graph
0x20ae28,audio,graph
0x20b0b8,audio,graph
0x20b158,audio,graph
0x20b688,audio,graph
0x20b700,audio,graph
0x20b948,audio,graph
0x20b9b0,audio,graph
0x20ba00,audio,graph
0x20bb98,audio,neighbour
0x20bc60,audio,neighbour
0x20bce8,audio,graph
0x20bd68,audio,graph
0x20bfe8,audio,loose
0x20c040,frontend,graph
0x20c098,audio,graph
0x20c0e0,audio,graph
0x20c0f8,audio,graph
0x20c148,audio,graph
0x20c200,audio,graph
0x20c2a0,frontend,graph
0x20c308,audio,graph
0x20c380,audio,graph
0x20c3e8,frontend,graph
0x20c560,audio,graph
0x20c610,audio,graph
0x20c948,audio,graph
0x20cdb0,audio,neighbour
0x20ce30,audio,graph
0x20d0d0,audio,graph
0x20d2d8,audio,neighbour
0x20d4d0,audio,neighbour
0x20d6b0,audio,neighbour
0x20d928,audio,graph
0x20d9f0,audio,graph
0x20da50,frontend,graph
0x20dad0,frontend,neighbour
0x20db18,frontend,graph
0x20ed20,audio,graph
0x20f160,audio,graph
0x20f430,audio,loose
0x20f530,frontend,graph
0x20f578,frontend,graph
0x20f630,audio,graph
0x20f8c0,audio,graph
0x20f908,audio,graph
0x20f998,audio,graph
0x20f9b0,audio,graph
0x20fa80,audio,neighbour
0x20fb68,audio,graph
0x20fc60,audio,graph
0x20fce0,audio,graph
0x210048,audio,graph
0x2106c0,audio,graph
0x210a38,audio,graph
0x210ad0,audio,graph
0x210b50,audio,graph
0x210c38,audio,graph
0x211098,audio,graph
0x211960,audio,graph
0x211b18,audio,neighbour
0x211b58,audio,graph
0x211db0,frontend,graph
0x211f20,frontend,graph
0x211f38,audio,graph
0x211f50,audio,neighbour
0x211f68,audio,neighbour
0x211f90,audio,neighbour
0x211fb8,audio,graph
0x212018,audio,loose
0x212210,save,graph
0x212270,save,graph
0x212300,audio,neighbour
0x212348,audio,neighbour
0x2123c8,audio,neighbour
0x2123f8,audio,neighbour
0x212428,audio,graph
0x212680,audio,graph
0x2128d8,audio,graph
0x212960,audio,graph
0x2129f8,audio,graph
0x212e98,audio,graph
0x2138f0,frontend,graph
0x213b38,audio,graph
0x213d60,audio,graph
0x213f88,audio,graph
0x2141d0,audio,graph
0x214428,audio,graph
0x214650,audio,graph
0x214878,game,graph
0x2148c8,game,graph
0x214910,game,graph
0x214d10,game,neighbour
0x214d78,game,graph
0x214dd0,hud,loose
0x214e00,audio,graph
0x214e08,audio,graph
0x2151c8,audio,graph
0x215370,audio,graph
0x2153f8,frontend,graph
0x215458,frontend,neighbour
0x215488,frontend,graph
0x2154e0,audio,graph
0x215658,audio,neighbour
0x215998,audio,graph
0x215c28,audio,neighbour
0x215f18,audio,graph
0x2162f0,audio,graph
0x2168f8,audio,neighbour
0x216930,audio,neighbour
0x216960,audio,graph
0x216c50,audio,graph
0x216d58,audio,graph
0x2174f8,audio,graph
0x217d50,audio,graph
0x2181e8,audio,graph
0x218318,audio,neighbour
0x218328,audio,graph
0x218700,audio,graph
0x218b20,frontend,graph
0x218b68,audio,loose
0x218b78,audio,graph
0x218e20,audio,neighbour
0x218e28,audio,graph
0x218eb0,audio,graph
0x2190f0,audio,graph
0x2191c0,audio,graph
0x219258,audio,graph
0x2192a8,audio,graph
0x219760,audio,neighbour
0x2197d8,audio,graph
0x219a48,audio,graph
0x219d70,audio,graph
0x219fc0,audio,graph
0x21a210,audio,graph
0x21a468,audio,graph
0x21a498,audio,neighbour
0x21a548,audio,graph
0x21a640,audio,graph
0x21a6a8,audio,graph
0x21a6f0,audio,graph
0x21a710,audio,neighbour
0x21a740,audio,graph
0x21a788,audio,graph
0x21a7c8,audio,graph
0x21ae90,audio,graph
0x21b440,audio,graph
0x21b628,audio,graph
0x21b718,audio,graph
0x21bca8,audio,neighbour
0x21bfd0,audio,graph
0x21c010,frontend,graph
0x21c078,audio,graph
0x21c0a0,audio,graph
0x21c4d0,audio,graph
0x21c510,audio,graph
0x21c6c0,audio,graph
0x21c6d0,audio,graph
0x21c808,audio,neighbour
0x21c868,audio,neighbour
0x21c8a8,audio,neighbour
0x21c8e8,audio,neighbour
0x21c930,audio,neighbour
0x21c960,audio,graph
0x21c9a8,audio,graph
0x21ca20,frontend,graph
0x21ce78,audio,graph
0x21cf38,audio,graph
0x21cfa0,audio,graph
0x21d078,frontend,graph
0x21d0b0,boarder,loose
0x21d0c0,audio,graph
0x21d5c8,audio,neighbour
0x21d610,audio,graph
0x21d680,audio,graph
0x21d9b0,audio,graph
0x21dce0,audio,graph
0x21ddc0,audio,graph
0x21dfe8,audio,graph
0x21e248,audio,graph
0x21e498,audio,loose
0x21e4f0,frontend,graph
0x21e528,audio,graph
0x21e688,frontend,graph
0x21e690,frontend,graph
0x21e738,game,loose
0x21e788,render,graph
0x21e7e0,audio,graph
0x21e8a0,audio,neighbour
0x21e8d8,audio,neighbour
0x21e8f0,audio,graph
0x21e9d0,audio,graph
0x21ea48,audio,neighbour
0x21eb10,audio,neighbour
0x21eb70,audio,graph
0x21eca8,audio,loose
0x21ece0,render,graph
0x21ed30,audio,loose
0x21ed98,world,graph
0x21edf0,render,graph
0x21ee70,render,loose
0x21ef58,frontend,graph
0x21efb0,audio,graph
0x21fc68,audio,neighbour
0x21fc98,audio,graph
0x2201f8,frontend,graph
0x220338,frontend,graph
0x2203a8,audio,graph
0x220538,audio,graph
0x2206c8,audio,loose
0x2206e0,frontend,graph
0x220720,frontend,graph
0x220850,audio,graph
0x2208e0,render,graph
0x220968,audio,graph
0x2209c8,render,graph
0x220bb8,render,graph
0x220ce8,audio,graph
0x220f98,frontend,graph
0x221000,audio,graph
0x221068,audio,graph
0x221088,audio,graph
0x2210a8,audio,graph
0x2210c8,audio,graph
0x2210e8,audio,neighbour
0x2212a0,audio,graph
0x221330,audio,neighbour
0x2213c8,audio,graph
0x2213f8,audio,neighbour
0x221428,audio,neighbour
0x2214a8,audio,graph
0x221538,render,graph
0x2215a8,audio,graph
0x221668,audio,graph
0x221788,audio,graph
0x2217d8,audio,graph
0x2217f0,audio,graph
0x2218c0,audio,graph
0x221918,audio,graph
0x221988,audio,graph
0x221a00,audio,graph
0x221af0,audio,graph
0x221b60,audio,graph
0x221be8,audio,graph
0x221c90,audio,graph
0x221d58,audio,graph
0x221da0,audio,graph
0x221de8,audio,graph
0x221e90,audio,graph
0x221ef8,audio,graph
0x221f70,audio,graph
0x221fd8,audio,graph
0x222080,audio,neighbour
0x222100,audio,neighbour
0x222160,audio,graph
0x222358,audio,graph
0x222798,audio,graph
0x222888,audio,neighbour
0x222998,audio,neighbour
0x2229b0,audio,neighbour
0x2229d0,audio,neighbour
0x222a78,audio,neighbour
0x222a88,audio,neighbour
0x222ab8,audio,neighbour
0x222ac8,audio,neighbour
0x222ad8,audio,neighbour
0x222ae0,audio,neighbour
0x222b10,audio,neighbour
0x222ba0,audio,graph
0x222c30,audio,neighbour
0x222c50,audio,neighbour
0x222cc0,audio,graph
0x222db0,audio,neighbour
0x222df0,audio,graph
0x222fb0,audio,graph
0x222fe8,audio,graph
0x223098,audio,neighbour
0x223128,audio,neighbour
0x223158,audio,graph
0x2231a8,audio,neighbour
0x2231d8,audio,graph
0x223450,audio,graph
0x2234e0,audio,graph
0x2235a0,audio,graph
0x223648,audio,graph
0x223710,audio,graph
0x223780,audio,graph
0x223950,audio,graph
0x223a90,audio,graph
0x223ac0,audio,graph
0x223b70,audio,graph
0x223b78,audio,graph
0x223c40,audio,graph
0x223ca8,audio,graph
0x223d60,audio,graph
0x224368,audio,graph
0x2243e8,audio,graph
0x224420,audio,graph
0x224458,audio,graph
0x224470,audio,graph
0x224488,audio,graph
0x224498,audio,graph
0x2245b8,audio,graph
0x224620,audio,graph
0x224658,audio,graph
0x2246a8,audio,graph
0x224768,audio,graph
0x224790,audio,graph
0x2247c0,audio,graph
0x2247f8,audio,graph
0x224840,audio,graph
0x224898,audio,graph
0x2248b8,audio,graph
0x2248f8,audio,graph
0x224918,audio,graph
0x224978,audio,graph
0x2249c0,audio,graph
0x224a98,audio,graph
0x224c90,audio,graph
0x224cf8,audio,graph
0x224e68,audio,graph
0x225090,audio,graph
0x225240,frontend,graph
0x225260,frontend,graph
0x225280,audio,graph
0x225380,audio,graph
0x225428,audio,loose
0x225468,frontend,graph
0x225588,audio,graph
0x2255c0,audio,graph
0x225618,audio,neighbour
0x225660,audio,graph
0x2256a0,audio,graph
0x2256c0,audio,graph
0x225768,audio,graph
0x2257d8,audio,graph
0x225850,audio,neighbour
0x225948,audio,neighbour
0x225958,audio,graph
0x2259d0,audio,graph
0x225a90,audio,graph
0x225ac8,audio,graph
0x225b10,audio,graph
0x225b58,audio,graph
0x225ba0,audio,graph
0x225be8,audio,graph
0x225c40,audio,graph
0x225ca8,audio,graph
0x225ce0,audio,neighbour
0x225d80,audio,neighbour
0x225e98,audio,graph
0x225fa8,audio,neighbour
0x226370,audio,neighbour
0x2266a8,audio,neighbour
0x226848,audio,neighbour
0x226cc0,audio,graph
0x226dd8,audio,graph
0x226e58,audio,neighbour
0x227350,audio,neighbour
0x227508,audio,neighbour
0x227708,audio,neighbour
0x227960,audio,neighbour
0x227b38,audio,neighbour
0x227c20,audio,neighbour
0x227c40,audio,neighbour
0x227ca8,audio,neighbour
0x227cb8,audio,graph
0x227d70,audio,graph
0x228168,audio,neighbour
0x2282e0,audio,graph
0x228370,audio,neighbour
0x2283a8,audio,neighbour
0x228400,audio,graph
0x2286e8,audio,neighbour
0x228700,audio,graph
0x228728,audio,graph
0x2287d8,render,graph
0x228830,audio,graph
0x2288d8,audio,neighbour
0x228958,audio,graph
0x228998,frontend,graph
0x228a00,audio,graph
0x228ac0,audio,graph
0x228ae8,audio,graph
0x228b88,audio,graph
0x228bb0,audio,graph
0x228bd8,audio,loose
0x228c80,frontend,loose
0x228d10,frontend,graph
0x228dd0,audio,graph
0x228e10,audio,graph
0x228e38,audio,neighbour
0x228fb0,audio,loose
0x229268,render,graph
0x2292e8,audio,loose
0x229348,audio,graph
0x229398,audio,graph
0x2293a0,audio,graph
0x2293e0,audio,graph
0x229490,audio,graph
0x2294d8,audio,graph
0x229530,audio,graph
0x229578,audio,graph
0x2295c0,audio,graph
0x2295f8,audio,graph
0x229628,audio,graph
0x229658,audio,graph
0x229680,audio,graph
0x2296b0,audio,neighbour
0x2296c0,audio,graph
0x229710,audio,graph
0x229740,audio,graph
0x229770,audio,neighbour
0x2297f0,audio,neighbour
0x229868,audio,graph
0x229870,audio,graph
0x229890,audio,graph
0x229948,render,graph
0x2299f8,audio,loose
0x229ae8,audio,graph
0x229d18,audio,graph
0x229d40,audio,neighbour
0x229d98,audio,graph
0x229e00,audio,neighbour
0x229e68,audio,neighbour
0x229ed0,audio,neighbour
0x229f18,audio,graph
0x229f60,audio,graph
0x229fa0,audio,graph
0x229fc8,audio,graph
0x22a008,audio,graph
0x22a048,audio,graph
0x22a088,audio,graph
0x22a0c8,audio,graph
0x22a120,audio,graph
0x22a178,audio,graph
0x22a1e0,audio,neighbour
0x22a228,audio,graph
0x22a278,audio,graph
0x22a2b8,audio,loose
0x22a470,render,loose
0x22a4c8,render,graph
0x22a518,render,neighbour
0x22a588,render,graph
0x22a5f0,race,loose
0x22a6d8,camera,graph
0x22aaa0,camera,graph
0x22acc0,camera,graph
0x22b008,camera,graph
0x22baf8,audio,neighbour
0x22bc40,audio,neighbour
0x22bd68,audio,neighbour
0x22be18,audio,neighbour
0x22be88,audio,neighbour
0x22bec0,audio,neighbour
0x22bf30,audio,neighbour
0x22c5a0,frontend,graph
0x22c610,audio,graph
0x22c638,audio,neighbour
0x22c648,audio,graph
0x22d080,audio,neighbour
0x22d098,audio,neighbour
0x22d168,audio,neighbour
0x22d188,audio,neighbour
0x22d1b8,audio,neighbour
0x22d260,audio,neighbour
0x22d370,audio,graph
0x22d408,frontend,graph
0x22d480,frontend,graph
0x22d508,audio,graph
0x22dc38,audio,neighbour
0x22dc88,audio,neighbour
0x22dce0,audio,graph
0x22e1b8,audio,neighbour
0x22e240,audio,neighbour
0x22e270,audio,neighbour
0x22e2d0,audio,neighbour
0x22e338,audio,graph
0x22e360,audio,graph
0x22e388,audio,loose
0x22e3f0,audio,loose
0x22e400,race,graph
0x22e4e0,frontend,graph
0x22e550,frontend,graph
0x22e5a8,frontend,graph
0x22e6a8,audio,loose
0x22e778,audio,loose
0x22e7c0,audio,neighbour
0x22e838,audio,neighbour
0x22e8c0,audio,loose
0x22e8f8,audio,loose
0x22e980,audio,neighbour
0x22e9b8,audio,loose
0x22ea30,audio,loose
0x22eaa8,audio,neighbour
0x22eae0,audio,neighbour
0x22eb30,audio,loose
0x22eb68,audio,neighbour
0x22ebb8,audio,loose
0x22ec08,audio,neighbour
0x22ec40,audio,loose
0x22ec90,audio,loose
0x22ece0,audio,loose
0x22ed30,boarder,loose
0x22edc8,audio,loose
0x22ee00,audio,loose
0x22ee38,audio,loose
0x22ee88,audio,loose
0x22eed8,audio,loose
0x22ef28,audio,loose
0x22efa0,audio,loose
0x22f018,audio,neighbour
0x22f068,audio,loose
0x22f0a0,audio,loose
0x22f0d8,audio,loose
0x22f128,audio,loose
0x22f160,audio,loose
0x22f1b0,audio,loose
0x22f200,audio,loose
0x22f238,audio,loose
0x22f270,audio,graph
0x22f2c0,audio,neighbour
0x22f2f8,audio,loose
0x22f330,audio,loose
0x22f390,audio,loose
0x22f3f0,audio,loose
0x22f450,audio,loose
0x22f4b0,audio,loose
0x22f510,audio,neighbour
0x22f570,audio,neighbour
0x22f5d0,audio,loose
0x22f620,world,loose
0x22f680,world,loose
0x22f6e0,audio,loose
0x22f730,audio,loose
0x22f780,audio,loose
0x22f7d0,audio,loose
0x22f820,audio,loose
0x22fa30,world,loose
0x22fd00,audio,loose
0x22fda8,race,loose
0x22fe08,race,loose
0x22fe68,race,loose
0x22fec8,race,loose
0x22ff28,race,loose
0x22ffb0,audio,loose
0x230050,audio,neighbour
0x2300c8,audio,loose
0x230168,race,loose
0x2301c8,race,loose
0x230240,race,loose
0x2302c8,race,loose
0x230388,game,graph
0x230400,audio,loose
0x230500,race,loose
0x2305b0,race,neighbour
0x230610,race,graph
0x230660,race,neighbour
0x2306c0,race,neighbour
0x2307f0,race,graph
0x230880,race,loose
0x230910,race,loose
0x2309a8,common,common
0x230a00,audio,graph
0x230d78,audio,graph
0x230dd0,race,graph
0x230ee0,race,graph
0x230ff8,audio,graph
0x2310c8,race,graph
0x2312b0,audio,graph
0x231318,audio,graph
0x231398,game,graph
0x2314e0,audio,loose
0x231548,race,graph
0x2315e0,race,graph
0x231800,audio,graph
0x231af8,race,graph
0x231c50,race,graph
0x231ff8,frontend,graph
0x232240,race,graph
0x232330,race,graph
0x232498,audio,graph
0x233138,audio,neighbour
0x233220,audio,graph
0x2333e0,audio,graph
0x233448,audio,graph
0x2334b0,audio,graph
0x2336b8,audio,graph
0x233740,audio,graph
0x2337c8,audio,graph
0x233858,audio,graph
0x233950,audio,graph
0x233a18,audio,graph
0x233ab0,audio,neighbour
0x233b70,audio,graph
0x233ba0,audio,graph
0x233cb8,audio,graph
0x233d38,audio,graph
0x233e10,audio,graph
0x233e78,audio,graph
0x233ee0,boarder,graph
0x233ff0,audio,graph
0x234058,audio,graph
0x2340b8,audio,graph
0x234308,audio,graph
0x234558,audio,graph
0x234610,audio,graph
0x234698,audio,graph
0x234730,audio,graph
0x2347c8,audio,graph
0x234bb8,audio,graph
0x234c38,race,loose
0x234d00,world,graph
0x234f68,audio,graph
0x235090,world,graph
0x235170,audio,graph
0x235298,audio,graph
0x235398,audio,graph
0x235468,audio,graph
0x235530,audio,neighbour
0x2355c8,audio,neighbour
0x2356a0,audio,neighbour
0x2356f0,audio,neighbour
0x235710,audio,graph
0x235778,audio,neighbour
0x235780,audio,graph
0x235b70,frontend,graph
0x235ba8,audio,graph
0x235d58,audio,graph
0x235e70,render,graph
0x235fc8,boarder,loose
0x236000,world,loose
0x236050,boarder,loose
0x236128,boarder,graph
0x236130,world,loose
0x236190,game,loose
0x2361b0,boarder,loose
0x236498,world,loose
0x236758,boarder,loose
0x236830,boarder,loose
0x236a00,boarder,loose
0x236bb8,world,graph
0x237480,world,graph
0x237d50,world,graph
0x238640,world,graph
0x238af0,render,graph
0x238dd0,render,graph
0x238f50,render,graph
0x2391c8,world,graph
0x2391d0,world,graph
0x2391e8,world,graph
0x239340,world,neighbour
0x2394a8,world,neighbour
0x2395c0,world,graph
0x2396f8,render,graph
0x239750,render,loose
0x239930,render,neighbour
0x239960,render,neighbour
0x239b20,render,loose
0x239ba8,world,graph
0x239c38,world,neighbour
0x239c50,world,graph
0x239c98,world,graph
0x239d18,world,graph
0x239d60,world,graph
0x239f88,world,graph
0x23a160,world,graph
0x23a210,world,graph
0x23a2c0,render,graph
0x23a390,world,graph
0x23a490,world,graph
0x23a570,world,neighbour
0x23a728,world,neighbour
0x23a9a0,world,neighbour
0x23ab78,world,neighbour
0x23ada0,world,graph
0x23b520,render,graph
0x23b6b0,world,graph
0x23b6e8,world,graph
0x23bb70,frontend,graph
0x23bb98,frontend,neighbour
0x23bbe8,frontend,graph
0x23bc28,frontend,graph
0x23bcc0,frontend,graph
0x23bd10,frontend,graph
0x23be28,files,neighbour
0x23beb0,files,neighbour
0x23bf18,files,neighbour
0x23c7c8,files,graph
0x23c818,files,graph
0x23c9d0,frontend,graph
0x23d368,render,loose
0x23d3b0,common,common
0x23d420,render,graph
0x23d498,render,loose
0x23d4a8,world,graph
0x23d4c8,world,neighbour
0x23d4d8,world,neighbour
0x23d4f8,world,graph
0x23d560,world,loose
0x23d5b0,world,loose
0x23d5c0,ai,graph
0x23d5d0,common,common
0x23d628,save,loose
0x23d680,save,loose
0x23d6e0,save,loose
0x23d738,save,neighbour
0x23d770,save,loose
0x23d868,save,loose
0x23d908,save,graph
0x23db40,save,graph
0x23dd90,save,graph
0x23e0d0,save,graph
0x23e928,save,graph
0x23ea18,save,graph
0x23ea98,save,neighbour
0x23eac0,save,graph
0x23eb18,save,graph
0x23eb48,save,graph
0x23ed48,save,neighbour
0x23ed60,save,graph
0x23fcb8,save,neighbour
0x23fe38,save,neighbour
0x23ffb0,save,graph
0x2401b0,world,graph
0x2401c8,ai,graph
0x2401e0,world,graph
0x2402c0,world,loose
0x2403a8,render,graph
0x2408c8,render,graph
0x240a98,race,loose
0x240c78,race,loose
0x240e80,frontend,loose
0x240ed8,frontend,graph
0x240ef8,ai,loose
0x241bb8,ai,neighbour
0x241cf0,ai,neighbour
0x241d28,ai,neighbour
0x241dd8,ai,neighbour
0x241e28,ai,loose
0x241e48,camera,loose
0x241e88,camera,loose
0x241f78,camera,loose
0x241ff8,camera,loose
0x242210,camera,loose
0x242320,camera,loose
0x2424d0,camera,loose
0x242548,camera,loose
0x242578,camera,loose
0x2426f8,camera,loose
0x243368,camera,loose
0x2438c0,camera,loose
0x243a60,camera,graph
0x243b88,race,graph
0x243c78,frontend,graph
0x244330,race,graph
0x244540,game,graph
0x2447a8,game,neighbour
0x2449f8,game,graph
0x244ee8,game,neighbour
0x244fc8,game,graph
0x245598,game,graph
0x2455c0,game,neighbour
0x245840,frontend,graph
0x2459b0,game,neighbour
0x245a48,game,neighbour
0x245b68,game,neighbour
0x246700,race,graph
0x247a60,frontend,graph
0x2485f8,frontend,graph
0x249250,race,neighbour
0x249758,frontend,graph
0x24a188,race,graph
0x24b028,frontend,graph
0x24bbd0,race,graph
0x24c748,frontend,graph
0x24d1a0,race,graph
0x24d7f8,frontend,graph
0x24e228,game,neighbour
0x24ea20,frontend,graph
0x24f520,race,graph
0x250428,world,graph
0x2504f0,world,graph
0x250728,boarder,graph
0x2508b8,boarder,graph
0x250a48,boarder,graph
0x250c10,common,common
0x250d60,common,common
0x250e98,boarder,graph
0x250fd0,boarder,graph
0x2510f8,boarder,graph
0x2514c0,race,graph
0x251508,boarder,loose
0x251568,boarder,loose
0x2515c8,boarder,loose
0x251748,world,loose
0x251968,world,neighbour
0x2519b0,world,graph
0x251a28,ai,graph
0x251a98,world,loose
0x251ba0,race,loose
0x251c20,render,graph
0x251d18,render,graph
0x251d70,ai,loose
0x251db8,world,loose
0x251e60,world,loose
0x251ea8,race,loose
0x251ef8,render,graph
0x251f50,world,loose
0x252028,world,loose
0x2520a0,world,loose
0x2521e8,race,graph
0x2522e0,race,graph
0x252318,race,neighbour
0x2549f8,race,graph
0x254a28,common,common
0x254a50,race,neighbour
0x254a80,race,graph
0x254af0,race,neighbour
0x254b20,race,graph
0x254b50,race,graph
0x254b78,race,neighbour
0x254ba8,race,neighbour
0x254bb8,race,neighbour
0x254bf0,race,neighbour
0x254c28,race,neighbour
0x254c60,race,neighbour
0x254c98,race,neighbour
0x254cd0,race,neighbour
0x254d08,race,neighbour
0x254d40,race,neighbour
0x254d78,race,neighbour
0x254db0,race,neighbour
0x254de8,race,neighbour
0x254e20,race,neighbour
0x254e58,race,graph
0x254e98,race,graph
0x254ed8,race,neighbour
0x254f30,race,neighbour
0x254fb8,race,neighbour
0x255040,race,neighbour
0x2550c8,race,neighbour
0x255150,race,neighbour
0x2551d8,race,neighbour
0x255260,race,neighbour
0x255310,race,graph
0x2555a8,race,graph
0x255df0,race,graph
0x255e48,race,graph
0x255eb8,race,graph
0x255f08,race,graph
0x255ff0,race,graph
0x256080,race,graph
0x2575b0,game,loose
0x2575b8,game,loose
0x257630,game,loose
0x2576a8,world,loose
0x257708,world,loose
0x257780,world,loose
0x257810,boarder,loose
0x257d50,world,neighbour
0x257dc0,world,neighbour
0x259028,world,neighbour
0x259030,world,graph
0x259330,boarder,graph
0x25a028,world,loose
0x25a160,world,graph
0x25c690,world,graph
0x25c750,world,neighbour
0x25c798,world,neighbour
0x25d3d8,world,neighbour
0x25d7f0,boarder,graph
0x25ec30,world,neighbour
0x25ec60,world,neighbour
0x25ec88,world,neighbour
0x25ecb8,world,graph
0x25ece8,race,graph
0x25edf0,render,graph
0x25f498,render,graph
0x25f598,render,graph
0x25fd40,render,graph
0x25fe78,world,graph
0x25feb8,world,neighbour
0x260108,world,graph
0x260278,world,neighbour
0x260458,world,neighbour
0x2606f8,world,neighbour
0x260898,world,neighbour
0x2609b0,world,graph
0x2609d0,world,neighbour
0x260b18,world,neighbour
0x260ba8,world,neighbour
0x260ca0,world,graph
0x260cb8,world,neighbour
0x260d08,world,neighbour
0x260dd8,world,neighbour
0x260e68,world,neighbour
0x260f90,world,neighbour
0x260f98,world,neighbour
0x260fa0,world,neighbour
0x260fc0,world,neighbour
0x261608,world,neighbour
0x261638,world,graph
0x261b38,frontend,graph
0x261e98,frontend,neighbour
0x261ee0,frontend,neighbour
0x261f20,frontend,neighbour
0x261f60,frontend,neighbour
0x261fa0,frontend,neighbour
0x261fe0,frontend,neighbour
0x262020,frontend,neighbour
0x262060,frontend,neighbour
0x2620a0,frontend,neighbour
0x2620e0,frontend,neighbour
0x262120,frontend,neighbour
0x262160,frontend,neighbour
0x2621a0,frontend,neighbour
0x262228,frontend,neighbour
0x262260,frontend,neighbour
0x2622c8,frontend,neighbour
0x262300,frontend,neighbour
0x262338,frontend,neighbour
0x262388,frontend,neighbour
0x2623d8,frontend,graph
0x262438,frontend,graph
0x2624b8,frontend,neighbour
0x262508,frontend,neighbour
0x262548,frontend,neighbour
0x262588,frontend,neighbour
0x2625c8,frontend,neighbour
0x262608,frontend,neighbour
0x262670,frontend,neighbour
0x2626b0,frontend,neighbour
0x2626f0,frontend,neighbour
0x262730,frontend,neighbour
0x262770,frontend,neighbour
0x2627b0,frontend,neighbour
0x2627f0,frontend,neighbour
0x262840,frontend,neighbour
0x262890,frontend,neighbour
0x2628e0,frontend,neighbour
0x262920,frontend,neighbour
0x262960,frontend,neighbour
0x262a68,frontend,graph
0x262ad0,frontend,graph
0x262b78,frontend,graph
0x262bd0,frontend,neighbour
0x262c20,frontend,neighbour
0x262c60,frontend,neighbour
0x262ca0,frontend,neighbour
0x262cd8,frontend,neighbour
0x262d48,frontend,neighbour
0x262d80,frontend,graph
0x262f48,frontend,neighbour
0x262f80,frontend,neighbour
0x262fc0,frontend,neighbour
0x263000,frontend,graph
0x263150,frontend,neighbour
0x2631b0,frontend,neighbour
0x2631f0,frontend,neighbour
0x263230,frontend,neighbour
0x263270,frontend,graph
0x263280,frontend,graph
0x263670,frontend,graph
0x265758,frontend,graph
0x265788,frontend,graph
0x2657a8,frontend,graph
0x265870,frontend,graph
0x2658e8,frontend,graph
0x265970,frontend,graph
0x265a58,frontend,graph
0x265af8,frontend,graph
0x265bb8,frontend,neighbour
0x265bc8,frontend,neighbour
0x265c28,frontend,graph
0x265ca0,frontend,graph
0x265da0,frontend,neighbour
0x265ed8,frontend,neighbour
0x266190,frontend,graph
0x2661e8,frontend,graph
0x266208,race,graph
0x266390,boarder,graph
0x2663e8,frontend,graph
0x2670a0,game,graph
0x2670e0,frontend,loose
0x2670e8,frontend,loose
0x2673f8,frontend,loose
0x267508,frontend,loose
0x267670,frontend,loose
0x267858,frontend,graph
0x267910,frontend,graph
0x2679a0,frontend,graph
0x267b18,frontend,graph
0x267c20,frontend,graph
0x267c48,frontend,graph
0x267c70,frontend,graph
0x267cc0,frontend,graph
0x267f08,frontend,neighbour
0x267f58,frontend,graph
0x268308,frontend,graph
0x2686c0,frontend,graph
0x268808,frontend,graph
0x269338,frontend,neighbour
0x269388,frontend,neighbour
0x269390,frontend,graph
0x269398,frontend,graph
0x2693a0,frontend,graph
0x2693a8,frontend,graph
0x2693b0,frontend,graph
0x2693b8,frontend,graph
0x2693c0,frontend,neighbour
0x2693f0,frontend,neighbour
0x269440,frontend,graph
0x269448,frontend,neighbour
0x269478,frontend,neighbour
0x2694c8,frontend,graph
0x2694d0,frontend,neighbour
0x269508,frontend,neighbour
0x269558,frontend,graph
0x269560,frontend,neighbour
0x269588,frontend,neighbour
0x269620,frontend,neighbour
0x269708,frontend,neighbour
0x269758,frontend,neighbour
0x269798,frontend,neighbour
0x2697e8,frontend,neighbour
0x269818,frontend,neighbour
0x269868,frontend,neighbour
0x269898,frontend,neighbour
0x2698e8,frontend,neighbour
0x269918,frontend,neighbour
0x269968,frontend,neighbour
0x269998,frontend,neighbour
0x2699e8,frontend,neighbour
0x269a20,frontend,neighbour
0x269a70,frontend,graph
0x269ad0,frontend,neighbour
0x269be8,frontend,graph
0x269c70,frontend,neighbour
0x269cc8,frontend,graph
0x26a4b8,frontend,graph
0x26a5d0,camera,graph
0x26ab60,frontend,graph
0x26b2f0,frontend,graph
0x26b3f8,frontend,graph
0x26b4e8,frontend,graph
0x26b760,frontend,graph
0x26b8a8,frontend,graph
0x26b9f0,frontend,graph
0x26bb38,frontend,graph
0x26bcb8,frontend,graph
0x26be38,frontend,graph
0x26c090,frontend,graph
0x26c1a8,frontend,graph
0x26c2c0,frontend,graph
0x26c370,frontend,graph
0x26c430,frontend,loose
0x26cd98,frontend,neighbour
0x26cdc8,frontend,neighbour
0x26cde8,frontend,neighbour
0x26cdf8,frontend,neighbour
0x26ce08,frontend,graph
0x26ce30,frontend,graph
0x26ce58,frontend,graph
0x26ce68,frontend,neighbour
0x26ce78,frontend,graph
0x26ce88,frontend,graph
0x26ce98,frontend,graph
0x26cea8,frontend,graph
0x26cef8,frontend,graph
0x26cf28,frontend,loose
0x26d1c0,frontend,loose
0x26d1c8,frontend,neighbour
0x26d3b8,frontend,graph
0x26d8c8,frontend,graph
0x26dd60,frontend,neighbour
0x26df58,frontend,neighbour
0x26e538,frontend,graph
0x26e5c8,frontend,graph
0x26f2a0,frontend,neighbour
0x26f4c0,frontend,neighbour
0x26f688,frontend,neighbour
0x26f698,frontend,neighbour
0x26f7c0,frontend,neighbour
0x26f830,frontend,neighbour
0x26f970,frontend,graph
0x26f990,save,graph
0x26fa70,frontend,neighbour
0x26faa0,frontend,neighbour
0x26faf8,frontend,neighbour
0x26fb78,frontend,neighbour
0x26fbb0,frontend,neighbour
0x26fc40,frontend,neighbour
0x26fcc8,frontend,neighbour
0x26fd48,frontend,neighbour
0x26fe00,frontend,neighbour
0x26fe50,frontend,graph
0x26feb8,frontend,graph
0x26ff40,frontend,graph
0x26ff88,frontend,graph
0x270008,frontend,neighbour
0x270038,frontend,neighbour
0x2700c0,frontend,neighbour
0x270150,frontend,neighbour
0x2701a8,frontend,neighbour
0x270210,frontend,neighbour
0x270218,frontend,graph
0x270260,frontend,neighbour
0x2702e0,frontend,neighbour
0x2715c8,frontend,graph
0x271848,frontend,graph
0x271868,frontend,neighbour
0x271888,frontend,graph
0x2718f0,frontend,graph
0x2719c0,frontend,graph
0x2720f8,frontend,graph
0x273f18,frontend,graph
0x274000,frontend,graph
0x274108,frontend,graph
0x274208,frontend,graph
0x274278,frontend,graph
0x2742e8,frontend,graph
0x275468,frontend,graph
0x2754d8,frontend,neighbour
0x2755e8,frontend,graph
0x275760,frontend,graph
0x2759c8,frontend,graph
0x2759f0,frontend,graph
0x275a70,frontend,graph
0x275ac8,frontend,graph
0x275b10,frontend,graph
0x275b90,frontend,graph
0x275c10,frontend,graph
0x275c60,frontend,graph
0x275e38,frontend,graph
0x275e88,frontend,graph
0x275ed8,frontend,graph
0x275f28,frontend,graph
0x275f88,frontend,graph
0x275fe8,frontend,graph
0x2760b0,frontend,graph
0x276188,frontend,graph
0x2761c0,world,graph
0x276268,frontend,graph
0x2762e0,frontend,graph
0x276338,frontend,neighbour
0x2763f0,frontend,graph
0x2766b8,frontend,neighbour
0x276708,frontend,neighbour
0x276748,frontend,neighbour
0x276798,frontend,neighbour
0x2767c8,frontend,neighbour
0x276818,frontend,neighbour
0x276848,frontend,neighbour
0x276898,frontend,neighbour
0x2768c8,frontend,neighbour
0x276918,frontend,neighbour
0x276948,frontend,neighbour
0x276998,frontend,neighbour
0x2769d0,frontend,neighbour
0x276a20,frontend,neighbour
0x276a50,frontend,neighbour
0x276aa0,frontend,neighbour
0x276ad0,frontend,neighbour
0x276b20,frontend,neighbour
0x276b58,frontend,neighbour
0x276ba8,frontend,neighbour
0x276be8,frontend,graph
0x276d78,frontend,graph
0x278840,frontend,graph
0x27a240,frontend,graph
0x27a288,frontend,graph
0x27a4a8,frontend,graph
0x27e918,frontend,graph
0x27f600,frontend,graph
0x282d30,frontend,graph
0x284c70,frontend,graph
0x284f60,frontend,graph
0x285230,frontend,graph
0x28c690,frontend,graph
0x28d668,frontend,graph
0x28de90,frontend,graph
0x28e020,frontend,graph
0x28e640,frontend,graph
0x28e690,frontend,graph
0x28e6e0,frontend,graph
0x28e730,frontend,graph
0x28e790,frontend,graph
0x28e7f0,frontend,graph
0x28e8b8,frontend,graph
0x28e990,frontend,graph
0x28e9c8,world,graph
0x28ea70,frontend,graph
0x28eb40,frontend,neighbour
0x28ed30,frontend,neighbour
0x28ed80,frontend,neighbour
0x28edc0,frontend,neighbour
0x28ee10,frontend,neighbour
0x28ee40,frontend,neighbour
0x28ee90,frontend,neighbour
0x28eec0,frontend,neighbour
0x28ef10,frontend,neighbour
0x28ef40,frontend,neighbour
0x28ef90,frontend,neighbour
0x28efc0,frontend,neighbour
0x28f010,frontend,neighbour
0x28f048,frontend,neighbour
0x28f098,frontend,neighbour
0x28f0c8,frontend,neighbour
0x28f118,frontend,neighbour
0x28f148,frontend,neighbour
0x28f198,frontend,neighbour
0x28f1d0,frontend,neighbour
0x28f220,frontend,neighbour
0x28f260,frontend,graph
0x291da8,save,neighbour
0x291e00,save,neighbour
0x2923b8,save,graph
0x292428,save,graph
0x2924d0,save,neighbour
0x292638,save,neighbour
0x2927a8,save,neighbour
0x2927d8,save,neighbour
0x292810,save,neighbour
0x2928c0,save,graph
0x292968,save,graph
0x292d80,save,graph
0x292e70,save,graph
0x2930a8,save,graph
0x293120,frontend,graph
0x293390,frontend,graph
0x296870,frontend,graph
0x297178,frontend,graph
0x297fa0,frontend,graph
0x298368,frontend,graph
0x299338,frontend,graph
0x2994c8,frontend,neighbour
0x2995a8,frontend,neighbour
0x299688,frontend,graph
0x29a7a8,frontend,graph
0x29ad28,frontend,graph
0x29b5d0,frontend,graph
0x29b9f8,frontend,graph
0x29baa0,frontend,graph
0x29c010,frontend,graph
0x29dd00,frontend,graph
0x29dd50,frontend,graph
0x29dda0,frontend,graph
0x29ddf0,frontend,graph
0x29de50,frontend,graph
0x29deb0,frontend,graph
0x29df78,frontend,graph
0x29e050,frontend,graph
0x29e088,world,graph
0x29e130,frontend,graph
0x29e200,frontend,neighbour
0x29e3f0,frontend,neighbour
0x29e440,frontend,neighbour
0x29e480,frontend,neighbour
0x29e4d0,frontend,neighbour
0x29e500,frontend,neighbour
0x29e550,frontend,neighbour
0x29e580,frontend,neighbour
0x29e5d0,frontend,neighbour
0x29e600,frontend,neighbour
0x29e650,frontend,neighbour
0x29e680,frontend,neighbour
0x29e6d0,frontend,neighbour
0x29e708,frontend,neighbour
0x29e758,frontend,neighbour
0x29e788,frontend,neighbour
0x29e7d8,frontend,neighbour
0x29e808,frontend,neighbour
0x29e858,frontend,neighbour
0x29e890,frontend,neighbour
0x29e8e0,frontend,neighbour
0x29e920,frontend,graph
0x29e988,frontend,neighbour
0x29ea90,frontend,neighbour
0x29ebc0,frontend,neighbour
0x29ec70,frontend,neighbour
0x29ed50,frontend,neighbour
0x29ee30,frontend,neighbour
0x29ef50,frontend,graph
0x29f178,frontend,graph
0x29f430,game,graph
0x29f508,game,loose
0x29f5f0,frontend,graph
0x29f720,frontend,graph
0x29fb40,frontend,graph
0x29fb70,frontend,graph
0x2a36e8,frontend,graph
0x2a53d0,frontend,graph
0x2a7fd8,frontend,graph
0x2a8380,frontend,graph
0x2a8520,frontend,graph
0x2a9350,frontend,graph
0x2a9488,frontend,graph
0x2a9720,frontend,graph
0x2a9848,frontend,neighbour
0x2a99a0,frontend,graph
0x2a9c50,frontend,neighbour
0x2aa998,frontend,graph
0x2aac40,frontend,graph
0x2aac90,frontend,graph
0x2aace0,frontend,graph
0x2aad30,frontend,graph
0x2aad90,frontend,graph
0x2aadf0,frontend,graph
0x2aaeb8,frontend,graph
0x2aaf90,frontend,graph
0x2aafc8,world,graph
0x2ab070,frontend,graph
0x2ab380,frontend,neighbour
0x2ab410,frontend,neighbour
0x2ab490,frontend,neighbour
0x2ab510,frontend,neighbour
0x2ab540,frontend,neighbour
0x2ab590,frontend,neighbour
0x2ab5c0,frontend,neighbour
0x2ab610,frontend,neighbour
0x2ab648,frontend,neighbour
0x2ab698,frontend,neighbour
0x2ab6c8,frontend,neighbour
0x2ab718,frontend,neighbour
0x2ab748,frontend,neighbour
0x2ab798,frontend,neighbour
0x2ab7d0,frontend,neighbour
0x2ab820,frontend,neighbour
0x2aba70,frontend,neighbour
0x2abb58,frontend,graph
0x2abc68,frontend,graph
0x2abec0,frontend,graph
0x2abf10,frontend,graph
0x2abf38,frontend,graph
0x2abfb0,frontend,graph
0x2ac018,frontend,graph
0x2ac030,frontend,graph
0x2ac048,frontend,graph
0x2ac0c0,save,graph
0x2ac120,frontend,loose
0x2ac140,frontend,graph
0x2ac160,frontend,graph
0x2ac178,frontend,graph
0x2ac1e8,frontend,neighbour
0x2ac220,frontend,graph
0x2ac348,frontend,graph
0x2ac3b0,frontend,graph
0x2ac4b0,frontend,graph
0x2ac698,frontend,graph
0x2ac708,frontend,graph
0x2aca88,frontend,neighbour
0x2acaa8,frontend,neighbour
0x2acb20,frontend,graph
0x2acb70,frontend,graph
0x2acc40,frontend,neighbour
0x2ace78,frontend,graph
0x2ad200,frontend,graph
0x2ad7e8,frontend,neighbour
0x2ad988,frontend,graph
0x2ada58,frontend,neighbour
0x2adcb8,frontend,neighbour
0x2addb0,frontend,graph
0x2ade40,frontend,graph
0x2adf18,frontend,graph
0x2adf30,frontend,graph
0x2adf88,frontend,graph
0x2ae098,frontend,graph
0x2ae230,frontend,graph
0x2ae3c0,frontend,neighbour
0x2ae760,frontend,neighbour
0x2ae7f0,frontend,neighbour
0x2aff90,frontend,graph
0x2affd0,frontend,graph
0x2b0230,frontend,graph
0x2b0410,frontend,neighbour
0x2b0428,frontend,neighbour
0x2b0b90,frontend,graph
0x2b0f18,frontend,graph
0x2b0f68,frontend,graph
0x2b0fb8,frontend,graph
0x2b1008,frontend,graph
0x2b1070,frontend,graph
0x2b10c8,frontend,graph
0x2b1138,frontend,graph
0x2b1a68,frontend,neighbour
0x2b1b20,frontend,graph
0x2b1da0,frontend,neighbour
0x2b1de8,frontend,neighbour
0x2b1e58,frontend,neighbour
0x2b1ea0,frontend,neighbour
0x2b1ee8,frontend,neighbour
0x2b1fa8,frontend,neighbour
0x2b1ff0,frontend,neighbour
0x2b2d00,frontend,graph
0x2b2ec0,frontend,graph
0x2b32a8,frontend,neighbour
0x2b3300,frontend,neighbour
0x2b35d0,frontend,graph
0x2b3820,frontend,neighbour
0x2b3860,frontend,neighbour
0x2b3950,frontend,graph
0x2b3d10,frontend,graph
0x2b4190,frontend,graph
0x2b4620,frontend,graph
0x2b4858,frontend,neighbour
0x2b48b0,frontend,graph
0x2b4998,frontend,graph
0x2b4ab0,frontend,graph
0x2b4cc0,frontend,neighbour
0x2b4cc8,frontend,neighbour
0x2b5668,frontend,graph
0x2b5958,frontend,graph
0x2b64b8,frontend,neighbour
0x2b68e0,frontend,graph
0x2b6fd0,comm,graph
0x2b70c0,comm,graph
0x2b7118,comm,graph
0x2b7128,comm,neighbour
0x2b7178,comm,neighbour
0x2b7180,comm,graph
0x2b7530,comm,graph
0x2b7550,comm,graph
0x2b7570,comm,graph
0x2b7590,comm,neighbour
0x2b7700,comm,graph
0x2b7718,comm,graph
0x2b7848,comm,graph
0x2b79a0,comm,neighbour
0x2b7b18,comm,graph
0x2b7b78,comm,graph
0x2b7c08,comm,graph
0x2b7c50,comm,graph
0x2b7d30,comm,graph
0x2b7e30,comm,graph
0x2b7e78,comm,graph
0x2b7ef0,comm,graph
0x2b7f08,comm,graph
0x2b7f58,comm,graph
0x2b8020,comm,graph
0x2b8098,comm,graph
0x2b8140,comm,graph
0x2b81c0,comm,neighbour
0x2b8210,comm,graph
0x2b8260,comm,graph
0x2b82a8,comm,neighbour
0x2b8350,comm,graph
0x2b83d0,comm,graph
0x2b8418,comm,graph
0x2b84b0,comm,graph
0x2b8578,comm,graph
0x2b85f8,comm,graph
0x2b8658,comm,graph
0x2b86f8,comm,graph
0x2b8760,comm,graph
0x2b8828,comm,graph
0x2b8850,comm,graph
0x2b8870,comm,graph
0x2b8890,comm,graph
0x2b8948,comm,graph
0x2b8950,comm,graph
0x2b89c0,comm,graph
0x2b89d0,comm,graph
0x2b8a10,comm,graph
0x2b8a18,comm,graph
0x2b8b20,comm,graph
0x2b8c00,comm,graph
0x2b8c48,comm,graph
0x2b8c78,comm,graph
0x2b8cb0,comm,graph
0x2b8d50,comm,graph
0x2b8e10,comm,graph
0x2b8e68,comm,graph
0x2b8f88,comm,graph
0x2b9000,comm,graph
0x2b9028,comm,graph
0x2b90e0,comm,graph
0x2b91a8,comm,graph
0x2b9258,comm,graph
0x2b93b0,comm,graph
0x2b9400,comm,graph
0x2b9458,render,graph
0x2b9520,comm,graph
0x2b9598,comm,graph
0x2b95d0,render,graph
0x2b9688,comm,graph
0x2b96f8,comm,neighbour
0x2b9770,comm,graph
0x2b97e0,comm,graph
0x2b98d0,comm,graph
0x2b9990,comm,graph
0x2b99f8,comm,graph
0x2b9b08,comm,graph
0x2b9df0,comm,neighbour
0x2b9e08,comm,graph
0x2ba240,render,neighbour
0x2ba290,render,graph
0x2ba438,render,neighbour
0x2ba998,render,neighbour
0x2bac78,audio,loose
0x2bad70,audio,loose
0x2bada0,audio,loose
0x2badc0,audio,loose
0x2bae08,audio,loose
0x2baeb8,audio,loose
0x2baed0,audio,loose
0x2baf38,audio,loose
0x2bb018,lib-snd,lib
0x2bb060,lib-snd,lib
0x2bb078,lib-snd,lib
0x2bb090,lib-snd,lib
0x2bb098,lib-snd,lib
0x2bb110,lib-snd,lib
0x2bb180,lib-snd,lib
0x2bb1f0,lib-snd,lib
0x2bb270,lib-snd,lib
0x2bb2b0,lib-snd,lib
0x2bb2d8,lib-snd,lib
0x2bb370,lib-snd,lib
0x2bb430,lib-snd,lib
0x2bb4f0,lib-snd,lib
0x2bb610,lib-snd,lib
0x2bb650,lib-snd,lib
0x2bb6b0,lib-snd,lib
0x2bb700,lib-snd,lib
0x2bb750,lib-snd,lib
0x2bb7a0,lib-snd,lib
0x2bb7d0,lib-snd,lib
0x2bb810,lib-snd,lib
0x2bb8d8,lib-snd,lib
0x2bba50,lib-snd,lib
0x2bba80,lib-snd,lib
0x2bbcf8,lib-snd,lib
0x2bbd68,lib-snd,lib
0x2bbd78,lib-snd,lib
0x2bbdd0,lib-snd,lib
0x2bc048,lib-snd,lib
0x2bc200,lib-snd,lib
0x2bc320,lib-snd,lib
0x2bc490,lib-snd,lib
0x2bc4c0,lib-snd,lib
0x2bc548,lib-snd,lib
0x2bc5e0,lib-snd,lib
0x2bc700,lib-snd,lib
0x2bc738,lib-snd,lib
0x2bc750,lib-snd,lib
0x2bc768,lib-snd,lib
0x2bc788,lib-snd,lib
0x2bc7a0,lib-snd,lib
0x2bc850,lib-snd,lib
0x2bc938,lib-snd,lib
0x2bc9a0,lib-snd,lib
0x2bc9d8,lib-snd,lib
0x2bca80,lib-snd,lib
0x2bcb30,lib-snd,lib
0x2bccd0,lib-snd,lib
0x2bcd08,lib-snd,lib
0x2bcdb0,lib-snd,lib
0x2bcdd8,lib-snd,lib
0x2bcf48,lib-snd,lib
0x2bcf90,lib-snd,lib
0x2bcfd8,lib-snd,lib
0x2bd078,lib-snd,lib
0x2bd198,lib-snd,lib
0x2bd218,lib-snd,lib
0x2bd2e8,lib-snd,lib
0x2bd370,lib-snd,lib
0x2bd430,lib-snd,lib
0x2bd6a8,lib-snd,lib
0x2bd798,lib-snd,lib
0x2bd928,lib-snd,lib
0x2bdad0,lib-snd,lib
0x2bdae0,lib-snd,lib
0x2bdb68,lib-snd,lib
0x2bdc70,lib-snd,lib
0x2bdc98,lib-snd,lib
0x2bddf0,lib-snd,lib
0x2bde40,lib-snd,lib
0x2be140,lib-snd,lib
0x2be208,lib-snd,lib
0x2be218,lib-snd,lib
0x2be2b0,lib-snd,lib
0x2be310,lib-snd,lib
0x2be468,lib-snd,lib
0x2be650,lib-snd,lib
0x2be678,lib-snd,lib
0x2be768,lib-snd,lib
0x2be7d8,lib-snd,lib
0x2be880,lib-snd,lib
0x2be8c8,lib-snd,lib
0x2be908,lib-snd,lib
0x2bea20,lib-snd,lib
0x2bea48,lib-snd,lib
0x2bebb0,lib-snd,lib
0x2bebe8,lib-snd,lib
0x2bec68,audio,range
0x2beca0,audio,range
0x2bed58,audio,range
0x2bedb8,audio,range
0x2bedf0,audio,range
0x2bee88,audio,range
0x2bef08,audio,range
0x2befd8,audio,range
0x2bf038,audio,range
0x2bf108,audio,range
0x2bf290,audio,range
0x2bf320,audio,range
0x2bf490,audio,range
0x2bf508,audio,range
0x2bfa78,audio,range
0x2bfbb8,audio,range
0x2bfe28,audio,range
0x2c00d0,audio,range
0x2c0488,audio,range
0x2c0898,audio,range
0x2c0b08,audio,range
0x2c0cb0,audio,range
0x2c1018,audio,range
0x2c1068,audio,range
0x2c1130,audio,range
0x2c1168,audio,range
0x2c1190,audio,range
0x2c1288,audio,range
0x2c1380,audio,range
0x2c1430,audio,range
0x2c1500,audio,range
0x2c15c8,audio,range
0x2c1890,audio,range
0x2c1a38,audio,range
0x2c1b98,audio,range
0x2c1cc0,audio,range
0x2c1db8,audio,range
0x2c1f10,audio,range
0x2c2040,audio,range
0x2c2088,lib-shape,lib
0x2c2318,lib-shape,lib
0x2c2528,lib-shape,lib
0x2c25f0,lib-shape,lib
0x2c2610,lib-shape,lib
0x2c2660,lib-shape,lib
0x2c266c,lib-shape,lib
0x2c2694,lib-shape,lib
0x2c26d8,lib-shape,lib
0x2c27c8,lib-compress,lib
0x2c2bb8,lib-compress,lib
0x2c2bf8,lib-compress,lib
0x2c2d18,lib-compress,lib
0x2c2de0,lib-compress,lib
0x2c2f90,lib-compress,lib
0x2c2fb0,lib-compress,lib
0x2c3190,lib-compress,lib
0x2c31b0,lib-compress,lib
0x2c34d8,lib-compress,lib
0x2c3540,lib-compress,lib
0x2c3730,lib-compress,lib
0x2c4478,lib-text,lib
0x2c44d8,lib-text,lib
0x2c4508,lib-text,lib
0x2c45e0,lib-text,lib
0x2c48e8,lib-text,lib
0x2c4e90,lib-text,lib
0x2c50b0,lib-text,lib
0x2c5160,lib-text,lib
0x2c52f8,lib-text,lib
0x2c5380,lib-text,lib
0x2c5418,lib-text,lib
0x2c5438,lib-text,lib
0x2c5498,lib-text,lib
0x2c54b8,lib-text,lib
0x2c5510,lib-text,lib
0x2c5558,lib-text,lib
0x2c5578,lib-text,lib
0x2c5660,lib-file,lib
0x2c56c8,lib-file,lib
0x2c5730,lib-file,lib
0x2c5760,lib-file,lib
0x2c57a8,lib-file,lib
0x2c5808,lib-file,lib
0x2c5898,lib-file,lib
0x2c58d0,lib-file,lib
0x2c59c0,lib-file,lib
0x2c5a98,lib-file,lib
0x2c5b98,lib-file,lib
0x2c5c60,lib-file,lib
0x2c5d30,lib-file,lib
0x2c5e20,lib-file,lib
0x2c5ed0,lib-file,lib
0x2c5f98,lib-file,lib
0x2c6070,lib-file,lib
0x2c6108,lib-file,lib
0x2c6160,lib-file,lib
0x2c6278,lib-file,lib
0x2c6358,lib-file,lib
0x2c6390,lib-file,lib
0x2c63d0,lib-file,lib
0x2c6460,lib-file,lib
0x2c64e0,lib-file,lib
0x2c6558,lib-file,lib
0x2c65a0,lib-file,lib
0x2c6610,lib-file,lib
0x2c6668,lib-file,lib
0x2c6890,lib-file,lib
0x2c68d0,lib-file,lib
0x2c6928,lib-file,lib
0x2c6a28,lib-file,lib
0x2c6b88,lib-file,lib
0x2c6e48,lib-file,lib
0x2c6e70,lib-file,lib
0x2c7098,lib-file,lib
0x2c7178,lib-file,lib
0x2c7220,lib-file,lib
0x2c7270,lib-file,lib
0x2c72e0,lib-file,lib
0x2c7340,lib-file,lib
0x2c73a0,lib-file,lib
0x2c73d0,lib-file,lib
0x2c74c8,lib-file,lib
0x2c75d8,lib-file,lib
0x2c7858,lib-file,lib
0x2c7a28,lib-file,lib
0x2c7b30,lib-file,lib
0x2c7c10,lib-file,lib
0x2c7c40,lib-file,lib
0x2c7c70,lib-file,lib
0x2c7cb8,lib-file,lib
0x2c7cf0,lib-file,lib
0x2c7d20,lib-file,lib
0x2c7de8,lib-file,lib
0x2c7e38,lib-file,lib
0x2c7e58,lib-file,lib
0x2c7ec8,lib-file,lib
0x2c7f18,lib-file,lib
0x2c7f60,lib-file,lib
0x2c8018,lib-file,lib
0x2c8068,lib-file,lib
0x2c80b8,lib-file,lib
0x2c8178,lib-file,lib
0x2c81e8,lib-file,lib
0x2c8258,lib-file,lib
0x2c82f0,lib-file,lib
0x2c8348,lib-file,lib
0x2c8398,lib-file,lib
0x2c8430,lib-file,lib
0x2c84a0,lib-file,lib
0x2c8508,lib-file,lib
0x2c8668,lib-file,lib
0x2c86b8,lib-file,lib
0x2c8708,lib-file,lib
0x2c87e8,lib-file,lib
0x2c88d8,lib-file,lib
0x2c8910,lib-file,lib
0x2c8938,lib-file,lib
0x2c8a70,lib-file,lib
0x2c8a90,lib-file,lib
0x2c8bc8,lib-file,lib
0x2c8be8,lib-file,lib
0x2c8cf0,lib-file,lib
0x2c8d98,lib-file,lib
0x2c8e08,lib-file,lib
0x2c8e28,lib-file,lib
0x2c8e48,lib-file,lib
0x2c8ea0,lib-file,lib
0x2c8ef8,lib-file,lib
0x2c8f50,lib-file,lib
0x2c8fc0,lib-file,lib
0x2c9018,lib-file,lib
0x2c9070,lib-file,lib
0x2c90c8,lib-file,lib
0x2c9190,lib-file,lib
0x2c9200,lib-file,lib
0x2c9420,lib-file,lib
0x2c9440,lib-file,lib
0x2c9498,lib-file,lib
0x2c94c0,lib-file,lib
0x2c9580,lib-file,lib
0x2c9710,lib-file,lib
0x2c9930,lib-file,lib
0x2c9970,lib-file,lib
0x2c9cc0,lib-file,lib
0x2c9e20,lib-file,lib
0x2ca0b0,lib-file,lib
0x2ca120,lib-file,lib
0x2ca170,lib-file,lib
0x2ca208,lib-file,lib
0x2ca320,lib-file,lib
0x2ca368,lib-file,lib
0x2ca3b0,lib-file,lib
0x2ca3e0,lib-file,lib
0x2ca410,lib-file,lib
0x2ca460,lib-file,lib
0x2ca5c0,lib-file,lib
0x2ca628,lib-file,lib
0x2ca6f8,lib-file,lib
0x2ca7f8,lib-file,lib
0x2ca8a8,lib-file,lib
0x2ca960,lib-file,lib
0x2caa08,lib-file,lib
0x2caae0,lib-file,lib
0x2caba0,lib-file,lib
0x2cac38,lib-file,lib
0x2caca8,lib-file,lib
0x2cadc0,lib-file,lib
0x2cae70,lib-file,lib
0x2cafa8,lib-file,lib
0x2cafd8,lib-file,lib
0x2cb190,lib-file,lib
0x2cb1f0,lib-file,lib
0x2cb218,lib-file,lib
0x2cb300,lib-file,lib
0x2cb328,lib-file,lib
0x2cb780,lib-file,lib
0x2cb830,lib-file,lib
0x2cb9c8,lib-file,lib
0x2cb9d0,lib-file,lib
0x2cbb18,lib-file,lib
0x2cbb68,lib-file,lib
0x2cbc28,lib-file,lib
0x2cbc88,lib-big,lib
0x2cbd08,lib-big,lib
0x2cbdc0,lib-big,lib
0x2cc010,lib-big,lib
0x2cc030,lib-big,lib
0x2cc060,lib-big,lib
0x2cc0a8,lib-big,lib
0x2cc0d8,lib-big,lib
0x2cc120,lib-big,lib
0x2cc1b0,lib-big,lib
0x2cc268,lib-big,lib
0x2cc2c0,lib-file,lib
0x2cc328,lib-file,lib
0x2cc348,lib-file,lib
0x2cc368,lib-file,lib
0x2cc4b8,lib-file,lib
0x2cc5a8,lib-file,lib
0x2cc600,lib-file,lib
0x2cc680,lib-file,lib
0x2cc730,lib-file,lib
0x2cc7a0,lib-file,lib
0x2cc808,lib-eamem,lib
0x2cc938,lib-eamem,lib
0x2cc958,lib-eamem,lib
0x2cc980,lib-eamem,lib
0x2cc9a0,lib-eamem,lib
0x2cca00,lib-eamem,lib
0x2ccf50,lib-eamem,lib
0x2ccf70,lib-eamem,lib
0x2ccf98,lib-eamem,lib
0x2ccfc0,lib-eamem,lib
0x2cd168,lib-eamem,lib
0x2cd250,lib-eamem,lib
0x2cd278,lib-eamem,lib
0x2cd500,lib-eamem,lib
0x2cd570,lib-eamem,lib
0x2cd798,lib-eamem,lib
0x2cd820,lib-eamem,lib
0x2cd890,lib-eamem,lib
0x2cd8b0,lib-eamem,lib
0x2cd990,lib-eamem,lib
0x2cd9b0,lib-eamem,lib
0x2cd9b8,lib-eamem,lib
0x2cda18,lib-eamem,lib
0x2cdc60,lib-eamem,lib
0x2cdcc8,lib-eamem,lib
0x2cddc0,lib-eamem,lib
0x2cde70,lib-eamem,lib
0x2cdf08,lib-eamem,lib
0x2cdfd8,lib-eamem,lib
0x2ce04c,lib-eamem,lib
0x2ce114,lib-eamem,lib
0x2ce228,lib-eamem,lib
0x2ce2c0,lib-eamem,lib
0x2ce2c8,lib-eamem,lib
0x2ce3c0,lib-eamem,lib
0x2ce3f0,lib-eamem,lib
0x2ce4c0,lib-eamem,lib
0x2ce5e8,lib-eamem,lib
0x2ce6e0,lib-eamem,lib
0x2ce748,lib-eamem,lib
0x2ce798,lib-eamem,lib
0x2ce800,lib-eamem,lib
0x2ce848,lib-eamem,lib
0x2ce890,lib-eamem,lib
0x2ce8e0,lib-eamem,lib
0x2ce950,lib-eamem,lib
0x2ce9b0,lib-eamem,lib
0x2ce9d0,lib-eamem,lib
0x2cea98,lib-eamem,lib
0x2ceae0,lib-eamem,lib
0x2ceb00,lib-eamem,lib
0x2ceb60,lib-eamem,lib
0x2cebb0,lib-eamem,lib
0x2cebb8,lib-eamem,lib
0x2cebe8,lib-eamem,lib
0x2cec98,lib-eamem,lib
0x2ced00,lib-eamem,lib
0x2cee20,lib-eamem,lib
0x2cee88,lib-eamem,lib
0x2ceec0,lib-eamem,lib
0x2cef30,lib-eamem,lib
0x2cf008,lib-eamem,lib
0x2cf068,lib-eamem,lib
0x2cf0f8,lib-eamem,lib
0x2cf1a8,lib-eamem,lib
0x2cf200,lib-eamem,lib
0x2cf250,lib-eamem,lib
0x2cf2a0,lib-eamem,lib
0x2cf2f8,lib-eamem,lib
0x2cf318,lib-eamem,lib
0x2cf358,lib-eamem,lib
0x2cf3c0,lib-eamem,lib
0x2cf3e8,lib-eamem,lib
0x2cf408,lib-eamem,lib
0x2cf428,lib-eamem,lib
0x2cf448,lib-eamem,lib
0x2cf468,lib-eamem,lib
0x2cf4b0,lib-eamem,lib
0x2cf4d0,lib-eamem,lib
0x2cf550,lib-eamem,lib
0x2cf598,lib-eamem,lib
0x2cf608,lib-eamem,lib
0x2cf648,lib-eamem,lib
0x2cf798,lib-eamem,lib
0x2cf7e0,lib-eamem,lib
0x2cf8e8,lib-snd,lib
0x2cf9f0,lib-snd,lib
0x2cfac0,lib-snd,lib
0x2cfad0,lib-snd,lib
0x2cfb18,lib-snd,lib
0x2cfb48,lib-snd,lib
0x2cfb80,lib-snd,lib
0x2cfbb0,lib-snd,lib
0x2cfc00,lib-snd,lib
0x2cfd90,lib-snd,lib
0x2cfe90,lib-snd,lib
0x2cfeb0,lib-snd,lib
0x2d0080,lib-snd,lib
0x2d0260,lib-snd,lib
0x2d0430,lib-snd,lib
0x2d0520,lib-snd,lib
0x2d0548,lib-snd,lib
0x2d05a0,lib-snd,lib
0x2d0698,lib-snd,lib
0x2d0968,lib-snd,lib
0x2d09a0,lib-snd,lib
0x2d0a80,lib-snd,lib
0x2d0aa0,lib-snd,lib
0x2d0ac0,lib-snd,lib
0x2d0af0,lib-snd,lib
0x2d0b60,lib-snd,lib
0x2d0b98,lib-snd,lib
0x2d0dd0,lib-snd,lib
0x2d0e98,lib-snd,lib
0x2d0f98,lib-snd,lib
0x2d1200,lib-snd,lib
0x2d13d8,lib-snd,lib
0x2d1428,lib-snd,lib
0x2d1448,lib-snd,lib
0x2d14d0,lib-snd,lib
0x2d1570,lib-snd,lib
0x2d1680,lib-snd,lib
0x2d1718,lib-snd,lib
0x2d17b0,lib-snd,lib
0x2d1840,lib-snd,lib
0x2d18c8,lib-snd,lib
0x2d1928,lib-snd,lib
0x2d1960,lib-snd,lib
0x2d1a80,lib-snd,lib
0x2d1ab8,lib-snd,lib
0x2d1b70,lib-snd,lib
0x2d1e30,lib-snd,lib
0x2d1e88,lib-snd,lib
0x2d2090,lib-snd,lib
0x2d20c8,lib-snd,lib
0x2d2178,lib-snd,lib
0x2d2270,lib-snd,lib
0x2d24a8,lib-snd,lib
0x2d24e0,lib-snd,lib
0x2d2728,lib-snd,lib
0x2d2888,lib-snd,lib
0x2d28a8,lib-snd,lib
0x2d2948,lib-snd,lib
0x2d2968,lib-snd,lib
0x2d2a88,lib-snd,lib
0x2d2ac0,lib-snd,lib
0x2d2b08,lib-snd,lib
0x2d2c10,lib-snd,lib
0x2d2d50,lib-snd,lib
0x2d2db0,lib-snd,lib
0x2d2dd8,lib-snd,lib
0x2d2e10,lib-snd,lib
0x2d2e50,lib-snd,lib
0x2d2eb8,lib-snd,lib
0x2d2f10,lib-snd,lib
0x2d2f50,lib-snd,lib
0x2d2f90,lib-snd,lib
0x2d3048,lib-snd,lib
0x2d3108,lib-snd,lib
0x2d31b8,lib-snd,lib
0x2d3260,lib-snd,lib
0x2d32b8,lib-snd,lib
0x2d3338,lib-snd,lib
0x2d3358,lib-snd,lib
0x2d3480,lib-snd,lib
0x2d3548,lib-snd,lib
0x2d35f8,lib-snd,lib
0x2d3718,lib-snd,lib
0x2d3780,lib-snd,lib
0x2d37e8,lib-snd,lib
0x2d3838,lib-snd,lib
0x2d3938,lib-snd,lib
0x2d39c8,lib-snd,lib
0x2d3b90,lib-snd,lib
0x2d3c30,lib-snd,lib
0x2d3e18,lib-snd,lib
0x2d3f00,lib-snd,lib
0x2d4108,lib-snd,lib
0x2d4228,lib-snd,lib
0x2d42c8,lib-snd,lib
0x2d4308,lib-snd,lib
0x2d4368,lib-snd,lib
0x2d4440,lib-snd,lib
0x2d45a8,lib-snd,lib
0x2d4660,lib-snd,lib
0x2d4740,lib-snd,lib
0x2d4808,lib-snd,lib
0x2d4888,lib-snd,lib
0x2d4978,lib-snd,lib
0x2d4a08,lib-snd,lib
0x2d4a60,lib-snd,lib
0x2d4ab0,lib-snd,lib
0x2d4ae8,lib-snd,lib
0x2d4f58,lib-snd,lib
0x2d50f0,lib-snd,lib
0x2d5148,lib-snd,lib
0x2d51f8,lib-snd,lib
0x2d5350,lib-snd,lib
0x2d5960,lib-snd,lib
0x2d59d8,lib-snd,lib
0x2d5e18,lib-snd,lib
0x2d60b0,lib-snd,lib
0x2d65f0,lib-snd,lib
0x2d6618,lib-snd,lib
0x2d68a8,lib-snd,lib
0x2d6910,lib-snd,lib
0x2d6928,lib-snd,lib
0x2d6a18,lib-snd,lib
0x2d6ad0,lib-snd,lib
0x2d6b08,lib-snd,lib
0x2d6b88,lib-snd,lib
0x2d6c08,lib-snd,lib
0x2d6cc0,lib-snd,lib
0x2d7198,lib-snd,lib
0x2d7350,lib-snd,lib
0x2d76d0,lib-snd,lib
0x2d7af0,lib-snd,lib
0x2d7f38,lib-snd,lib
0x2d8828,lib-snd,lib
0x2d9220,lib-snd,lib
0x2d9510,lib-snd,lib
0x2d9570,lib-snd,lib
0x2d95f0,lib-snd,lib
0x2d96d0,lib-snd,lib
0x2d97e0,lib-snd,lib
0x2d9930,lib-snd,lib
0x2d9a00,lib-snd,lib
0x2d9a90,lib-snd,lib
0x2d9bf0,lib-snd,lib
0x2d9cc0,lib-snd,lib
0x2d9d80,lib-snd,lib
0x2d9e90,lib-snd,lib
0x2d9fb0,lib-snd,lib
0x2da0d0,lib-snd,lib
0x2da2d0,lib-snd,lib
0x2da510,lib-snd,lib
0x2da694,lib-snd,lib
0x2da710,lib-snd,lib
0x2da770,lib-snd,lib
0x2da7e0,lib-snd,lib
0x2da8d8,lib-snd,lib
0x2da980,lib-snd,lib
0x2daa20,lib-snd,lib
0x2daae0,lib-snd,lib
0x2dab88,lib-snd,lib
0x2dac38,lib-snd,lib
0x2dacb0,lib-snd,lib
0x2dace0,lib-snd,lib
0x2dad58,lib-snd,lib
0x2daee8,lib-snd,lib
0x2db3b8,lib-snd,lib
0x2db690,lib-snd,lib
0x2db6f0,lib-snd,lib
0x2db738,lib-snd,lib
0x2dbab8,lib-snd,lib
0x2dbc10,lib-snd,lib
0x2dc1f0,lib-snd,lib
0x2dc338,lib-snd,lib
0x2dc340,lib-snd,lib
0x2dc4e8,lib-snd,lib
0x2dc6f0,lib-snd,lib
0x2dc8e8,lib-snd,lib
0x2dcc88,lib-snd,lib
0x2dcd40,lib-snd,lib
0x2dcdf0,lib-snd,lib
0x2dced0,lib-snd,lib
0x2dcf80,lib-snd,lib
0x2dcfd8,lib-snd,lib
0x2dd000,lib-snd,lib
0x2dd060,lib-snd,lib
0x2dd0d0,lib-snd,lib
0x2dd188,lib-snd,lib
0x2dd278,lib-snd,lib
0x2dd388,lib-snd,lib
0x2dd3f0,lib-snd,lib
0x2dd408,lib-snd,lib
0x2dd560,lib-snd,lib
0x2dd990,lib-snd,lib
0x2dd9c8,lib-snd,lib
0x2dddc8,lib-snd,lib
0x2ddde8,lib-snd,lib
0x2dde08,lib-snd,lib
0x2ddeb8,lib-snd,lib
0x2de088,lib-snd,lib
0x2de108,lib-snd,lib
0x2de258,lib-snd,lib
0x2de368,lib-snd,lib
0x2de3b8,lib-snd,lib
0x2de418,lib-snd,lib
0x2de4c8,lib-snd,lib
0x2de548,lib-snd,lib
0x2de5c8,lib-snd,lib
0x2de640,lib-snd,lib
0x2de848,lib-snd,lib
0x2de920,lib-snd,lib
0x2de998,lib-snd,lib
0x2deb38,lib-snd,lib
0x2debf8,lib-snd,lib
0x2decac,lib-snd,lib
0x2dedc0,lib-snd,lib
0x2dede8,lib-snd,lib
0x2dee88,lib-snd,lib
0x2def00,lib-snd,lib
0x2defe8,lib-snd,lib
0x2df100,lib-snd,lib
0x2df158,lib-snd,lib
0x2df198,lib-snd,lib
0x2df1d8,lib-snd,lib
0x2df238,lib-snd,lib
0x2df248,lib-snd,lib
0x2df278,lib-snd,lib
0x2df3b0,lib-snd,lib
0x2df6f8,lib-snd,lib
0x2df840,lib-snd,lib
0x2df878,lib-snd,lib
0x2df8c0,lib-snd,lib
0x2df8c8,lib-snd,lib
0x2df978,lib-snd,lib
0x2df9b8,lib-snd,lib
0x2dfc08,lib-snd,lib
0x2dfc70,lib-snd,lib
0x2dfcf0,lib-snd,lib
0x2dfda0,lib-snd,lib
0x2dfe78,lib-snd,lib
0x2dfef0,lib-snd,lib
0x2dff90,lib-snd,lib
0x2dffe8,lib-snd,lib
0x2e00d8,lib-snd,lib
0x2e00e0,lib-snd,lib
0x2e0100,lib-snd,lib
0x2e0348,lib-snd,lib
0x2e0538,lib-snd,lib
0x2e0610,lib-snd,lib
0x2e0630,lib-snd,lib
0x2e0640,lib-snd,lib
0x2e0828,lib-snd,lib
0x2e08a8,lib-snd,lib
0x2e08e0,lib-snd,lib
0x2e0980,lib-snd,lib
0x2e09e8,lib-snd,lib
0x2e0c10,lib-snd,lib
0x2e0c40,lib-snd,lib
0x2e0c90,lib-snd,lib
0x2e0ff0,lib-snd,lib
0x2e1000,lib-snd,lib
0x2e1030,lib-snd,lib
0x2e1078,lib-snd,lib
0x2e1130,lib-snd,lib
0x2e1138,lib-snd,lib
0x2e11e8,lib-snd,lib
0x2e12a0,lib-snd,lib
0x2e1360,lib-snd,lib
0x2e13f8,lib-snd,lib
0x2e1480,lib-snd,lib
0x2e14e0,lib-snd,lib
0x2e1530,lib-snd,lib
0x2e1578,lib-snd,lib
0x2e15c0,lib-snd,lib
0x2e1600,lib-snd,lib
0x2e1760,lib-snd,lib
0x2e17d0,lib-snd,lib
0x2e1968,lib-snd,lib
0x2e19e8,lib-snd,lib
0x2e1af0,lib-snd,lib
0x2e1be8,lib-snd,lib
0x2e1d08,lib-snd,lib
0x2e1d80,lib-snd,lib
0x2e1ff0,lib-snd,lib
0x2e2280,lib-snd,lib
0x2e2510,lib-snd,lib
0x2e27c0,lib-snd,lib
0x2e2848,lib-snd,lib
0x2e28c8,lib-snd,lib
0x2e2b98,lib-snd,lib
0x2e2c00,lib-snd,lib
0x2e2c50,lib-snd,lib
0x2e2e98,lib-snd,lib
0x2e2f10,lib-snd,lib
0x2e3010,lib-snd,lib
0x2e3070,lib-snd,lib
0x2e31e8,lib-snd,lib
0x2e3620,lib-snd,lib
0x2e39d0,lib-snd,lib
0x2e3a48,lib-snd,lib
0x2e3a5c,lib-snd,lib
0x2e3b2c,lib-snd,lib
0x2e3c00,lib-snd,lib
0x2e3c90,lib-snd,lib
0x2e3cc0,lib-snd,lib
0x2e3ce8,lib-snd,lib
0x2e3e08,lib-snd,lib
0x2e3e40,lib-snd,lib
0x2e3f10,lib-snd,lib
0x2e3fe0,lib-snd,lib
0x2e4238,lib-snd,lib
0x2e4260,lib-snd,lib
0x2e4280,lib-snd,lib
0x2e4300,lib-snd,lib
0x2e4480,lib-snd,lib
0x2e4500,lib-snd,lib
0x2e45a0,lib-snd,lib
0x2e46c8,lib-snd,lib
0x2e46e8,lib-snd,lib
0x2e4a78,lib-snd,lib
0x2e4bd8,lib-snd,lib
0x2e4c08,sdk,lib
0x2e4ca0,sdk,lib
0x2e4ec0,sdk,lib
0x2e4f18,sdk,lib
0x2e4f98,sdk,lib
0x2e5218,sdk,lib
0x2e5250,sdk,lib
0x2e52d0,sdk,lib
0x2e52d8,sdk,lib
0x2e52e0,sdk,lib
0x2e52e8,sdk,lib
0x2e5490,sdk,lib
0x2e5528,sdk,lib
0x2e55b0,sdk,lib
0x2e56e0,sdk,lib
0x2e57f0,sdk,lib
0x2e5800,sdk,lib
0x2e5838,sdk,lib
0x2e5860,sdk,lib
0x2e5950,sdk,lib
0x2e5b88,sdk,lib
0x2e5c60,sdk,lib
0x2e5d48,sdk,lib
0x2e5e30,sdk,lib
0x2e5ef8,sdk,lib
0x2e5fe8,sdk,lib
0x2e60d8,sdk,lib
0x2e61a0,sdk,lib
0x2e62b0,sdk,lib
0x2e62c8,sdk,lib
0x2e62e0,sdk,lib
0x2e6340,sdk,lib
0x2e6410,sdk,lib
0x2e6450,sdk,lib
0x2e6460,sdk,lib
0x2e6470,sdk,lib
0x2e6550,sdk,lib
0x2e66c0,sdk,lib
0x2e66f0,sdk,lib
0x2e6730,sdk,lib
0x2e6778,sdk,lib
0x2e6790,sdk,lib
0x2e67f0,sdk,lib
0x2e68c0,sdk,lib
0x2e6908,sdk,lib
0x2e6918,sdk,lib
0x2e6940,sdk,lib
0x2e6ad0,sdk,lib
0x2e6c18,sdk,lib
0x2e6c40,sdk,lib
0x2e6ca8,sdk,lib
0x2e6d18,sdk,lib
0x2e6d68,sdk,lib
0x2e6f48,sdk,lib
0x2e7078,sdk,lib
0x2e71b8,sdk,lib
0x2e7258,sdk,lib
0x2e72d8,sdk,lib
0x2e74c0,sdk,lib
0x2e7578,sdk,lib
0x2e7628,sdk,lib
0x2e76a8,sdk,lib
0x2e7758,sdk,lib
0x2e77c0,sdk,lib
0x2e7848,sdk,lib
0x2e7a88,sdk,lib
0x2e7bc0,sdk,lib
0x2e7c78,sdk,lib
0x2e7d30,sdk,lib
0x2e7e08,sdk,lib
0x2e7ec0,sdk,lib
0x2e7f70,sdk,lib
0x2e7fd0,sdk,lib
0x2e8080,sdk,lib
0x2e8150,sdk,lib
0x2e81b8,sdk,lib
0x2e8220,sdk,lib
0x2e8288,sdk,lib
0x2e82f0,sdk,lib
0x2e8318,sdk,lib
0x2e8380,sdk,lib
0x2e83d8,sdk,lib
0x2e8478,sdk,lib
0x2e8538,sdk,lib
0x2e86b0,sdk,lib
0x2e8748,sdk,lib
0x2e87c8,sdk,lib
0x2e8838,sdk,lib
0x2e8878,sdk,lib
0x2e8a00,sdk,lib
0x2e8d00,sdk,lib
0x2e8e70,sdk,lib
0x2e8f08,sdk,lib
0x2e8fa8,sdk,lib
0x2e9018,sdk,lib
0x2e9188,sdk,lib
0x2e9468,sdk,lib
0x2e9660,sdk,lib
0x2e9728,sdk,lib
0x2e9908,sdk,lib
0x2e9b98,sdk,lib
0x2e9c48,sdk,lib
0x2e9ce0,sdk,lib
0x2e9d78,sdk,lib
0x2e9e70,sdk,lib
0x2e9f10,sdk,lib
0x2ea150,sdk,lib
0x2ea158,sdk,lib
0x2ea190,sdk,lib
0x2ea1d8,sdk,lib
0x2ea220,sdk,lib
0x2ea2a8,sdk,lib
0x2ea2c8,sdk,lib
0x2ea308,sdk,lib
0x2ea370,sdk,lib
0x2ea398,sdk,lib
0x2ea3e8,sdk,lib
0x2ea4b8,sdk,lib
0x2ea4d0,sdk,lib
0x2ea4e0,sdk,lib
0x2ea4f0,sdk,lib
0x2ea570,sdk,lib
0x2ea6f8,sdk,lib
0x2ea820,sdk,lib
0x2ea860,sdk,lib
0x2ea9d0,sdk,lib
0x2eaa40,sdk,lib
0x2eaa50,sdk,lib
0x2eaad8,sdk,lib
0x2eab28,sdk,lib
0x2eabf0,sdk,lib
0x2eac00,sdk,lib
0x2eac30,sdk,lib
0x2eac88,sdk,lib
0x2ead60,sdk,lib
0x2ead80,sdk,lib
0x2eb220,sdk,lib
0x2eb308,sdk,lib
0x2eb3c8,sdk,lib
0x2eb530,sdk,lib
0x2eb630,sdk,lib
0x2eb968,sdk,lib
0x2ec018,sdk,lib
0x2ec438,sdk,lib
0x2ed398,sdk,lib
0x2ed3c0,sdk,lib
0x2ed5a8,sdk,lib
0x2ed5c8,sdk,lib
0x2ed750,sdk,lib
0x2ed860,sdk,lib
0x2ed988,sdk,lib
0x2edab0,sdk,lib
0x2edcb0,sdk,lib
0x2edd80,sdk,lib
0x2ee2a8,sdk,lib
0x2ee330,sdk,lib
0x2ee4b0,sdk,lib
0x2ee5f0,sdk,lib
0x2ee620,sdk,lib
0x2ee6c8,sdk,lib
0x2ee778,sdk,lib
0x2ee930,sdk,lib
0x2eea68,sdk,lib
0x2eeb80,sdk,lib
0x2eece8,sdk,lib
0x2eed50,sdk,lib
0x2eedc0,sdk,lib
0x2eeee8,sdk,lib
0x2eefb8,sdk,lib
0x2ef068,sdk,lib
0x2ef298,sdk,lib
0x2ef2d0,sdk,lib
0x2ef3b0,sdk,lib
0x2ef548,sdk,lib
0x2ef638,sdk,lib
0x2ef6e8,sdk,lib
0x2ef7c8,sdk,lib
0x2ef880,sdk,lib
0x2efc60,sdk,lib
0x2efd00,sdk,lib
0x2eff28,sdk,lib
0x2f00c0,sdk,lib
0x2f01d8,sdk,lib
0x2f0398,sdk,lib
0x2f05c8,sdk,lib
0x2f0860,sdk,lib
0x2f0ab8,sdk,lib
0x2f0b20,sdk,lib
0x2f0c70,sdk,lib
0x2f0dc0,sdk,lib
0x2f0e28,sdk,lib
0x2f0e90,sdk,lib
0x2f10c8,sdk,lib
0x2f1280,sdk,lib
0x2f12b0,sdk,lib
0x2f1368,sdk,lib
0x2f1428,sdk,lib
0x2f1560,sdk,lib
0x2f1598,sdk,lib
0x2f1650,sdk,lib
0x2f17b8,sdk,lib
0x2f18d8,sdk,lib
0x2f1a58,sdk,lib
0x2f1a80,sdk,lib
0x2f1ac8,sdk,lib
0x2f1c00,sdk,lib
0x2f1d88,sdk,lib
0x2f1ee0,sdk,lib
0x2f1f68,sdk,lib
0x2f20b8,sdk,lib
0x2f2180,sdk,lib
0x2f22a8,sdk,lib
0x2f2360,sdk,lib
0x2f2538,sdk,lib
0x2f26a0,sdk,lib
0x2f2768,sdk,lib
0x2f2880,libc,lib
0x2f2908,libc,lib
0x2f2a48,libc,lib
0x2f2b90,libc,lib
0x2f2de0,libc,lib
0x2f3108,libc,lib
0x2f34e8,libc,lib
0x2f3e38,libc,lib
0x2f40d0,libc,lib
0x2f40f8,libc,lib
0x2f4118,libc,lib
0x2f4200,libc,lib
0x2f4228,libc,lib
0x2f4388,libc,lib
0x2f43b8,libc,lib
0x2f4410,libc,lib
0x2f44c0,libc,lib
0x2f44e0,libc,lib
0x2f44f0,libc,lib
0x2f4518,libc,lib
0x2f4550,libc,lib
0x2f45a8,libc,lib
0x2f45d0,libc,lib
0x2f45f8,libc,lib
0x2f4620,libc,lib
0x2f4688,libc,lib
0x2f46b0,libc,lib
0x2f4998,libc,lib
0x2f4a70,libc,lib
0x2f4bb8,libc,lib
0x2f4c40,libc,lib
0x2f4cc0,libc,lib
0x2f4d50,libc,lib
0x2f4d58,libc,lib
0x2f5088,libc,lib
0x2f5268,libc,lib
0x2f5450,libc,lib
0x2f5480,libc,lib
0x2f54e8,libc,lib
0x2f5ab8,libc,lib
0x2f5be8,libc,lib
0x2f5c88,libc,lib
0x2f5ec8,libc,lib
0x2f5f20,libc,lib
0x2f5f88,libc,lib
0x2f6230,runtime,lib
0x2f6398,runtime,lib
0x2f64b0,runtime,lib
0x2f6500,runtime,lib
0x2f65b8,runtime,lib
0x2f6650,runtime,lib
0x2f66f0,runtime,lib
0x2f6728,runtime,lib
0x2f6758,runtime,lib
0x2f67b0,runtime,lib
0x2f67c8,runtime,lib
0x2f67f8,runtime,lib
0x2f6838,runtime,lib
0x2f6858,runtime,lib
0x2f6890,runtime,lib
0x2f68b8,runtime,lib
0x2f68d8,runtime,lib
0x2f6948,runtime,lib
0x2f69d8,runtime,lib
0x2f6aa0,runtime,lib
0x2f6ad0,runtime,lib
0x2f6dc0,runtime,lib
0x2f6de8,runtime,lib
0x2f6e80,runtime,lib
0x2f6f08,runtime,lib
0x2f7018,runtime,lib
0x2f70a8,runtime,lib
0x2f72e0,runtime,lib
0x2f7338,runtime,lib
0x2f73a0,runtime,lib
0x2f7598,runtime,lib
0x2f76f8,runtime,lib
0x2f7810,runtime,lib
0x2f7860,runtime,lib
0x2f7918,runtime,lib
0x2f79a8,runtime,lib
0x2f7a40,runtime,lib
0x2f7a78,runtime,lib
0x2f7aa8,runtime,lib
0x2f7ae8,runtime,lib
0x2f7b30,runtime,lib
0x2f7b80,runtime,lib
0x2f7c80,runtime,lib
0x2f7ee8,runtime,lib
0x2f7f30,runtime,lib
0x2f7fb8,runtime,lib
0x2f80f8,runtime,lib
0x2f81e0,runtime,lib
0x2f82e8,runtime,lib
0x2f8680,runtime,lib
0x2f86a8,runtime,lib
0x2f86d8,runtime,lib
0x2f8700,runtime,lib
0x2f8730,runtime,lib
0x2f87a8,runtime,lib
0x2f87c8,runtime,lib
0x2f89a0,runtime,lib
0x2f8b38,runtime,lib
0x2f8b98,runtime,lib
0x2f8bc8,runtime,lib
0x2f8cf0,runtime,lib
0x2f8d68,runtime,lib
0x2f8d98,runtime,lib
0x2f9288,runtime,lib
0x2f9320,runtime,lib
0x2f93b8,runtime,lib
0x2f9438,runtime,lib
0x2f9460,runtime,lib
0x2f9928,runtime,lib
0x2f9a40,runtime,lib
0x2f9af0,runtime,lib
0x2fa1b8,runtime,lib
0x2fa1d8,runtime,lib
0x2fa210,runtime,lib
0x2fa230,runtime,lib
0x2fa258,runtime,lib
0x2fa330,runtime,lib
0x2fa350,runtime,lib
0x2fa3a0,runtime,lib
0x2fa3e0,runtime,lib
0x2fa400,runtime,lib
0x2fa450,runtime,lib
0x2fa4e0,runtime,lib
0x2fa4f0,runtime,lib
0x2fa548,runtime,lib
0x2fa5b8,runtime,lib
0x2fa698,runtime,lib
0x2fa6a8,runtime,lib
0x2fa6b8,runtime,lib
0x2fa748,runtime,lib
0x2fa780,runtime,lib
0x2fa818,libc,lib
0x2fa840,libc,lib
0x2fa850,libc,lib
0x2faaa8,libc,lib
0x2fb220,libc,lib
0x2fb2b4,libc,lib
0x2fb364,libc,lib
0x2fb468,libc,lib
0x2fb528,libc,lib
0x2fb530,libc,lib
0x2fb538,libc,lib
0x2fb578,libc,lib
0x2fb5c8,libc,lib
0x2fbff0,libc,lib
0x2fc020,libc,lib
0x2fc590,libc,lib
0x2fc5f0,libc,lib
0x2fc660,libc,lib
0x2fc6f0,libc,lib
0x2fc7e0,libc,lib
0x2fc898,libc,lib
0x2fc8f0,libc,lib
0x2fc940,libc,lib
0x2fc9a0,libc,lib
0x2fc9c0,libc,lib
0x2fca28,libc,lib
0x2fcaa0,libc,lib
0x2fcb28,libc,lib
0x2fcb90,libc,lib
0x2fcc10,libc,lib
0x2fcc78,libc,lib
0x2fcc98,libc,lib
0x2fcd4c,libc,lib
0x2fce78,libc,lib
0x2fd008,libc,lib
0x2fd14c,libc,lib
0x2fd260,libc,lib
0x2fd398,libc,lib
0x2fd478,libc,lib
0x2fd630,libc,lib
0x2fd7f0,libc,lib
0x2fd860,libc,lib
0x2fe760,libc,lib
0x2fe790,libc,lib
0x2fe7b8,libc,lib
0x2fe9f0,libc,lib
0x2fea28,libc,lib
0x2fea70,libc,lib
0x2feb28,libc,lib
0x2feba0,libc,lib
0x2ff770,libc,lib
0x2ff7b8,libc,lib
0x2ff870,libc,lib
0x2ff8e8,libc,lib
0x300e00,libc,lib
0x300fb0,libc,lib
0x301090,libc,lib
0x301b98,libc,lib
0x301ca0,libc,lib
0x301cf8,libc,lib
0x301d58,libc,lib
0x301e68,libc,lib
0x301ec0,libc,lib
0x3020d8,libc,lib
0x3032a8,libc,lib
0x303458,libc,lib
0x303658,libc,lib
0x3037f8,libc,lib
0x303950,libc,lib
0x303ce0,libc,lib
0x303de8,libc,lib
0x303f08,libc,lib
0x304228,libc,lib
0x304398,libc,lib
0x304770,libc,lib
0x3047f8,libc,lib
0x304838,libc,lib
0x304860,libc,lib
0x3048c0,libc,lib
0x304a10,libc,lib
0x304a4c,libc,lib
0x304b30,libc,lib
0x304bd8,libc,lib
0x304c08,libc,lib
0x304d20,libc,lib
0x304e68,libc,lib
0x304ef0,libc,lib
0x304fb0,libc,lib
0x304fe8,libc,lib
0x305218,libc,lib
0x305318,libc,lib
0x305490,libc,lib
0x3054f8,libc,lib
0x305688,libc,lib
0x305720,libc,lib
0x3058a0,libc,lib
0x305a20,libc,lib
0x305ae0,libc,lib
0x305b50,libc,lib
0x305bb0,libc,lib
0x305bd0,libc,lib
0x305d48,libc,lib
0x305d90,libc,lib
0x305dc8,libc,lib
0x305fe8,libc,lib
0x306020,libc,lib
0x306110,libc,lib
0x306298,libc,lib
0x306358,libc,lib
0x3063e0,kernel,lib
0x306400,kernel,lib
0x3064c0,kernel,lib
0x3064d0,kernel,lib
0x3064e0,kernel,lib
0x3064f0,kernel,lib
0x306500,kernel,lib
0x306510,kernel,lib
0x306520,kernel,lib
0x306530,kernel,lib
0x306540,kernel,lib
0x306550,kernel,lib
0x306560,kernel,lib
0x306580,kernel,lib
0x306590,kernel,lib
0x3065a0,kernel,lib
0x3065b0,kernel,lib
0x3065e0,kernel,lib
0x3065f0,kernel,lib
0x306600,kernel,lib
0x306620,kernel,lib
0x306630,kernel,lib
0x306670,kernel,lib
0x306690,kernel,lib
0x3066d0,kernel,lib
0x3066e0,kernel,lib
0x306700,kernel,lib
0x306710,kernel,lib
0x306720,kernel,lib
0x306750,kernel,lib
0x306760,kernel,lib
0x3067c0,kernel,lib
0x3067e0,kernel,lib
0x3067f0,kernel,lib
0x306800,kernel,lib
0x306810,kernel,lib
0x306820,kernel,lib
0x306830,kernel,lib
0x306a60,kernel,lib
0x306a90,kernel,lib
0x306ab0,kernel,lib
0x306b20,kernel,lib
0x306b50,kernel,lib
0x306b80,kernel,lib
0x306b90,kernel,lib
0x306ba0,kernel,lib
0x306bb0,kernel,lib
0x306bc0,kernel,lib
0x306bd0,kernel,lib
0x306be0,kernel,lib
0x306bf0,kernel,lib
0x306c10,kernel,lib
0x306c50,kernel,lib
0x306ca0,kernel,lib
0x306d00,kernel,lib
0x306d80,kernel,lib
0x306df8,kernel,lib
0x306e20,kernel,lib
0x306e30,kernel,lib
0x306e38,kernel,lib
0x306ee8,kernel,lib
0x306ef0,kernel,lib
0x306f08,kernel,lib
0x306f10,kernel,lib
0x306f38,kernel,lib
0x306f60,kernel,lib
0x306f88,kernel,lib
0x307030,kernel,lib
0x3070c8,kernel,lib
0x307170,kernel,lib
0x307208,kernel,lib
0x307270,kernel,lib
0x3072d8,kernel,lib
0x307340,kernel,lib
0x3073a8,kernel,lib
0x3073c8,kernel,lib
0x3073e8,kernel,lib
0x307408,kernel,lib
0x307428,kernel,lib
0x307438,kernel,lib
0x307480,kernel,lib
0x307490,kernel,lib
0x307568,kernel,lib
0x307640,kernel,lib
0x307718,kernel,lib
0x3077b0,kernel,lib
0x307830,sdk,lib
0x3078c8,sdk,lib
0x307910,sdk,lib
0x307938,sdk,lib
0x307968,sdk,lib
0x307990,sdk,lib
0x3079c8,sdk,lib
0x307a30,sdk,lib
0x307a58,sdk,lib
0x307a80,sdk,lib
0x307aa8,sdk,lib
0x307ad0,sdk,lib
0x307b10,sdk,lib
0x307b50,sdk,lib
0x307ce8,sdk,lib
0x307e38,sdk,lib
0x307f08,sdk,lib
0x307fc8,sdk,lib
0x308000,sdk,lib
0x3080b0,sdk,lib
0x3080e8,sdk,lib
0x308178,sdk,lib
0x3082e0,sdk,lib
0x3088a8,sdk,lib
0x3088e0,sdk,lib
0x308970,sdk,lib
0x3089b8,sdk,lib
0x308c38,sdk,lib
0x308c70,sdk,lib
0x308ca0,sdk,lib
0x308cd0,sdk,lib
0x308cf8,sdk,lib
0x308e30,sdk,lib
0x308e70,sdk,lib
0x308eb0,sdk,lib
0x308fd8,sdk,lib
0x309088,sdk,lib
0x309228,sdk,lib
0x309250,sdk,lib
0x3092f8,sdk,lib
0x309318,sdk,lib
0x309348,sdk,lib
0x309388,sdk,lib
0x309440,sdk,lib
0x3094a0,sdk,lib
0x3095f8,sdk,lib
0x309648,sdk,lib
0x3096f8,sdk,lib
0x3098c8,sdk,lib
0x309ab8,sdk,lib
0x309af8,sdk,lib
0x309c60,sdk,lib
0x309cf8,sdk,lib
0x309d88,sdk,lib
0x309de0,sdk,lib
0x309fa8,sdk,lib
0x309fe8,sdk,lib
0x30a048,sdk,lib
0x30a0d0,sdk,lib
0x30a140,sdk,lib
0x30a4f8,sdk,lib
0x30a548,sdk,lib
0x30a578,sdk,lib
0x30a588,sdk,lib
0x30a728,sdk,lib
0x30a7b8,sdk,lib
0x30a7f0,sdk,lib
0x30aa78,sdk,lib
0x30abf8,sdk,lib
0x30ae30,sdk,lib
0x30b0a0,sdk,lib
0x30b360,sdk,lib
0x30b6b0,sdk,lib
0x30b888,sdk,lib
0x30ba30,sdk,lib
0x30ba50,sdk,lib
0x30bc00,sdk,lib
0x30bc20,sdk,lib
0x30be90,sdk,lib
0x30bfb0,sdk,lib
0x30bfd0,sdk,lib
0x30c070,sdk,lib
0x30c1d8,sdk,lib
0x30c330,sdk,lib
0x30c4d0,sdk,lib
0x30c710,sdk,lib
0x30c900,sdk,lib
0x30c920,sdk,lib
0x30cab8,sdk,lib
0x30cd28,sdk,lib
0x30cd48,sdk,lib
0x30cf80,sdk,lib
0x30d1b0,sdk,lib
0x30d390,sdk,lib
0x30d558,sdk,lib
0x30d5e0,sdk,lib
0x30d650,sdk,lib
0x30d6c8,sdk,lib
0x30d7b8,sdk,lib
0x30d8b8,sdk,lib
0x30d948,sdk,lib
0x30d980,sdk,lib
0x30db88,sdk,lib
0x30dba8,sdk,lib
0x30dbc8,sdk,lib
0x30ddf0,sdk,lib
0x30de10,sdk,lib
0x30de30,sdk,lib
0x30df38,sdk,lib
0x30df80,sdk,lib
0x30e070,sdk,lib
0x30e150,sdk,lib
0x30e280,sdk,lib
0x30e2a8,sdk,lib
0x30e2f0,sdk,lib
0x30e400,sdk,lib
0x30e448,sdk,lib
0x30e460,sdk,lib
0x30e470,sdk,lib
0x30e4b0,sdk,lib
0x30e4d8,sdk,lib
0x30ebc8,sdk,lib
0x30ec28,sdk,lib
0x30ed18,sdk,lib
0x30edb0,sdk,lib
0x30f418,sdk,lib
